"New_species","ID","Year","Area","Perimeter","Entrance_distance","Volume","Entrances_number","Bat_number","Area_scaled","Perimeter_scaled","Entrance_distance_scaled","Volume_scaled","ED_shifted_min"
"Enil","1-180",2013,299.448,221.422,20.058,821.5596,4,2,4.40491567374012,4.79914201260968,1.87186391742109,3.52040380023221,14.572
"Enil","1-180",2014,299.448,221.422,20.058,821.5596,4,2,4.40491567374012,4.79914201260968,1.87186391742109,3.52040380023221,14.572
"Enil","1-180",2015,299.448,221.422,20.058,821.5596,4,3,4.40491567374012,4.79914201260968,1.87186391742109,3.52040380023221,14.572
"Enil","1-180",2016,299.448,221.422,20.058,821.5596,4,4,4.40491567374012,4.79914201260968,1.87186391742109,3.52040380023221,14.572
"Enil","1-180",2017,299.448,221.422,20.058,821.5596,4,1,4.40491567374012,4.79914201260968,1.87186391742109,3.52040380023221,14.572
"Enil","1-180",2018,299.448,221.422,20.058,821.5596,4,1,4.40491567374012,4.79914201260968,1.87186391742109,3.52040380023221,14.572
"Enil","1-180",2019,299.448,221.422,20.058,821.5596,4,3,4.40491567374012,4.79914201260968,1.87186391742109,3.52040380023221,14.572
"Enil","1-180",2020,299.448,221.422,20.058,821.5596,4,2,4.40491567374012,4.79914201260968,1.87186391742109,3.52040380023221,14.572
"Enil","1-180",2021,299.448,221.422,20.058,821.5596,4,2,4.40491567374012,4.79914201260968,1.87186391742109,3.52040380023221,14.572
"Enil","1-180",2022,299.448,221.422,20.058,821.5596,4,5,4.40491567374012,4.79914201260968,1.87186391742109,3.52040380023221,14.572
"Enil","1-180",2023,299.448,221.422,20.058,821.5596,4,1,4.40491567374012,4.79914201260968,1.87186391742109,3.52040380023221,14.572
"Enil","1-180",2024,299.448,221.422,20.058,821.5596,4,4,4.40491567374012,4.79914201260968,1.87186391742109,3.52040380023221,14.572
"Enil","1-180",2025,299.448,221.422,20.058,821.5596,4,4,4.40491567374012,4.79914201260968,1.87186391742109,3.52040380023221,14.572
"Enil","10",2013,43.527,65.822,8.097,82.7013,3,0,-0.25036194683884,0.10047619217942,-0.93525340085525,-0.290304691634798,2.611
"Enil","10",2014,43.527,65.822,8.097,82.7013,3,0,-0.25036194683884,0.10047619217942,-0.93525340085525,-0.290304691634798,2.611
"Enil","10",2015,43.527,65.822,8.097,82.7013,3,0,-0.25036194683884,0.10047619217942,-0.93525340085525,-0.290304691634798,2.611
"Enil","10",2016,43.527,65.822,8.097,82.7013,3,1,-0.25036194683884,0.10047619217942,-0.93525340085525,-0.290304691634798,2.611
"Enil","10",2017,43.527,65.822,8.097,82.7013,3,0,-0.25036194683884,0.10047619217942,-0.93525340085525,-0.290304691634798,2.611
"Enil","10",2018,43.527,65.822,8.097,82.7013,3,1,-0.25036194683884,0.10047619217942,-0.93525340085525,-0.290304691634798,2.611
"Enil","10",2019,43.527,65.822,8.097,82.7013,3,0,-0.25036194683884,0.10047619217942,-0.93525340085525,-0.290304691634798,2.611
"Enil","10",2020,43.527,65.822,8.097,82.7013,3,0,-0.25036194683884,0.10047619217942,-0.93525340085525,-0.290304691634798,2.611
"Enil","10",2021,43.527,65.822,8.097,82.7013,3,0,-0.25036194683884,0.10047619217942,-0.93525340085525,-0.290304691634798,2.611
"Enil","10",2022,43.527,65.822,8.097,82.7013,3,0,-0.25036194683884,0.10047619217942,-0.93525340085525,-0.290304691634798,2.611
"Enil","10",2023,43.527,65.822,8.097,82.7013,3,NA,-0.25036194683884,0.10047619217942,-0.93525340085525,-0.290304691634798,2.611
"Enil","10",2024,43.527,65.822,8.097,82.7013,3,0,-0.25036194683884,0.10047619217942,-0.93525340085525,-0.290304691634798,2.611
"Enil","10",2025,43.527,65.822,8.097,82.7013,3,0,-0.25036194683884,0.10047619217942,-0.93525340085525,-0.290304691634798,2.611
"Enil","102",2013,42.91,54.67,11.891,85.82,1,1,-0.26158535676572,-0.236281656338821,-0.0448426404221391,-0.274219798802728,6.405
"Enil","102",2014,42.91,54.67,11.891,85.82,1,0,-0.26158535676572,-0.236281656338821,-0.0448426404221391,-0.274219798802728,6.405
"Enil","102",2015,42.91,54.67,11.891,85.82,1,0,-0.26158535676572,-0.236281656338821,-0.0448426404221391,-0.274219798802728,6.405
"Enil","102",2016,42.91,54.67,11.891,85.82,1,1,-0.26158535676572,-0.236281656338821,-0.0448426404221391,-0.274219798802728,6.405
"Enil","102",2017,42.91,54.67,11.891,85.82,1,2,-0.26158535676572,-0.236281656338821,-0.0448426404221391,-0.274219798802728,6.405
"Enil","102",2018,42.91,54.67,11.891,85.82,1,0,-0.26158535676572,-0.236281656338821,-0.0448426404221391,-0.274219798802728,6.405
"Enil","102",2019,42.91,54.67,11.891,85.82,1,1,-0.26158535676572,-0.236281656338821,-0.0448426404221391,-0.274219798802728,6.405
"Enil","102",2020,42.91,54.67,11.891,85.82,1,1,-0.26158535676572,-0.236281656338821,-0.0448426404221391,-0.274219798802728,6.405
"Enil","102",2021,42.91,54.67,11.891,85.82,1,1,-0.26158535676572,-0.236281656338821,-0.0448426404221391,-0.274219798802728,6.405
"Enil","102",2022,42.91,54.67,11.891,85.82,1,1,-0.26158535676572,-0.236281656338821,-0.0448426404221391,-0.274219798802728,6.405
"Enil","102",2023,42.91,54.67,11.891,85.82,1,0,-0.26158535676572,-0.236281656338821,-0.0448426404221391,-0.274219798802728,6.405
"Enil","102",2024,42.91,54.67,11.891,85.82,1,2,-0.26158535676572,-0.236281656338821,-0.0448426404221391,-0.274219798802728,6.405
"Enil","102",2025,42.91,54.67,11.891,85.82,1,2,-0.26158535676572,-0.236281656338821,-0.0448426404221391,-0.274219798802728,6.405
"Enil","103",2013,38.143,56.032,11.733,72.4717,1,1,-0.348298476897714,-0.195153231869502,-0.081923531341599,-0.343064501720714,6.247
"Enil","103",2014,38.143,56.032,11.733,72.4717,1,1,-0.348298476897714,-0.195153231869502,-0.081923531341599,-0.343064501720714,6.247
"Enil","103",2015,38.143,56.032,11.733,72.4717,1,0,-0.348298476897714,-0.195153231869502,-0.081923531341599,-0.343064501720714,6.247
"Enil","103",2016,38.143,56.032,11.733,72.4717,1,1,-0.348298476897714,-0.195153231869502,-0.081923531341599,-0.343064501720714,6.247
"Enil","103",2017,38.143,56.032,11.733,72.4717,1,1,-0.348298476897714,-0.195153231869502,-0.081923531341599,-0.343064501720714,6.247
"Enil","103",2018,38.143,56.032,11.733,72.4717,1,0,-0.348298476897714,-0.195153231869502,-0.081923531341599,-0.343064501720714,6.247
"Enil","103",2019,38.143,56.032,11.733,72.4717,1,0,-0.348298476897714,-0.195153231869502,-0.081923531341599,-0.343064501720714,6.247
"Enil","103",2020,38.143,56.032,11.733,72.4717,1,0,-0.348298476897714,-0.195153231869502,-0.081923531341599,-0.343064501720714,6.247
"Enil","103",2021,38.143,56.032,11.733,72.4717,1,0,-0.348298476897714,-0.195153231869502,-0.081923531341599,-0.343064501720714,6.247
"Enil","103",2022,38.143,56.032,11.733,72.4717,1,0,-0.348298476897714,-0.195153231869502,-0.081923531341599,-0.343064501720714,6.247
"Enil","103",2023,38.143,56.032,11.733,72.4717,1,0,-0.348298476897714,-0.195153231869502,-0.081923531341599,-0.343064501720714,6.247
"Enil","103",2024,38.143,56.032,11.733,72.4717,1,0,-0.348298476897714,-0.195153231869502,-0.081923531341599,-0.343064501720714,6.247
"Enil","103",2025,38.143,56.032,11.733,72.4717,1,0,-0.348298476897714,-0.195153231869502,-0.081923531341599,-0.343064501720714,6.247
"Enil","104",2013,44.584,61.481,9.808,84.7096,3,0,-0.231134808601055,-0.0306093369111186,-0.533700208683122,-0.279946757150991,4.322
"Enil","104",2014,44.584,61.481,9.808,84.7096,3,0,-0.231134808601055,-0.0306093369111186,-0.533700208683122,-0.279946757150991,4.322
"Enil","104",2015,44.584,61.481,9.808,84.7096,3,0,-0.231134808601055,-0.0306093369111186,-0.533700208683122,-0.279946757150991,4.322
"Enil","104",2016,44.584,61.481,9.808,84.7096,3,0,-0.231134808601055,-0.0306093369111186,-0.533700208683122,-0.279946757150991,4.322
"Enil","104",2017,44.584,61.481,9.808,84.7096,3,0,-0.231134808601055,-0.0306093369111186,-0.533700208683122,-0.279946757150991,4.322
"Enil","104",2018,44.584,61.481,9.808,84.7096,3,0,-0.231134808601055,-0.0306093369111186,-0.533700208683122,-0.279946757150991,4.322
"Enil","104",2019,44.584,61.481,9.808,84.7096,3,NA,-0.231134808601055,-0.0306093369111186,-0.533700208683122,-0.279946757150991,4.322
"Enil","104",2020,44.584,61.481,9.808,84.7096,3,0,-0.231134808601055,-0.0306093369111186,-0.533700208683122,-0.279946757150991,4.322
"Enil","104",2021,44.584,61.481,9.808,84.7096,3,0,-0.231134808601055,-0.0306093369111186,-0.533700208683122,-0.279946757150991,4.322
"Enil","104",2022,44.584,61.481,9.808,84.7096,3,1,-0.231134808601055,-0.0306093369111186,-0.533700208683122,-0.279946757150991,4.322
"Enil","104",2023,44.584,61.481,9.808,84.7096,3,1,-0.231134808601055,-0.0306093369111186,-0.533700208683122,-0.279946757150991,4.322
"Enil","104",2024,44.584,61.481,9.808,84.7096,3,1,-0.231134808601055,-0.0306093369111186,-0.533700208683122,-0.279946757150991,4.322
"Enil","104",2025,44.584,61.481,9.808,84.7096,3,4,-0.231134808601055,-0.0306093369111186,-0.533700208683122,-0.279946757150991,4.322
"Enil","106",2013,42.563,54.138,11.693,80.8697,1,0,-0.267897387956365,-0.252346503488364,-0.0913110986629816,-0.299751284673955,6.207
"Enil","106",2014,42.563,54.138,11.693,80.8697,1,1,-0.267897387956365,-0.252346503488364,-0.0913110986629816,-0.299751284673955,6.207
"Enil","106",2015,42.563,54.138,11.693,80.8697,1,0,-0.267897387956365,-0.252346503488364,-0.0913110986629816,-0.299751284673955,6.207
"Enil","106",2016,42.563,54.138,11.693,80.8697,1,0,-0.267897387956365,-0.252346503488364,-0.0913110986629816,-0.299751284673955,6.207
"Enil","106",2017,42.563,54.138,11.693,80.8697,1,1,-0.267897387956365,-0.252346503488364,-0.0913110986629816,-0.299751284673955,6.207
"Enil","106",2018,42.563,54.138,11.693,80.8697,1,1,-0.267897387956365,-0.252346503488364,-0.0913110986629816,-0.299751284673955,6.207
"Enil","106",2019,42.563,54.138,11.693,80.8697,1,0,-0.267897387956365,-0.252346503488364,-0.0913110986629816,-0.299751284673955,6.207
"Enil","106",2020,42.563,54.138,11.693,80.8697,1,1,-0.267897387956365,-0.252346503488364,-0.0913110986629816,-0.299751284673955,6.207
"Enil","106",2021,42.563,54.138,11.693,80.8697,1,0,-0.267897387956365,-0.252346503488364,-0.0913110986629816,-0.299751284673955,6.207
"Enil","106",2022,42.563,54.138,11.693,80.8697,1,1,-0.267897387956365,-0.252346503488364,-0.0913110986629816,-0.299751284673955,6.207
"Enil","106",2023,42.563,54.138,11.693,80.8697,1,0,-0.267897387956365,-0.252346503488364,-0.0913110986629816,-0.299751284673955,6.207
"Enil","106",2024,42.563,54.138,11.693,80.8697,1,1,-0.267897387956365,-0.252346503488364,-0.0913110986629816,-0.299751284673955,6.207
"Enil","106",2025,42.563,54.138,11.693,80.8697,1,3,-0.267897387956365,-0.252346503488364,-0.0913110986629816,-0.299751284673955,6.207
"Enil","108",2013,36.457,55.689,8.91,72.914,2,NA,-0.378967308561767,-0.205510830689602,-0.744451095048155,-0.340783311449247,3.424
"Enil","108",2014,36.457,55.689,8.91,72.914,2,NA,-0.378967308561767,-0.205510830689602,-0.744451095048155,-0.340783311449247,3.424
"Enil","108",2015,36.457,55.689,8.91,72.914,2,NA,-0.378967308561767,-0.205510830689602,-0.744451095048155,-0.340783311449247,3.424
"Enil","108",2016,36.457,55.689,8.91,72.914,2,NA,-0.378967308561767,-0.205510830689602,-0.744451095048155,-0.340783311449247,3.424
"Enil","108",2017,36.457,55.689,8.91,72.914,2,NA,-0.378967308561767,-0.205510830689602,-0.744451095048155,-0.340783311449247,3.424
"Enil","108",2018,36.457,55.689,8.91,72.914,2,NA,-0.378967308561767,-0.205510830689602,-0.744451095048155,-0.340783311449247,3.424
"Enil","108",2019,36.457,55.689,8.91,72.914,2,NA,-0.378967308561767,-0.205510830689602,-0.744451095048155,-0.340783311449247,3.424
"Enil","108",2020,36.457,55.689,8.91,72.914,2,NA,-0.378967308561767,-0.205510830689602,-0.744451095048155,-0.340783311449247,3.424
"Enil","108",2021,36.457,55.689,8.91,72.914,2,NA,-0.378967308561767,-0.205510830689602,-0.744451095048155,-0.340783311449247,3.424
"Enil","108",2022,36.457,55.689,8.91,72.914,2,0,-0.378967308561767,-0.205510830689602,-0.744451095048155,-0.340783311449247,3.424
"Enil","108",2023,36.457,55.689,8.91,72.914,2,NA,-0.378967308561767,-0.205510830689602,-0.744451095048155,-0.340783311449247,3.424
"Enil","108",2024,36.457,55.689,8.91,72.914,2,0,-0.378967308561767,-0.205510830689602,-0.744451095048155,-0.340783311449247,3.424
"Enil","108",2025,36.457,55.689,8.91,72.914,2,1,-0.378967308561767,-0.205510830689602,-0.744451095048155,-0.340783311449247,3.424
"Enil","11",2013,94.067,95.21,21.93,231.8301,2,2,0.668975391418124,0.987908011786132,2.31120206806178,0.478836542268831,16.444
"Enil","11",2014,94.067,95.21,21.93,231.8301,2,3,0.668975391418124,0.987908011786132,2.31120206806178,0.478836542268831,16.444
"Enil","11",2015,94.067,95.21,21.93,231.8301,2,0,0.668975391418124,0.987908011786132,2.31120206806178,0.478836542268831,16.444
"Enil","11",2016,94.067,95.21,21.93,231.8301,2,1,0.668975391418124,0.987908011786132,2.31120206806178,0.478836542268831,16.444
"Enil","11",2017,94.067,95.21,21.93,231.8301,2,1,0.668975391418124,0.987908011786132,2.31120206806178,0.478836542268831,16.444
"Enil","11",2018,94.067,95.21,21.93,231.8301,2,1,0.668975391418124,0.987908011786132,2.31120206806178,0.478836542268831,16.444
"Enil","11",2019,94.067,95.21,21.93,231.8301,2,2,0.668975391418124,0.987908011786132,2.31120206806178,0.478836542268831,16.444
"Enil","11",2020,94.067,95.21,21.93,231.8301,2,1,0.668975391418124,0.987908011786132,2.31120206806178,0.478836542268831,16.444
"Enil","11",2021,94.067,95.21,21.93,231.8301,2,2,0.668975391418124,0.987908011786132,2.31120206806178,0.478836542268831,16.444
"Enil","11",2022,94.067,95.21,21.93,231.8301,2,0,0.668975391418124,0.987908011786132,2.31120206806178,0.478836542268831,16.444
"Enil","11",2023,94.067,95.21,21.93,231.8301,2,2,0.668975391418124,0.987908011786132,2.31120206806178,0.478836542268831,16.444
"Enil","11",2024,94.067,95.21,21.93,231.8301,2,2,0.668975391418124,0.987908011786132,2.31120206806178,0.478836542268831,16.444
"Enil","11",2025,94.067,95.21,21.93,231.8301,2,0,0.668975391418124,0.987908011786132,2.31120206806178,0.478836542268831,16.444
"Enil","121",2013,39.524,49.808,10.063,75.0956,1,NA,-0.323177684176446,-0.383099864686713,-0.47385446700931,-0.329531571236195,4.577
"Enil","121",2014,39.524,49.808,10.063,75.0956,1,NA,-0.323177684176446,-0.383099864686713,-0.47385446700931,-0.329531571236195,4.577
"Enil","121",2015,39.524,49.808,10.063,75.0956,1,NA,-0.323177684176446,-0.383099864686713,-0.47385446700931,-0.329531571236195,4.577
"Enil","121",2016,39.524,49.808,10.063,75.0956,1,NA,-0.323177684176446,-0.383099864686713,-0.47385446700931,-0.329531571236195,4.577
"Enil","121",2017,39.524,49.808,10.063,75.0956,1,NA,-0.323177684176446,-0.383099864686713,-0.47385446700931,-0.329531571236195,4.577
"Enil","121",2018,39.524,49.808,10.063,75.0956,1,NA,-0.323177684176446,-0.383099864686713,-0.47385446700931,-0.329531571236195,4.577
"Enil","121",2019,39.524,49.808,10.063,75.0956,1,NA,-0.323177684176446,-0.383099864686713,-0.47385446700931,-0.329531571236195,4.577
"Enil","121",2020,39.524,49.808,10.063,75.0956,1,1,-0.323177684176446,-0.383099864686713,-0.47385446700931,-0.329531571236195,4.577
"Enil","121",2021,39.524,49.808,10.063,75.0956,1,0,-0.323177684176446,-0.383099864686713,-0.47385446700931,-0.329531571236195,4.577
"Enil","121",2022,39.524,49.808,10.063,75.0956,1,0,-0.323177684176446,-0.383099864686713,-0.47385446700931,-0.329531571236195,4.577
"Enil","121",2023,39.524,49.808,10.063,75.0956,1,NA,-0.323177684176446,-0.383099864686713,-0.47385446700931,-0.329531571236195,4.577
"Enil","121",2024,39.524,49.808,10.063,75.0956,1,1,-0.323177684176446,-0.383099864686713,-0.47385446700931,-0.329531571236195,4.577
"Enil","121",2025,39.524,49.808,10.063,75.0956,1,2,-0.323177684176446,-0.383099864686713,-0.47385446700931,-0.329531571236195,4.577
"Enil","140",2013,39.458,54.502,8.232,78.916,3,NA,-0.324378243423081,-0.241354765964992,-0.903570361145585,-0.309827616198634,2.746
"Enil","140",2014,39.458,54.502,8.232,78.916,3,NA,-0.324378243423081,-0.241354765964992,-0.903570361145585,-0.309827616198634,2.746
"Enil","140",2015,39.458,54.502,8.232,78.916,3,NA,-0.324378243423081,-0.241354765964992,-0.903570361145585,-0.309827616198634,2.746
"Enil","140",2016,39.458,54.502,8.232,78.916,3,NA,-0.324378243423081,-0.241354765964992,-0.903570361145585,-0.309827616198634,2.746
"Enil","140",2017,39.458,54.502,8.232,78.916,3,NA,-0.324378243423081,-0.241354765964992,-0.903570361145585,-0.309827616198634,2.746
"Enil","140",2018,39.458,54.502,8.232,78.916,3,NA,-0.324378243423081,-0.241354765964992,-0.903570361145585,-0.309827616198634,2.746
"Enil","140",2019,39.458,54.502,8.232,78.916,3,NA,-0.324378243423081,-0.241354765964992,-0.903570361145585,-0.309827616198634,2.746
"Enil","140",2020,39.458,54.502,8.232,78.916,3,0,-0.324378243423081,-0.241354765964992,-0.903570361145585,-0.309827616198634,2.746
"Enil","140",2021,39.458,54.502,8.232,78.916,3,NA,-0.324378243423081,-0.241354765964992,-0.903570361145585,-0.309827616198634,2.746
"Enil","140",2022,39.458,54.502,8.232,78.916,3,NA,-0.324378243423081,-0.241354765964992,-0.903570361145585,-0.309827616198634,2.746
"Enil","140",2023,39.458,54.502,8.232,78.916,3,NA,-0.324378243423081,-0.241354765964992,-0.903570361145585,-0.309827616198634,2.746
"Enil","140",2024,39.458,54.502,8.232,78.916,3,8,-0.324378243423081,-0.241354765964992,-0.903570361145585,-0.309827616198634,2.746
"Enil","140",2025,39.458,54.502,8.232,78.916,3,7,-0.324378243423081,-0.241354765964992,-0.903570361145585,-0.309827616198634,2.746
"Enil","141",2013,35.924,51.778,10.191,67.53712,1,NA,-0.388662733992929,-0.32361161490363,-0.443814251580886,-0.368514910696017,4.705
"Enil","141",2014,35.924,51.778,10.191,67.53712,1,NA,-0.388662733992929,-0.32361161490363,-0.443814251580886,-0.368514910696017,4.705
"Enil","141",2015,35.924,51.778,10.191,67.53712,1,NA,-0.388662733992929,-0.32361161490363,-0.443814251580886,-0.368514910696017,4.705
"Enil","141",2016,35.924,51.778,10.191,67.53712,1,NA,-0.388662733992929,-0.32361161490363,-0.443814251580886,-0.368514910696017,4.705
"Enil","141",2017,35.924,51.778,10.191,67.53712,1,NA,-0.388662733992929,-0.32361161490363,-0.443814251580886,-0.368514910696017,4.705
"Enil","141",2018,35.924,51.778,10.191,67.53712,1,NA,-0.388662733992929,-0.32361161490363,-0.443814251580886,-0.368514910696017,4.705
"Enil","141",2019,35.924,51.778,10.191,67.53712,1,NA,-0.388662733992929,-0.32361161490363,-0.443814251580886,-0.368514910696017,4.705
"Enil","141",2020,35.924,51.778,10.191,67.53712,1,1,-0.388662733992929,-0.32361161490363,-0.443814251580886,-0.368514910696017,4.705
"Enil","141",2021,35.924,51.778,10.191,67.53712,1,1,-0.388662733992929,-0.32361161490363,-0.443814251580886,-0.368514910696017,4.705
"Enil","141",2022,35.924,51.778,10.191,67.53712,1,0,-0.388662733992929,-0.32361161490363,-0.443814251580886,-0.368514910696017,4.705
"Enil","141",2023,35.924,51.778,10.191,67.53712,1,1,-0.388662733992929,-0.32361161490363,-0.443814251580886,-0.368514910696017,4.705
"Enil","141",2024,35.924,51.778,10.191,67.53712,1,0,-0.388662733992929,-0.32361161490363,-0.443814251580886,-0.368514910696017,4.705
"Enil","141",2025,35.924,51.778,10.191,67.53712,1,2,-0.388662733992929,-0.32361161490363,-0.443814251580886,-0.368514910696017,4.705
"Enil","142",2013,36.774,57.779,9.781,72.44478,2,NA,-0.373200986119593,-0.14239893117354,-0.540036816625055,-0.343203343326203,4.295
"Enil","142",2014,36.774,57.779,9.781,72.44478,2,NA,-0.373200986119593,-0.14239893117354,-0.540036816625055,-0.343203343326203,4.295
"Enil","142",2015,36.774,57.779,9.781,72.44478,2,NA,-0.373200986119593,-0.14239893117354,-0.540036816625055,-0.343203343326203,4.295
"Enil","142",2016,36.774,57.779,9.781,72.44478,2,NA,-0.373200986119593,-0.14239893117354,-0.540036816625055,-0.343203343326203,4.295
"Enil","142",2017,36.774,57.779,9.781,72.44478,2,NA,-0.373200986119593,-0.14239893117354,-0.540036816625055,-0.343203343326203,4.295
"Enil","142",2018,36.774,57.779,9.781,72.44478,2,NA,-0.373200986119593,-0.14239893117354,-0.540036816625055,-0.343203343326203,4.295
"Enil","142",2019,36.774,57.779,9.781,72.44478,2,NA,-0.373200986119593,-0.14239893117354,-0.540036816625055,-0.343203343326203,4.295
"Enil","142",2020,36.774,57.779,9.781,72.44478,2,1,-0.373200986119593,-0.14239893117354,-0.540036816625055,-0.343203343326203,4.295
"Enil","142",2021,36.774,57.779,9.781,72.44478,2,1,-0.373200986119593,-0.14239893117354,-0.540036816625055,-0.343203343326203,4.295
"Enil","142",2022,36.774,57.779,9.781,72.44478,2,2,-0.373200986119593,-0.14239893117354,-0.540036816625055,-0.343203343326203,4.295
"Enil","142",2023,36.774,57.779,9.781,72.44478,2,4,-0.373200986119593,-0.14239893117354,-0.540036816625055,-0.343203343326203,4.295
"Enil","142",2024,36.774,57.779,9.781,72.44478,2,3,-0.373200986119593,-0.14239893117354,-0.540036816625055,-0.343203343326203,4.295
"Enil","142",2025,36.774,57.779,9.781,72.44478,2,2,-0.373200986119593,-0.14239893117354,-0.540036816625055,-0.343203343326203,4.295
"Enil","143",2013,34.438,55.611,9.18,66.12096,2,NA,-0.415693507333844,-0.207866203016039,-0.681085015628824,-0.375818845615395,3.694
"Enil","143",2014,34.438,55.611,9.18,66.12096,2,NA,-0.415693507333844,-0.207866203016039,-0.681085015628824,-0.375818845615395,3.694
"Enil","143",2015,34.438,55.611,9.18,66.12096,2,NA,-0.415693507333844,-0.207866203016039,-0.681085015628824,-0.375818845615395,3.694
"Enil","143",2016,34.438,55.611,9.18,66.12096,2,NA,-0.415693507333844,-0.207866203016039,-0.681085015628824,-0.375818845615395,3.694
"Enil","143",2017,34.438,55.611,9.18,66.12096,2,NA,-0.415693507333844,-0.207866203016039,-0.681085015628824,-0.375818845615395,3.694
"Enil","143",2018,34.438,55.611,9.18,66.12096,2,NA,-0.415693507333844,-0.207866203016039,-0.681085015628824,-0.375818845615395,3.694
"Enil","143",2019,34.438,55.611,9.18,66.12096,2,NA,-0.415693507333844,-0.207866203016039,-0.681085015628824,-0.375818845615395,3.694
"Enil","143",2020,34.438,55.611,9.18,66.12096,2,0,-0.415693507333844,-0.207866203016039,-0.681085015628824,-0.375818845615395,3.694
"Enil","143",2021,34.438,55.611,9.18,66.12096,2,3,-0.415693507333844,-0.207866203016039,-0.681085015628824,-0.375818845615395,3.694
"Enil","143",2022,34.438,55.611,9.18,66.12096,2,1,-0.415693507333844,-0.207866203016039,-0.681085015628824,-0.375818845615395,3.694
"Enil","143",2023,34.438,55.611,9.18,66.12096,2,0,-0.415693507333844,-0.207866203016039,-0.681085015628824,-0.375818845615395,3.694
"Enil","143",2024,34.438,55.611,9.18,66.12096,2,2,-0.415693507333844,-0.207866203016039,-0.681085015628824,-0.375818845615395,3.694
"Enil","143",2025,34.438,55.611,9.18,66.12096,2,3,-0.415693507333844,-0.207866203016039,-0.681085015628824,-0.375818845615395,3.694
"Enil","144",2013,84.866,80.624,16.74,238.2972,3,4,0.501606518262162,0.547453386742457,1.09316520811243,0.512191020235382,11.254
"Enil","144",2014,84.866,80.624,16.74,238.2972,3,1,0.501606518262162,0.547453386742457,1.09316520811243,0.512191020235382,11.254
"Enil","144",2015,84.866,80.624,16.74,238.2972,3,2,0.501606518262162,0.547453386742457,1.09316520811243,0.512191020235382,11.254
"Enil","144",2016,84.866,80.624,16.74,238.2972,3,4,0.501606518262162,0.547453386742457,1.09316520811243,0.512191020235382,11.254
"Enil","144",2017,84.866,80.624,16.74,238.2972,3,4,0.501606518262162,0.547453386742457,1.09316520811243,0.512191020235382,11.254
"Enil","144",2018,84.866,80.624,16.74,238.2972,3,3,0.501606518262162,0.547453386742457,1.09316520811243,0.512191020235382,11.254
"Enil","144",2019,84.866,80.624,16.74,238.2972,3,5,0.501606518262162,0.547453386742457,1.09316520811243,0.512191020235382,11.254
"Enil","144",2020,84.866,80.624,16.74,238.2972,3,3,0.501606518262162,0.547453386742457,1.09316520811243,0.512191020235382,11.254
"Enil","144",2021,84.866,80.624,16.74,238.2972,3,6,0.501606518262162,0.547453386742457,1.09316520811243,0.512191020235382,11.254
"Enil","144",2022,84.866,80.624,16.74,238.2972,3,3,0.501606518262162,0.547453386742457,1.09316520811243,0.512191020235382,11.254
"Enil","144",2023,84.866,80.624,16.74,238.2972,3,4,0.501606518262162,0.547453386742457,1.09316520811243,0.512191020235382,11.254
"Enil","144",2024,84.866,80.624,16.74,238.2972,3,1,0.501606518262162,0.547453386742457,1.09316520811243,0.512191020235382,11.254
"Enil","144",2025,84.866,80.624,16.74,238.2972,3,2,0.501606518262162,0.547453386742457,1.09316520811243,0.512191020235382,11.254
"Enil","151",2013,40.207,57.161,9.364,80.414,2,NA,-0.31075371500293,-0.161060727298385,-0.637902205950465,-0.302101586294366,3.878
"Enil","151",2014,40.207,57.161,9.364,80.414,2,NA,-0.31075371500293,-0.161060727298385,-0.637902205950465,-0.302101586294366,3.878
"Enil","151",2015,40.207,57.161,9.364,80.414,2,NA,-0.31075371500293,-0.161060727298385,-0.637902205950465,-0.302101586294366,3.878
"Enil","151",2016,40.207,57.161,9.364,80.414,2,NA,-0.31075371500293,-0.161060727298385,-0.637902205950465,-0.302101586294366,3.878
"Enil","151",2017,40.207,57.161,9.364,80.414,2,NA,-0.31075371500293,-0.161060727298385,-0.637902205950465,-0.302101586294366,3.878
"Enil","151",2018,40.207,57.161,9.364,80.414,2,NA,-0.31075371500293,-0.161060727298385,-0.637902205950465,-0.302101586294366,3.878
"Enil","151",2019,40.207,57.161,9.364,80.414,2,NA,-0.31075371500293,-0.161060727298385,-0.637902205950465,-0.302101586294366,3.878
"Enil","151",2020,40.207,57.161,9.364,80.414,2,0,-0.31075371500293,-0.161060727298385,-0.637902205950465,-0.302101586294366,3.878
"Enil","151",2021,40.207,57.161,9.364,80.414,2,3,-0.31075371500293,-0.161060727298385,-0.637902205950465,-0.302101586294366,3.878
"Enil","151",2022,40.207,57.161,9.364,80.414,2,0,-0.31075371500293,-0.161060727298385,-0.637902205950465,-0.302101586294366,3.878
"Enil","151",2023,40.207,57.161,9.364,80.414,2,1,-0.31075371500293,-0.161060727298385,-0.637902205950465,-0.302101586294366,3.878
"Enil","151",2024,40.207,57.161,9.364,80.414,2,0,-0.31075371500293,-0.161060727298385,-0.637902205950465,-0.302101586294366,3.878
"Enil","151",2025,40.207,57.161,9.364,80.414,2,0,-0.31075371500293,-0.161060727298385,-0.637902205950465,-0.302101586294366,3.878
"Enil","152",2013,43.884,51.194,12.904,87.768,1,2,-0.243868012732038,-0.341246710270798,0.192897501991867,-0.264172865389166,7.418
"Enil","152",2014,43.884,51.194,12.904,87.768,1,4,-0.243868012732038,-0.341246710270798,0.192897501991867,-0.264172865389166,7.418
"Enil","152",2015,43.884,51.194,12.904,87.768,1,2,-0.243868012732038,-0.341246710270798,0.192897501991867,-0.264172865389166,7.418
"Enil","152",2016,43.884,51.194,12.904,87.768,1,0,-0.243868012732038,-0.341246710270798,0.192897501991867,-0.264172865389166,7.418
"Enil","152",2017,43.884,51.194,12.904,87.768,1,NA,-0.243868012732038,-0.341246710270798,0.192897501991867,-0.264172865389166,7.418
"Enil","152",2018,43.884,51.194,12.904,87.768,1,2,-0.243868012732038,-0.341246710270798,0.192897501991867,-0.264172865389166,7.418
"Enil","152",2019,43.884,51.194,12.904,87.768,1,0,-0.243868012732038,-0.341246710270798,0.192897501991867,-0.264172865389166,7.418
"Enil","152",2020,43.884,51.194,12.904,87.768,1,3,-0.243868012732038,-0.341246710270798,0.192897501991867,-0.264172865389166,7.418
"Enil","152",2021,43.884,51.194,12.904,87.768,1,0,-0.243868012732038,-0.341246710270798,0.192897501991867,-0.264172865389166,7.418
"Enil","152",2022,43.884,51.194,12.904,87.768,1,0,-0.243868012732038,-0.341246710270798,0.192897501991867,-0.264172865389166,7.418
"Enil","152",2023,43.884,51.194,12.904,87.768,1,1,-0.243868012732038,-0.341246710270798,0.192897501991867,-0.264172865389166,7.418
"Enil","152",2024,43.884,51.194,12.904,87.768,1,3,-0.243868012732038,-0.341246710270798,0.192897501991867,-0.264172865389166,7.418
"Enil","152",2025,43.884,51.194,12.904,87.768,1,1,-0.243868012732038,-0.341246710270798,0.192897501991867,-0.264172865389166,7.418
"Enil","153",2013,39.199,54.259,7.9,77.61402,3,1,-0.329089528951545,-0.248692656674276,-0.981487169913057,-0.316542660534254,2.414
"Enil","153",2014,39.199,54.259,7.9,77.61402,3,1,-0.329089528951545,-0.248692656674276,-0.981487169913057,-0.316542660534254,2.414
"Enil","153",2015,39.199,54.259,7.9,77.61402,3,1,-0.329089528951545,-0.248692656674276,-0.981487169913057,-0.316542660534254,2.414
"Enil","153",2016,39.199,54.259,7.9,77.61402,3,0,-0.329089528951545,-0.248692656674276,-0.981487169913057,-0.316542660534254,2.414
"Enil","153",2017,39.199,54.259,7.9,77.61402,3,NA,-0.329089528951545,-0.248692656674276,-0.981487169913057,-0.316542660534254,2.414
"Enil","153",2018,39.199,54.259,7.9,77.61402,3,2,-0.329089528951545,-0.248692656674276,-0.981487169913057,-0.316542660534254,2.414
"Enil","153",2019,39.199,54.259,7.9,77.61402,3,1,-0.329089528951545,-0.248692656674276,-0.981487169913057,-0.316542660534254,2.414
"Enil","153",2020,39.199,54.259,7.9,77.61402,3,2,-0.329089528951545,-0.248692656674276,-0.981487169913057,-0.316542660534254,2.414
"Enil","153",2021,39.199,54.259,7.9,77.61402,3,1,-0.329089528951545,-0.248692656674276,-0.981487169913057,-0.316542660534254,2.414
"Enil","153",2022,39.199,54.259,7.9,77.61402,3,0,-0.329089528951545,-0.248692656674276,-0.981487169913057,-0.316542660534254,2.414
"Enil","153",2023,39.199,54.259,7.9,77.61402,3,0,-0.329089528951545,-0.248692656674276,-0.981487169913057,-0.316542660534254,2.414
"Enil","153",2024,39.199,54.259,7.9,77.61402,3,0,-0.329089528951545,-0.248692656674276,-0.981487169913057,-0.316542660534254,2.414
"Enil","153",2025,39.199,54.259,7.9,77.61402,3,2,-0.329089528951545,-0.248692656674276,-0.981487169913057,-0.316542660534254,2.414
"Enil","155",2013,38.06,56.063,9.069,74.217,2,1,-0.349808271101816,-0.194217122355149,-0.70713551494566,-0.334063006399005,3.583
"Enil","155",2014,38.06,56.063,9.069,74.217,2,0,-0.349808271101816,-0.194217122355149,-0.70713551494566,-0.334063006399005,3.583
"Enil","155",2015,38.06,56.063,9.069,74.217,2,1,-0.349808271101816,-0.194217122355149,-0.70713551494566,-0.334063006399005,3.583
"Enil","155",2016,38.06,56.063,9.069,74.217,2,0,-0.349808271101816,-0.194217122355149,-0.70713551494566,-0.334063006399005,3.583
"Enil","155",2017,38.06,56.063,9.069,74.217,2,NA,-0.349808271101816,-0.194217122355149,-0.70713551494566,-0.334063006399005,3.583
"Enil","155",2018,38.06,56.063,9.069,74.217,2,0,-0.349808271101816,-0.194217122355149,-0.70713551494566,-0.334063006399005,3.583
"Enil","155",2019,38.06,56.063,9.069,74.217,2,0,-0.349808271101816,-0.194217122355149,-0.70713551494566,-0.334063006399005,3.583
"Enil","155",2020,38.06,56.063,9.069,74.217,2,0,-0.349808271101816,-0.194217122355149,-0.70713551494566,-0.334063006399005,3.583
"Enil","155",2021,38.06,56.063,9.069,74.217,2,0,-0.349808271101816,-0.194217122355149,-0.70713551494566,-0.334063006399005,3.583
"Enil","155",2022,38.06,56.063,9.069,74.217,2,2,-0.349808271101816,-0.194217122355149,-0.70713551494566,-0.334063006399005,3.583
"Enil","155",2023,38.06,56.063,9.069,74.217,2,0,-0.349808271101816,-0.194217122355149,-0.70713551494566,-0.334063006399005,3.583
"Enil","155",2024,38.06,56.063,9.069,74.217,2,0,-0.349808271101816,-0.194217122355149,-0.70713551494566,-0.334063006399005,3.583
"Enil","155",2025,38.06,56.063,9.069,74.217,2,0,-0.349808271101816,-0.194217122355149,-0.70713551494566,-0.334063006399005,3.583
"Enil","158",2013,49.989,61.873,8.592,94.9791,3,NA,-0.132816282418252,-0.0187720811167186,-0.819082255253144,-0.226981160287251,3.106
"Enil","158",2014,49.989,61.873,8.592,94.9791,3,NA,-0.132816282418252,-0.0187720811167186,-0.819082255253144,-0.226981160287251,3.106
"Enil","158",2015,49.989,61.873,8.592,94.9791,3,0,-0.132816282418252,-0.0187720811167186,-0.819082255253144,-0.226981160287251,3.106
"Enil","158",2016,49.989,61.873,8.592,94.9791,3,NA,-0.132816282418252,-0.0187720811167186,-0.819082255253144,-0.226981160287251,3.106
"Enil","158",2017,49.989,61.873,8.592,94.9791,3,0,-0.132816282418252,-0.0187720811167186,-0.819082255253144,-0.226981160287251,3.106
"Enil","158",2018,49.989,61.873,8.592,94.9791,3,NA,-0.132816282418252,-0.0187720811167186,-0.819082255253144,-0.226981160287251,3.106
"Enil","158",2019,49.989,61.873,8.592,94.9791,3,0,-0.132816282418252,-0.0187720811167186,-0.819082255253144,-0.226981160287251,3.106
"Enil","158",2020,49.989,61.873,8.592,94.9791,3,NA,-0.132816282418252,-0.0187720811167186,-0.819082255253144,-0.226981160287251,3.106
"Enil","158",2021,49.989,61.873,8.592,94.9791,3,NA,-0.132816282418252,-0.0187720811167186,-0.819082255253144,-0.226981160287251,3.106
"Enil","158",2022,49.989,61.873,8.592,94.9791,3,2,-0.132816282418252,-0.0187720811167186,-0.819082255253144,-0.226981160287251,3.106
"Enil","158",2023,49.989,61.873,8.592,94.9791,3,2,-0.132816282418252,-0.0187720811167186,-0.819082255253144,-0.226981160287251,3.106
"Enil","158",2024,49.989,61.873,8.592,94.9791,3,1,-0.132816282418252,-0.0187720811167186,-0.819082255253144,-0.226981160287251,3.106
"Enil","158",2025,49.989,61.873,8.592,94.9791,3,1,-0.132816282418252,-0.0187720811167186,-0.819082255253144,-0.226981160287251,3.106
"Enil","160",2013,103.377,93.452,24.267,294.504,3,1,0.838327006360196,0.93482154319798,2.85967068881354,0.802081152160097,18.781
"Enil","160",2014,103.377,93.452,24.267,294.504,3,1,0.838327006360196,0.93482154319798,2.85967068881354,0.802081152160097,18.781
"Enil","160",2015,103.377,93.452,24.267,294.504,3,2,0.838327006360196,0.93482154319798,2.85967068881354,0.802081152160097,18.781
"Enil","160",2016,103.377,93.452,24.267,294.504,3,3,0.838327006360196,0.93482154319798,2.85967068881354,0.802081152160097,18.781
"Enil","160",2017,103.377,93.452,24.267,294.504,3,NA,0.838327006360196,0.93482154319798,2.85967068881354,0.802081152160097,18.781
"Enil","160",2018,103.377,93.452,24.267,294.504,3,4,0.838327006360196,0.93482154319798,2.85967068881354,0.802081152160097,18.781
"Enil","160",2019,103.377,93.452,24.267,294.504,3,3,0.838327006360196,0.93482154319798,2.85967068881354,0.802081152160097,18.781
"Enil","160",2020,103.377,93.452,24.267,294.504,3,1,0.838327006360196,0.93482154319798,2.85967068881354,0.802081152160097,18.781
"Enil","160",2021,103.377,93.452,24.267,294.504,3,3,0.838327006360196,0.93482154319798,2.85967068881354,0.802081152160097,18.781
"Enil","160",2022,103.377,93.452,24.267,294.504,3,4,0.838327006360196,0.93482154319798,2.85967068881354,0.802081152160097,18.781
"Enil","160",2023,103.377,93.452,24.267,294.504,3,1,0.838327006360196,0.93482154319798,2.85967068881354,0.802081152160097,18.781
"Enil","160",2024,103.377,93.452,24.267,294.504,3,2,0.838327006360196,0.93482154319798,2.85967068881354,0.802081152160097,18.781
"Enil","160",2025,103.377,93.452,24.267,294.504,3,1,0.838327006360196,0.93482154319798,2.85967068881354,0.802081152160097,18.781
"Enil","164-164 A",2013,35.188,49.542,14.685,73.8948,2,0,-0.402050788622077,-0.391132288261484,0.610878936976414,-0.335724773311659,9.199
"Enil","164-164 A",2014,35.188,49.542,14.685,73.8948,2,0,-0.402050788622077,-0.391132288261484,0.610878936976414,-0.335724773311659,9.199
"Enil","164-164 A",2015,35.188,49.542,14.685,73.8948,2,1,-0.402050788622077,-0.391132288261484,0.610878936976414,-0.335724773311659,9.199
"Enil","164-164 A",2016,35.188,49.542,14.685,73.8948,2,2,-0.402050788622077,-0.391132288261484,0.610878936976414,-0.335724773311659,9.199
"Enil","164-164 A",2017,35.188,49.542,14.685,73.8948,2,2,-0.402050788622077,-0.391132288261484,0.610878936976414,-0.335724773311659,9.199
"Enil","164-164 A",2018,35.188,49.542,14.685,73.8948,2,2,-0.402050788622077,-0.391132288261484,0.610878936976414,-0.335724773311659,9.199
"Enil","164-164 A",2019,35.188,49.542,14.685,73.8948,2,0,-0.402050788622077,-0.391132288261484,0.610878936976414,-0.335724773311659,9.199
"Enil","164-164 A",2020,35.188,49.542,14.685,73.8948,2,0,-0.402050788622077,-0.391132288261484,0.610878936976414,-0.335724773311659,9.199
"Enil","164-164 A",2021,35.188,49.542,14.685,73.8948,2,0,-0.402050788622077,-0.391132288261484,0.610878936976414,-0.335724773311659,9.199
"Enil","164-164 A",2022,35.188,49.542,14.685,73.8948,2,0,-0.402050788622077,-0.391132288261484,0.610878936976414,-0.335724773311659,9.199
"Enil","164-164 A",2023,35.188,49.542,14.685,73.8948,2,0,-0.402050788622077,-0.391132288261484,0.610878936976414,-0.335724773311659,9.199
"Enil","164-164 A",2024,35.188,49.542,14.685,73.8948,2,0,-0.402050788622077,-0.391132288261484,0.610878936976414,-0.335724773311659,9.199
"Enil","164-164 A",2025,35.188,49.542,14.685,73.8948,2,0,-0.402050788622077,-0.391132288261484,0.610878936976414,-0.335724773311659,9.199
"Enil","167",2013,248.389,122.728,21.122,848.4209,3,4,3.47613757413461,1.81887128972058,2.12157320816986,3.65894265675259,15.636
"Enil","167",2014,248.389,122.728,21.122,848.4209,3,4,3.47613757413461,1.81887128972058,2.12157320816986,3.65894265675259,15.636
"Enil","167",2015,248.389,122.728,21.122,848.4209,3,3,3.47613757413461,1.81887128972058,2.12157320816986,3.65894265675259,15.636
"Enil","167",2016,248.389,122.728,21.122,848.4209,3,3,3.47613757413461,1.81887128972058,2.12157320816986,3.65894265675259,15.636
"Enil","167",2017,248.389,122.728,21.122,848.4209,3,4,3.47613757413461,1.81887128972058,2.12157320816986,3.65894265675259,15.636
"Enil","167",2018,248.389,122.728,21.122,848.4209,3,4,3.47613757413461,1.81887128972058,2.12157320816986,3.65894265675259,15.636
"Enil","167",2019,248.389,122.728,21.122,848.4209,3,5,3.47613757413461,1.81887128972058,2.12157320816986,3.65894265675259,15.636
"Enil","167",2020,248.389,122.728,21.122,848.4209,3,3,3.47613757413461,1.81887128972058,2.12157320816986,3.65894265675259,15.636
"Enil","167",2021,248.389,122.728,21.122,848.4209,3,1,3.47613757413461,1.81887128972058,2.12157320816986,3.65894265675259,15.636
"Enil","167",2022,248.389,122.728,21.122,848.4209,3,3,3.47613757413461,1.81887128972058,2.12157320816986,3.65894265675259,15.636
"Enil","167",2023,248.389,122.728,21.122,848.4209,3,5,3.47613757413461,1.81887128972058,2.12157320816986,3.65894265675259,15.636
"Enil","167",2024,248.389,122.728,21.122,848.4209,3,4,3.47613757413461,1.81887128972058,2.12157320816986,3.65894265675259,15.636
"Enil","167",2025,248.389,122.728,21.122,848.4209,3,5,3.47613757413461,1.81887128972058,2.12157320816986,3.65894265675259,15.636
"Enil","17",2013,192.665,116.888,20.022,589.5532,3,0,2.46250176414191,1.6425203360489,1.86341510683185,2.32381609370243,14.536
"Enil","17",2014,192.665,116.888,20.022,589.5532,3,4,2.46250176414191,1.6425203360489,1.86341510683185,2.32381609370243,14.536
"Enil","17",2015,192.665,116.888,20.022,589.5532,3,4,2.46250176414191,1.6425203360489,1.86341510683185,2.32381609370243,14.536
"Enil","17",2016,192.665,116.888,20.022,589.5532,3,2,2.46250176414191,1.6425203360489,1.86341510683185,2.32381609370243,14.536
"Enil","17",2017,192.665,116.888,20.022,589.5532,3,5,2.46250176414191,1.6425203360489,1.86341510683185,2.32381609370243,14.536
"Enil","17",2018,192.665,116.888,20.022,589.5532,3,2,2.46250176414191,1.6425203360489,1.86341510683185,2.32381609370243,14.536
"Enil","17",2019,192.665,116.888,20.022,589.5532,3,1,2.46250176414191,1.6425203360489,1.86341510683185,2.32381609370243,14.536
"Enil","17",2020,192.665,116.888,20.022,589.5532,3,0,2.46250176414191,1.6425203360489,1.86341510683185,2.32381609370243,14.536
"Enil","17",2021,192.665,116.888,20.022,589.5532,3,1,2.46250176414191,1.6425203360489,1.86341510683185,2.32381609370243,14.536
"Enil","17",2022,192.665,116.888,20.022,589.5532,3,1,2.46250176414191,1.6425203360489,1.86341510683185,2.32381609370243,14.536
"Enil","17",2023,192.665,116.888,20.022,589.5532,3,2,2.46250176414191,1.6425203360489,1.86341510683185,2.32381609370243,14.536
"Enil","17",2024,192.665,116.888,20.022,589.5532,3,NA,2.46250176414191,1.6425203360489,1.86341510683185,2.32381609370243,14.536
"Enil","17",2025,192.665,116.888,20.022,589.5532,3,2,2.46250176414191,1.6425203360489,1.86341510683185,2.32381609370243,14.536
"Enil","170-171",2013,45.954,61.215,9.967,91.908,3,0,-0.20621410908756,-0.03864176048589,-0.496384628580627,-0.242820553103672,4.481
"Enil","170-171",2014,45.954,61.215,9.967,91.908,3,0,-0.20621410908756,-0.03864176048589,-0.496384628580627,-0.242820553103672,4.481
"Enil","170-171",2015,45.954,61.215,9.967,91.908,3,0,-0.20621410908756,-0.03864176048589,-0.496384628580627,-0.242820553103672,4.481
"Enil","170-171",2016,45.954,61.215,9.967,91.908,3,1,-0.20621410908756,-0.03864176048589,-0.496384628580627,-0.242820553103672,4.481
"Enil","170-171",2017,45.954,61.215,9.967,91.908,3,0,-0.20621410908756,-0.03864176048589,-0.496384628580627,-0.242820553103672,4.481
"Enil","170-171",2018,45.954,61.215,9.967,91.908,3,1,-0.20621410908756,-0.03864176048589,-0.496384628580627,-0.242820553103672,4.481
"Enil","170-171",2019,45.954,61.215,9.967,91.908,3,1,-0.20621410908756,-0.03864176048589,-0.496384628580627,-0.242820553103672,4.481
"Enil","170-171",2020,45.954,61.215,9.967,91.908,3,3,-0.20621410908756,-0.03864176048589,-0.496384628580627,-0.242820553103672,4.481
"Enil","170-171",2021,45.954,61.215,9.967,91.908,3,5,-0.20621410908756,-0.03864176048589,-0.496384628580627,-0.242820553103672,4.481
"Enil","170-171",2022,45.954,61.215,9.967,91.908,3,4,-0.20621410908756,-0.03864176048589,-0.496384628580627,-0.242820553103672,4.481
"Enil","170-171",2023,45.954,61.215,9.967,91.908,3,2,-0.20621410908756,-0.03864176048589,-0.496384628580627,-0.242820553103672,4.481
"Enil","170-171",2024,45.954,61.215,9.967,91.908,3,0,-0.20621410908756,-0.03864176048589,-0.496384628580627,-0.242820553103672,4.481
"Enil","170-171",2025,45.954,61.215,9.967,91.908,3,1,-0.20621410908756,-0.03864176048589,-0.496384628580627,-0.242820553103672,4.481
"Enil","173",2013,37.908,53.56,11.247,75.816,1,2,-0.352573195427401,-0.269800416368883,-0.195982474296394,-0.325816062595985,5.761
"Enil","173",2014,37.908,53.56,11.247,75.816,1,2,-0.352573195427401,-0.269800416368883,-0.195982474296394,-0.325816062595985,5.761
"Enil","173",2015,37.908,53.56,11.247,75.816,1,1,-0.352573195427401,-0.269800416368883,-0.195982474296394,-0.325816062595985,5.761
"Enil","173",2016,37.908,53.56,11.247,75.816,1,2,-0.352573195427401,-0.269800416368883,-0.195982474296394,-0.325816062595985,5.761
"Enil","173",2017,37.908,53.56,11.247,75.816,1,2,-0.352573195427401,-0.269800416368883,-0.195982474296394,-0.325816062595985,5.761
"Enil","173",2018,37.908,53.56,11.247,75.816,1,3,-0.352573195427401,-0.269800416368883,-0.195982474296394,-0.325816062595985,5.761
"Enil","173",2019,37.908,53.56,11.247,75.816,1,2,-0.352573195427401,-0.269800416368883,-0.195982474296394,-0.325816062595985,5.761
"Enil","173",2020,37.908,53.56,11.247,75.816,1,4,-0.352573195427401,-0.269800416368883,-0.195982474296394,-0.325816062595985,5.761
"Enil","173",2021,37.908,53.56,11.247,75.816,1,3,-0.352573195427401,-0.269800416368883,-0.195982474296394,-0.325816062595985,5.761
"Enil","173",2022,37.908,53.56,11.247,75.816,1,1,-0.352573195427401,-0.269800416368883,-0.195982474296394,-0.325816062595985,5.761
"Enil","173",2023,37.908,53.56,11.247,75.816,1,4,-0.352573195427401,-0.269800416368883,-0.195982474296394,-0.325816062595985,5.761
"Enil","173",2024,37.908,53.56,11.247,75.816,1,1,-0.352573195427401,-0.269800416368883,-0.195982474296394,-0.325816062595985,5.761
"Enil","173",2025,37.908,53.56,11.247,75.816,1,2,-0.352573195427401,-0.269800416368883,-0.195982474296394,-0.325816062595985,5.761
"Enil","186",2013,37.654,53.4,13.835,75.308,3,NA,-0.357193529497786,-0.274631949346189,0.411393131397041,-0.328436104779809,8.349
"Enil","186",2014,37.654,53.4,13.835,75.308,3,NA,-0.357193529497786,-0.274631949346189,0.411393131397041,-0.328436104779809,8.349
"Enil","186",2015,37.654,53.4,13.835,75.308,3,NA,-0.357193529497786,-0.274631949346189,0.411393131397041,-0.328436104779809,8.349
"Enil","186",2016,37.654,53.4,13.835,75.308,3,NA,-0.357193529497786,-0.274631949346189,0.411393131397041,-0.328436104779809,8.349
"Enil","186",2017,37.654,53.4,13.835,75.308,3,NA,-0.357193529497786,-0.274631949346189,0.411393131397041,-0.328436104779809,8.349
"Enil","186",2018,37.654,53.4,13.835,75.308,3,1,-0.357193529497786,-0.274631949346189,0.411393131397041,-0.328436104779809,8.349
"Enil","186",2019,37.654,53.4,13.835,75.308,3,2,-0.357193529497786,-0.274631949346189,0.411393131397041,-0.328436104779809,8.349
"Enil","186",2020,37.654,53.4,13.835,75.308,3,NA,-0.357193529497786,-0.274631949346189,0.411393131397041,-0.328436104779809,8.349
"Enil","186",2021,37.654,53.4,13.835,75.308,3,1,-0.357193529497786,-0.274631949346189,0.411393131397041,-0.328436104779809,8.349
"Enil","186",2022,37.654,53.4,13.835,75.308,3,2,-0.357193529497786,-0.274631949346189,0.411393131397041,-0.328436104779809,8.349
"Enil","186",2023,37.654,53.4,13.835,75.308,3,0,-0.357193529497786,-0.274631949346189,0.411393131397041,-0.328436104779809,8.349
"Enil","186",2024,37.654,53.4,13.835,75.308,3,0,-0.357193529497786,-0.274631949346189,0.411393131397041,-0.328436104779809,8.349
"Enil","186",2025,37.654,53.4,13.835,75.308,3,1,-0.357193529497786,-0.274631949346189,0.411393131397041,-0.328436104779809,8.349
"Enil","2",2013,116.3,92.954,16.608,311.4932,2,2,1.07340014490976,0.919783396806115,1.06218623595187,0.889704027493604,11.122
"Enil","2",2014,116.3,92.954,16.608,311.4932,2,2,1.07340014490976,0.919783396806115,1.06218623595187,0.889704027493604,11.122
"Enil","2",2015,116.3,92.954,16.608,311.4932,2,3,1.07340014490976,0.919783396806115,1.06218623595187,0.889704027493604,11.122
"Enil","2",2016,116.3,92.954,16.608,311.4932,2,1,1.07340014490976,0.919783396806115,1.06218623595187,0.889704027493604,11.122
"Enil","2",2017,116.3,92.954,16.608,311.4932,2,2,1.07340014490976,0.919783396806115,1.06218623595187,0.889704027493604,11.122
"Enil","2",2018,116.3,92.954,16.608,311.4932,2,3,1.07340014490976,0.919783396806115,1.06218623595187,0.889704027493604,11.122
"Enil","2",2019,116.3,92.954,16.608,311.4932,2,1,1.07340014490976,0.919783396806115,1.06218623595187,0.889704027493604,11.122
"Enil","2",2020,116.3,92.954,16.608,311.4932,2,5,1.07340014490976,0.919783396806115,1.06218623595187,0.889704027493604,11.122
"Enil","2",2021,116.3,92.954,16.608,311.4932,2,3,1.07340014490976,0.919783396806115,1.06218623595187,0.889704027493604,11.122
"Enil","2",2022,116.3,92.954,16.608,311.4932,2,1,1.07340014490976,0.919783396806115,1.06218623595187,0.889704027493604,11.122
"Enil","2",2023,116.3,92.954,16.608,311.4932,2,3,1.07340014490976,0.919783396806115,1.06218623595187,0.889704027493604,11.122
"Enil","2",2024,116.3,92.954,16.608,311.4932,2,5,1.07340014490976,0.919783396806115,1.06218623595187,0.889704027493604,11.122
"Enil","2",2025,116.3,92.954,16.608,311.4932,2,2,1.07340014490976,0.919783396806115,1.06218623595187,0.889704027493604,11.122
"Enil","20",2013,14.56,26.402,5.486,26.208,2,NA,-0.777280124070527,-1.08989274510439,-1.54802685775848,-0.581672465460429,0
"Enil","20",2014,14.56,26.402,5.486,26.208,2,NA,-0.777280124070527,-1.08989274510439,-1.54802685775848,-0.581672465460429,0
"Enil","20",2015,14.56,26.402,5.486,26.208,2,NA,-0.777280124070527,-1.08989274510439,-1.54802685775848,-0.581672465460429,0
"Enil","20",2016,14.56,26.402,5.486,26.208,2,NA,-0.777280124070527,-1.08989274510439,-1.54802685775848,-0.581672465460429,0
"Enil","20",2017,14.56,26.402,5.486,26.208,2,NA,-0.777280124070527,-1.08989274510439,-1.54802685775848,-0.581672465460429,0
"Enil","20",2018,14.56,26.402,5.486,26.208,2,NA,-0.777280124070527,-1.08989274510439,-1.54802685775848,-0.581672465460429,0
"Enil","20",2019,14.56,26.402,5.486,26.208,2,0,-0.777280124070527,-1.08989274510439,-1.54802685775848,-0.581672465460429,0
"Enil","20",2020,14.56,26.402,5.486,26.208,2,NA,-0.777280124070527,-1.08989274510439,-1.54802685775848,-0.581672465460429,0
"Enil","20",2021,14.56,26.402,5.486,26.208,2,0,-0.777280124070527,-1.08989274510439,-1.54802685775848,-0.581672465460429,0
"Enil","20",2022,14.56,26.402,5.486,26.208,2,0,-0.777280124070527,-1.08989274510439,-1.54802685775848,-0.581672465460429,0
"Enil","20",2023,14.56,26.402,5.486,26.208,2,NA,-0.777280124070527,-1.08989274510439,-1.54802685775848,-0.581672465460429,0
"Enil","20",2024,14.56,26.402,5.486,26.208,2,NA,-0.777280124070527,-1.08989274510439,-1.54802685775848,-0.581672465460429,0
"Enil","20",2025,14.56,26.402,5.486,26.208,2,1,-0.777280124070527,-1.08989274510439,-1.54802685775848,-0.581672465460429,0
"Enil","23",2013,58.978,66.053,17.641,117.956,3,NA,0.0306962489151839,0.107451717915405,1.30462016202657,-0.108476342859093,12.155
"Enil","23",2014,58.978,66.053,17.641,117.956,3,NA,0.0306962489151839,0.107451717915405,1.30462016202657,-0.108476342859093,12.155
"Enil","23",2015,58.978,66.053,17.641,117.956,3,NA,0.0306962489151839,0.107451717915405,1.30462016202657,-0.108476342859093,12.155
"Enil","23",2016,58.978,66.053,17.641,117.956,3,NA,0.0306962489151839,0.107451717915405,1.30462016202657,-0.108476342859093,12.155
"Enil","23",2017,58.978,66.053,17.641,117.956,3,NA,0.0306962489151839,0.107451717915405,1.30462016202657,-0.108476342859093,12.155
"Enil","23",2018,58.978,66.053,17.641,117.956,3,NA,0.0306962489151839,0.107451717915405,1.30462016202657,-0.108476342859093,12.155
"Enil","23",2019,58.978,66.053,17.641,117.956,3,NA,0.0306962489151839,0.107451717915405,1.30462016202657,-0.108476342859093,12.155
"Enil","23",2020,58.978,66.053,17.641,117.956,3,0,0.0306962489151839,0.107451717915405,1.30462016202657,-0.108476342859093,12.155
"Enil","23",2021,58.978,66.053,17.641,117.956,3,NA,0.0306962489151839,0.107451717915405,1.30462016202657,-0.108476342859093,12.155
"Enil","23",2022,58.978,66.053,17.641,117.956,3,NA,0.0306962489151839,0.107451717915405,1.30462016202657,-0.108476342859093,12.155
"Enil","23",2023,58.978,66.053,17.641,117.956,3,NA,0.0306962489151839,0.107451717915405,1.30462016202657,-0.108476342859093,12.155
"Enil","23",2024,58.978,66.053,17.641,117.956,3,1,0.0306962489151839,0.107451717915405,1.30462016202657,-0.108476342859093,12.155
"Enil","23",2025,58.978,66.053,17.641,117.956,3,10,0.0306962489151839,0.107451717915405,1.30462016202657,-0.108476342859093,12.155
"Enil","240",2013,275.961,168.265,19.166,1143.2191,4,0,3.97768029456241,3.19395577214303,1.66252116615427,5.17938304989307,13.68
"Enil","240",2014,275.961,168.265,19.166,1143.2191,4,0,3.97768029456241,3.19395577214303,1.66252116615427,5.17938304989307,13.68
"Enil","240",2015,275.961,168.265,19.166,1143.2191,4,0,3.97768029456241,3.19395577214303,1.66252116615427,5.17938304989307,13.68
"Enil","240",2016,275.961,168.265,19.166,1143.2191,4,0,3.97768029456241,3.19395577214303,1.66252116615427,5.17938304989307,13.68
"Enil","240",2017,275.961,168.265,19.166,1143.2191,4,0,3.97768029456241,3.19395577214303,1.66252116615427,5.17938304989307,13.68
"Enil","240",2018,275.961,168.265,19.166,1143.2191,4,0,3.97768029456241,3.19395577214303,1.66252116615427,5.17938304989307,13.68
"Enil","240",2019,275.961,168.265,19.166,1143.2191,4,0,3.97768029456241,3.19395577214303,1.66252116615427,5.17938304989307,13.68
"Enil","240",2020,275.961,168.265,19.166,1143.2191,4,1,3.97768029456241,3.19395577214303,1.66252116615427,5.17938304989307,13.68
"Enil","240",2021,275.961,168.265,19.166,1143.2191,4,0,3.97768029456241,3.19395577214303,1.66252116615427,5.17938304989307,13.68
"Enil","240",2022,275.961,168.265,19.166,1143.2191,4,0,3.97768029456241,3.19395577214303,1.66252116615427,5.17938304989307,13.68
"Enil","240",2023,275.961,168.265,19.166,1143.2191,4,0,3.97768029456241,3.19395577214303,1.66252116615427,5.17938304989307,13.68
"Enil","240",2024,275.961,168.265,19.166,1143.2191,4,0,3.97768029456241,3.19395577214303,1.66252116615427,5.17938304989307,13.68
"Enil","240",2025,275.961,168.265,19.166,1143.2191,4,0,3.97768029456241,3.19395577214303,1.66252116615427,5.17938304989307,13.68
"Enil","241",2013,28.698,38.497,6.987,57.396,2,0,-0.520105781207904,-0.724659049101151,-1.19575839402361,-0.420818379576372,1.501
"Enil","241",2014,28.698,38.497,6.987,57.396,2,1,-0.520105781207904,-0.724659049101151,-1.19575839402361,-0.420818379576372,1.501
"Enil","241",2015,28.698,38.497,6.987,57.396,2,2,-0.520105781207904,-0.724659049101151,-1.19575839402361,-0.420818379576372,1.501
"Enil","241",2016,28.698,38.497,6.987,57.396,2,2,-0.520105781207904,-0.724659049101151,-1.19575839402361,-0.420818379576372,1.501
"Enil","241",2017,28.698,38.497,6.987,57.396,2,1,-0.520105781207904,-0.724659049101151,-1.19575839402361,-0.420818379576372,1.501
"Enil","241",2018,28.698,38.497,6.987,57.396,2,NA,-0.520105781207904,-0.724659049101151,-1.19575839402361,-0.420818379576372,1.501
"Enil","241",2019,28.698,38.497,6.987,57.396,2,3,-0.520105781207904,-0.724659049101151,-1.19575839402361,-0.420818379576372,1.501
"Enil","241",2020,28.698,38.497,6.987,57.396,2,4,-0.520105781207904,-0.724659049101151,-1.19575839402361,-0.420818379576372,1.501
"Enil","241",2021,28.698,38.497,6.987,57.396,2,1,-0.520105781207904,-0.724659049101151,-1.19575839402361,-0.420818379576372,1.501
"Enil","241",2022,28.698,38.497,6.987,57.396,2,4,-0.520105781207904,-0.724659049101151,-1.19575839402361,-0.420818379576372,1.501
"Enil","241",2023,28.698,38.497,6.987,57.396,2,3,-0.520105781207904,-0.724659049101151,-1.19575839402361,-0.420818379576372,1.501
"Enil","241",2024,28.698,38.497,6.987,57.396,2,4,-0.520105781207904,-0.724659049101151,-1.19575839402361,-0.420818379576372,1.501
"Enil","241",2025,28.698,38.497,6.987,57.396,2,6,-0.520105781207904,-0.724659049101151,-1.19575839402361,-0.420818379576372,1.501
"Enil","244",2013,49.648,57.343,11.595,99.296,1,0,-0.139019171859202,-0.1555648585367,-0.114310638600368,-0.204716475044437,6.109
"Enil","244",2014,49.648,57.343,11.595,99.296,1,3,-0.139019171859202,-0.1555648585367,-0.114310638600368,-0.204716475044437,6.109
"Enil","244",2015,49.648,57.343,11.595,99.296,1,4,-0.139019171859202,-0.1555648585367,-0.114310638600368,-0.204716475044437,6.109
"Enil","244",2016,49.648,57.343,11.595,99.296,1,3,-0.139019171859202,-0.1555648585367,-0.114310638600368,-0.204716475044437,6.109
"Enil","244",2017,49.648,57.343,11.595,99.296,1,NA,-0.139019171859202,-0.1555648585367,-0.114310638600368,-0.204716475044437,6.109
"Enil","244",2018,49.648,57.343,11.595,99.296,1,2,-0.139019171859202,-0.1555648585367,-0.114310638600368,-0.204716475044437,6.109
"Enil","244",2019,49.648,57.343,11.595,99.296,1,0,-0.139019171859202,-0.1555648585367,-0.114310638600368,-0.204716475044437,6.109
"Enil","244",2020,49.648,57.343,11.595,99.296,1,2,-0.139019171859202,-0.1555648585367,-0.114310638600368,-0.204716475044437,6.109
"Enil","244",2021,49.648,57.343,11.595,99.296,1,1,-0.139019171859202,-0.1555648585367,-0.114310638600368,-0.204716475044437,6.109
"Enil","244",2022,49.648,57.343,11.595,99.296,1,NA,-0.139019171859202,-0.1555648585367,-0.114310638600368,-0.204716475044437,6.109
"Enil","244",2023,49.648,57.343,11.595,99.296,1,0,-0.139019171859202,-0.1555648585367,-0.114310638600368,-0.204716475044437,6.109
"Enil","244",2024,49.648,57.343,11.595,99.296,1,2,-0.139019171859202,-0.1555648585367,-0.114310638600368,-0.204716475044437,6.109
"Enil","244",2025,49.648,57.343,11.595,99.296,1,1,-0.139019171859202,-0.1555648585367,-0.114310638600368,-0.204716475044437,6.109
"Enil","252",2013,23.559,31.012,6.392,47.118,1,0,-0.613585689820934,-0.950684201195756,-1.33539845792917,-0.473827815728621,0.906000000000001
"Enil","252",2014,23.559,31.012,6.392,47.118,1,1,-0.613585689820934,-0.950684201195756,-1.33539845792917,-0.473827815728621,0.906000000000001
"Enil","252",2015,23.559,31.012,6.392,47.118,1,1,-0.613585689820934,-0.950684201195756,-1.33539845792917,-0.473827815728621,0.906000000000001
"Enil","252",2016,23.559,31.012,6.392,47.118,1,1,-0.613585689820934,-0.950684201195756,-1.33539845792917,-0.473827815728621,0.906000000000001
"Enil","252",2017,23.559,31.012,6.392,47.118,1,NA,-0.613585689820934,-0.950684201195756,-1.33539845792917,-0.473827815728621,0.906000000000001
"Enil","252",2018,23.559,31.012,6.392,47.118,1,2,-0.613585689820934,-0.950684201195756,-1.33539845792917,-0.473827815728621,0.906000000000001
"Enil","252",2019,23.559,31.012,6.392,47.118,1,0,-0.613585689820934,-0.950684201195756,-1.33539845792917,-0.473827815728621,0.906000000000001
"Enil","252",2020,23.559,31.012,6.392,47.118,1,1,-0.613585689820934,-0.950684201195756,-1.33539845792917,-0.473827815728621,0.906000000000001
"Enil","252",2021,23.559,31.012,6.392,47.118,1,2,-0.613585689820934,-0.950684201195756,-1.33539845792917,-0.473827815728621,0.906000000000001
"Enil","252",2022,23.559,31.012,6.392,47.118,1,2,-0.613585689820934,-0.950684201195756,-1.33539845792917,-0.473827815728621,0.906000000000001
"Enil","252",2023,23.559,31.012,6.392,47.118,1,3,-0.613585689820934,-0.950684201195756,-1.33539845792917,-0.473827815728621,0.906000000000001
"Enil","252",2024,23.559,31.012,6.392,47.118,1,0,-0.613585689820934,-0.950684201195756,-1.33539845792917,-0.473827815728621,0.906000000000001
"Enil","252",2025,23.559,31.012,6.392,47.118,1,2,-0.613585689820934,-0.950684201195756,-1.33539845792917,-0.473827815728621,0.906000000000001
"Enil","272",2013,42.23,51.212,11.066,84.46,1,0,-0.273954755064389,-0.340703162810851,-0.238461216425649,-0.281234084964146,5.58
"Enil","272",2014,42.23,51.212,11.066,84.46,1,0,-0.273954755064389,-0.340703162810851,-0.238461216425649,-0.281234084964146,5.58
"Enil","272",2015,42.23,51.212,11.066,84.46,1,1,-0.273954755064389,-0.340703162810851,-0.238461216425649,-0.281234084964146,5.58
"Enil","272",2016,42.23,51.212,11.066,84.46,1,0,-0.273954755064389,-0.340703162810851,-0.238461216425649,-0.281234084964146,5.58
"Enil","272",2017,42.23,51.212,11.066,84.46,1,1,-0.273954755064389,-0.340703162810851,-0.238461216425649,-0.281234084964146,5.58
"Enil","272",2018,42.23,51.212,11.066,84.46,1,1,-0.273954755064389,-0.340703162810851,-0.238461216425649,-0.281234084964146,5.58
"Enil","272",2019,42.23,51.212,11.066,84.46,1,1,-0.273954755064389,-0.340703162810851,-0.238461216425649,-0.281234084964146,5.58
"Enil","272",2020,42.23,51.212,11.066,84.46,1,0,-0.273954755064389,-0.340703162810851,-0.238461216425649,-0.281234084964146,5.58
"Enil","272",2021,42.23,51.212,11.066,84.46,1,0,-0.273954755064389,-0.340703162810851,-0.238461216425649,-0.281234084964146,5.58
"Enil","272",2022,42.23,51.212,11.066,84.46,1,0,-0.273954755064389,-0.340703162810851,-0.238461216425649,-0.281234084964146,5.58
"Enil","272",2023,42.23,51.212,11.066,84.46,1,1,-0.273954755064389,-0.340703162810851,-0.238461216425649,-0.281234084964146,5.58
"Enil","272",2024,42.23,51.212,11.066,84.46,1,0,-0.273954755064389,-0.340703162810851,-0.238461216425649,-0.281234084964146,5.58
"Enil","272",2025,42.23,51.212,11.066,84.46,1,0,-0.273954755064389,-0.340703162810851,-0.238461216425649,-0.281234084964146,5.58
"Enil","278",2013,25.798,30.485,12.206,51.596,1,NA,-0.572857626893404,-0.966598062939758,0.0290844522337463,-0.45073224702948,6.72
"Enil","278",2014,25.798,30.485,12.206,51.596,1,NA,-0.572857626893404,-0.966598062939758,0.0290844522337463,-0.45073224702948,6.72
"Enil","278",2015,25.798,30.485,12.206,51.596,1,NA,-0.572857626893404,-0.966598062939758,0.0290844522337463,-0.45073224702948,6.72
"Enil","278",2016,25.798,30.485,12.206,51.596,1,NA,-0.572857626893404,-0.966598062939758,0.0290844522337463,-0.45073224702948,6.72
"Enil","278",2017,25.798,30.485,12.206,51.596,1,NA,-0.572857626893404,-0.966598062939758,0.0290844522337463,-0.45073224702948,6.72
"Enil","278",2018,25.798,30.485,12.206,51.596,1,NA,-0.572857626893404,-0.966598062939758,0.0290844522337463,-0.45073224702948,6.72
"Enil","278",2019,25.798,30.485,12.206,51.596,1,NA,-0.572857626893404,-0.966598062939758,0.0290844522337463,-0.45073224702948,6.72
"Enil","278",2020,25.798,30.485,12.206,51.596,1,NA,-0.572857626893404,-0.966598062939758,0.0290844522337463,-0.45073224702948,6.72
"Enil","278",2021,25.798,30.485,12.206,51.596,1,NA,-0.572857626893404,-0.966598062939758,0.0290844522337463,-0.45073224702948,6.72
"Enil","278",2022,25.798,30.485,12.206,51.596,1,NA,-0.572857626893404,-0.966598062939758,0.0290844522337463,-0.45073224702948,6.72
"Enil","278",2023,25.798,30.485,12.206,51.596,1,4,-0.572857626893404,-0.966598062939758,0.0290844522337463,-0.45073224702948,6.72
"Enil","278",2024,25.798,30.485,12.206,51.596,1,0,-0.572857626893404,-0.966598062939758,0.0290844522337463,-0.45073224702948,6.72
"Enil","278",2025,25.798,30.485,12.206,51.596,1,0,-0.572857626893404,-0.966598062939758,0.0290844522337463,-0.45073224702948,6.72
"Enil","28-172",2013,38.186,54.052,11.529,76.372,1,0,-0.347516294358239,-0.254943452463666,-0.129800124680649,-0.32294845737117,6.043
"Enil","28-172",2014,38.186,54.052,11.529,76.372,1,0,-0.347516294358239,-0.254943452463666,-0.129800124680649,-0.32294845737117,6.043
"Enil","28-172",2015,38.186,54.052,11.529,76.372,1,0,-0.347516294358239,-0.254943452463666,-0.129800124680649,-0.32294845737117,6.043
"Enil","28-172",2016,38.186,54.052,11.529,76.372,1,1,-0.347516294358239,-0.254943452463666,-0.129800124680649,-0.32294845737117,6.043
"Enil","28-172",2017,38.186,54.052,11.529,76.372,1,0,-0.347516294358239,-0.254943452463666,-0.129800124680649,-0.32294845737117,6.043
"Enil","28-172",2018,38.186,54.052,11.529,76.372,1,1,-0.347516294358239,-0.254943452463666,-0.129800124680649,-0.32294845737117,6.043
"Enil","28-172",2019,38.186,54.052,11.529,76.372,1,3,-0.347516294358239,-0.254943452463666,-0.129800124680649,-0.32294845737117,6.043
"Enil","28-172",2020,38.186,54.052,11.529,76.372,1,3,-0.347516294358239,-0.254943452463666,-0.129800124680649,-0.32294845737117,6.043
"Enil","28-172",2021,38.186,54.052,11.529,76.372,1,1,-0.347516294358239,-0.254943452463666,-0.129800124680649,-0.32294845737117,6.043
"Enil","28-172",2022,38.186,54.052,11.529,76.372,1,2,-0.347516294358239,-0.254943452463666,-0.129800124680649,-0.32294845737117,6.043
"Enil","28-172",2023,38.186,54.052,11.529,76.372,1,1,-0.347516294358239,-0.254943452463666,-0.129800124680649,-0.32294845737117,6.043
"Enil","28-172",2024,38.186,54.052,11.529,76.372,1,0,-0.347516294358239,-0.254943452463666,-0.129800124680649,-0.32294845737117,6.043
"Enil","28-172",2025,38.186,54.052,11.529,76.372,1,1,-0.347516294358239,-0.254943452463666,-0.129800124680649,-0.32294845737117,6.043
"Enil","30",2013,35.788,53.37,10.697,67.63932,1,NA,-0.391136613652663,-0.275537861779434,-0.325061524965401,-0.36798780772124,5.211
"Enil","30",2014,35.788,53.37,10.697,67.63932,1,NA,-0.391136613652663,-0.275537861779434,-0.325061524965401,-0.36798780772124,5.211
"Enil","30",2015,35.788,53.37,10.697,67.63932,1,NA,-0.391136613652663,-0.275537861779434,-0.325061524965401,-0.36798780772124,5.211
"Enil","30",2016,35.788,53.37,10.697,67.63932,1,NA,-0.391136613652663,-0.275537861779434,-0.325061524965401,-0.36798780772124,5.211
"Enil","30",2017,35.788,53.37,10.697,67.63932,1,NA,-0.391136613652663,-0.275537861779434,-0.325061524965401,-0.36798780772124,5.211
"Enil","30",2018,35.788,53.37,10.697,67.63932,1,NA,-0.391136613652663,-0.275537861779434,-0.325061524965401,-0.36798780772124,5.211
"Enil","30",2019,35.788,53.37,10.697,67.63932,1,NA,-0.391136613652663,-0.275537861779434,-0.325061524965401,-0.36798780772124,5.211
"Enil","30",2020,35.788,53.37,10.697,67.63932,1,0,-0.391136613652663,-0.275537861779434,-0.325061524965401,-0.36798780772124,5.211
"Enil","30",2021,35.788,53.37,10.697,67.63932,1,0,-0.391136613652663,-0.275537861779434,-0.325061524965401,-0.36798780772124,5.211
"Enil","30",2022,35.788,53.37,10.697,67.63932,1,2,-0.391136613652663,-0.275537861779434,-0.325061524965401,-0.36798780772124,5.211
"Enil","30",2023,35.788,53.37,10.697,67.63932,1,0,-0.391136613652663,-0.275537861779434,-0.325061524965401,-0.36798780772124,5.211
"Enil","30",2024,35.788,53.37,10.697,67.63932,1,0,-0.391136613652663,-0.275537861779434,-0.325061524965401,-0.36798780772124,5.211
"Enil","30",2025,35.788,53.37,10.697,67.63932,1,1,-0.391136613652663,-0.275537861779434,-0.325061524965401,-0.36798780772124,5.211
"Enil","304",2013,36.38,57.859,9.654,72.76,2,3,-0.380367961016175,-0.139983164684887,-0.569842342870444,-0.34157757620576,4.168
"Enil","304",2014,36.38,57.859,9.654,72.76,2,3,-0.380367961016175,-0.139983164684887,-0.569842342870444,-0.34157757620576,4.168
"Enil","304",2015,36.38,57.859,9.654,72.76,2,0,-0.380367961016175,-0.139983164684887,-0.569842342870444,-0.34157757620576,4.168
"Enil","304",2016,36.38,57.859,9.654,72.76,2,0,-0.380367961016175,-0.139983164684887,-0.569842342870444,-0.34157757620576,4.168
"Enil","304",2017,36.38,57.859,9.654,72.76,2,1,-0.380367961016175,-0.139983164684887,-0.569842342870444,-0.34157757620576,4.168
"Enil","304",2018,36.38,57.859,9.654,72.76,2,0,-0.380367961016175,-0.139983164684887,-0.569842342870444,-0.34157757620576,4.168
"Enil","304",2019,36.38,57.859,9.654,72.76,2,0,-0.380367961016175,-0.139983164684887,-0.569842342870444,-0.34157757620576,4.168
"Enil","304",2020,36.38,57.859,9.654,72.76,2,0,-0.380367961016175,-0.139983164684887,-0.569842342870444,-0.34157757620576,4.168
"Enil","304",2021,36.38,57.859,9.654,72.76,2,2,-0.380367961016175,-0.139983164684887,-0.569842342870444,-0.34157757620576,4.168
"Enil","304",2022,36.38,57.859,9.654,72.76,2,0,-0.380367961016175,-0.139983164684887,-0.569842342870444,-0.34157757620576,4.168
"Enil","304",2023,36.38,57.859,9.654,72.76,2,2,-0.380367961016175,-0.139983164684887,-0.569842342870444,-0.34157757620576,4.168
"Enil","304",2024,36.38,57.859,9.654,72.76,2,1,-0.380367961016175,-0.139983164684887,-0.569842342870444,-0.34157757620576,4.168
"Enil","304",2025,36.38,57.859,9.654,72.76,2,1,-0.380367961016175,-0.139983164684887,-0.569842342870444,-0.34157757620576,4.168
"Enil","306",2013,44.796,58.496,8.832,89.592,2,0,-0.227278466778529,-0.120747624018987,-0.76275685132485,-0.254765469831499,3.346
"Enil","306",2014,44.796,58.496,8.832,89.592,2,0,-0.227278466778529,-0.120747624018987,-0.76275685132485,-0.254765469831499,3.346
"Enil","306",2015,44.796,58.496,8.832,89.592,2,0,-0.227278466778529,-0.120747624018987,-0.76275685132485,-0.254765469831499,3.346
"Enil","306",2016,44.796,58.496,8.832,89.592,2,0,-0.227278466778529,-0.120747624018987,-0.76275685132485,-0.254765469831499,3.346
"Enil","306",2017,44.796,58.496,8.832,89.592,2,NA,-0.227278466778529,-0.120747624018987,-0.76275685132485,-0.254765469831499,3.346
"Enil","306",2018,44.796,58.496,8.832,89.592,2,NA,-0.227278466778529,-0.120747624018987,-0.76275685132485,-0.254765469831499,3.346
"Enil","306",2019,44.796,58.496,8.832,89.592,2,1,-0.227278466778529,-0.120747624018987,-0.76275685132485,-0.254765469831499,3.346
"Enil","306",2020,44.796,58.496,8.832,89.592,2,2,-0.227278466778529,-0.120747624018987,-0.76275685132485,-0.254765469831499,3.346
"Enil","306",2021,44.796,58.496,8.832,89.592,2,2,-0.227278466778529,-0.120747624018987,-0.76275685132485,-0.254765469831499,3.346
"Enil","306",2022,44.796,58.496,8.832,89.592,2,3,-0.227278466778529,-0.120747624018987,-0.76275685132485,-0.254765469831499,3.346
"Enil","306",2023,44.796,58.496,8.832,89.592,2,2,-0.227278466778529,-0.120747624018987,-0.76275685132485,-0.254765469831499,3.346
"Enil","306",2024,44.796,58.496,8.832,89.592,2,0,-0.227278466778529,-0.120747624018987,-0.76275685132485,-0.254765469831499,3.346
"Enil","306",2025,44.796,58.496,8.832,89.592,2,1,-0.227278466778529,-0.120747624018987,-0.76275685132485,-0.254765469831499,3.346
"Enil","308",2013,72.474,80.904,10.944,144.948,3,1,0.276192424560534,0.555908569452743,-0.267093296755865,0.0307366071916462,5.458
"Enil","308",2014,72.474,80.904,10.944,144.948,3,1,0.276192424560534,0.555908569452743,-0.267093296755865,0.0307366071916462,5.458
"Enil","308",2015,72.474,80.904,10.944,144.948,3,2,0.276192424560534,0.555908569452743,-0.267093296755865,0.0307366071916462,5.458
"Enil","308",2016,72.474,80.904,10.944,144.948,3,2,0.276192424560534,0.555908569452743,-0.267093296755865,0.0307366071916462,5.458
"Enil","308",2017,72.474,80.904,10.944,144.948,3,2,0.276192424560534,0.555908569452743,-0.267093296755865,0.0307366071916462,5.458
"Enil","308",2018,72.474,80.904,10.944,144.948,3,1,0.276192424560534,0.555908569452743,-0.267093296755865,0.0307366071916462,5.458
"Enil","308",2019,72.474,80.904,10.944,144.948,3,3,0.276192424560534,0.555908569452743,-0.267093296755865,0.0307366071916462,5.458
"Enil","308",2020,72.474,80.904,10.944,144.948,3,2,0.276192424560534,0.555908569452743,-0.267093296755865,0.0307366071916462,5.458
"Enil","308",2021,72.474,80.904,10.944,144.948,3,2,0.276192424560534,0.555908569452743,-0.267093296755865,0.0307366071916462,5.458
"Enil","308",2022,72.474,80.904,10.944,144.948,3,2,0.276192424560534,0.555908569452743,-0.267093296755865,0.0307366071916462,5.458
"Enil","308",2023,72.474,80.904,10.944,144.948,3,3,0.276192424560534,0.555908569452743,-0.267093296755865,0.0307366071916462,5.458
"Enil","308",2024,72.474,80.904,10.944,144.948,3,2,0.276192424560534,0.555908569452743,-0.267093296755865,0.0307366071916462,5.458
"Enil","308",2025,72.474,80.904,10.944,144.948,3,2,0.276192424560534,0.555908569452743,-0.267093296755865,0.0307366071916462,5.458
"Enil","309",2013,37.953,47.839,8.916,75.906,1,2,-0.351754632304695,-0.442557917388687,-0.743042959949947,-0.325351881894126,3.43
"Enil","309",2014,37.953,47.839,8.916,75.906,1,3,-0.351754632304695,-0.442557917388687,-0.743042959949947,-0.325351881894126,3.43
"Enil","309",2015,37.953,47.839,8.916,75.906,1,2,-0.351754632304695,-0.442557917388687,-0.743042959949947,-0.325351881894126,3.43
"Enil","309",2016,37.953,47.839,8.916,75.906,1,5,-0.351754632304695,-0.442557917388687,-0.743042959949947,-0.325351881894126,3.43
"Enil","309",2017,37.953,47.839,8.916,75.906,1,1,-0.351754632304695,-0.442557917388687,-0.743042959949947,-0.325351881894126,3.43
"Enil","309",2018,37.953,47.839,8.916,75.906,1,4,-0.351754632304695,-0.442557917388687,-0.743042959949947,-0.325351881894126,3.43
"Enil","309",2019,37.953,47.839,8.916,75.906,1,2,-0.351754632304695,-0.442557917388687,-0.743042959949947,-0.325351881894126,3.43
"Enil","309",2020,37.953,47.839,8.916,75.906,1,3,-0.351754632304695,-0.442557917388687,-0.743042959949947,-0.325351881894126,3.43
"Enil","309",2021,37.953,47.839,8.916,75.906,1,3,-0.351754632304695,-0.442557917388687,-0.743042959949947,-0.325351881894126,3.43
"Enil","309",2022,37.953,47.839,8.916,75.906,1,1,-0.351754632304695,-0.442557917388687,-0.743042959949947,-0.325351881894126,3.43
"Enil","309",2023,37.953,47.839,8.916,75.906,1,2,-0.351754632304695,-0.442557917388687,-0.743042959949947,-0.325351881894126,3.43
"Enil","309",2024,37.953,47.839,8.916,75.906,1,1,-0.351754632304695,-0.442557917388687,-0.743042959949947,-0.325351881894126,3.43
"Enil","309",2025,37.953,47.839,8.916,75.906,1,5,-0.351754632304695,-0.442557917388687,-0.743042959949947,-0.325351881894126,3.43
"Enil","31",2013,39.998,55.005,7.743,79.996,3,NA,-0.314555485950609,-0.226165634167586,-1.01833337164948,-0.304257447776331,2.257
"Enil","31",2014,39.998,55.005,7.743,79.996,3,NA,-0.314555485950609,-0.226165634167586,-1.01833337164948,-0.304257447776331,2.257
"Enil","31",2015,39.998,55.005,7.743,79.996,3,NA,-0.314555485950609,-0.226165634167586,-1.01833337164948,-0.304257447776331,2.257
"Enil","31",2016,39.998,55.005,7.743,79.996,3,NA,-0.314555485950609,-0.226165634167586,-1.01833337164948,-0.304257447776331,2.257
"Enil","31",2017,39.998,55.005,7.743,79.996,3,NA,-0.314555485950609,-0.226165634167586,-1.01833337164948,-0.304257447776331,2.257
"Enil","31",2018,39.998,55.005,7.743,79.996,3,NA,-0.314555485950609,-0.226165634167586,-1.01833337164948,-0.304257447776331,2.257
"Enil","31",2019,39.998,55.005,7.743,79.996,3,NA,-0.314555485950609,-0.226165634167586,-1.01833337164948,-0.304257447776331,2.257
"Enil","31",2020,39.998,55.005,7.743,79.996,3,5,-0.314555485950609,-0.226165634167586,-1.01833337164948,-0.304257447776331,2.257
"Enil","31",2021,39.998,55.005,7.743,79.996,3,NA,-0.314555485950609,-0.226165634167586,-1.01833337164948,-0.304257447776331,2.257
"Enil","31",2022,39.998,55.005,7.743,79.996,3,NA,-0.314555485950609,-0.226165634167586,-1.01833337164948,-0.304257447776331,2.257
"Enil","31",2023,39.998,55.005,7.743,79.996,3,NA,-0.314555485950609,-0.226165634167586,-1.01833337164948,-0.304257447776331,2.257
"Enil","31",2024,39.998,55.005,7.743,79.996,3,1,-0.314555485950609,-0.226165634167586,-1.01833337164948,-0.304257447776331,2.257
"Enil","31",2025,39.998,55.005,7.743,79.996,3,0,-0.314555485950609,-0.226165634167586,-1.01833337164948,-0.304257447776331,2.257
"Enil","312",2013,42.042,50.393,10.597,84.084,1,3,-0.277374529888139,-0.365434572238437,-0.348530443268856,-0.283173328785244,5.111
"Enil","312",2014,42.042,50.393,10.597,84.084,1,3,-0.277374529888139,-0.365434572238437,-0.348530443268856,-0.283173328785244,5.111
"Enil","312",2015,42.042,50.393,10.597,84.084,1,1,-0.277374529888139,-0.365434572238437,-0.348530443268856,-0.283173328785244,5.111
"Enil","312",2016,42.042,50.393,10.597,84.084,1,2,-0.277374529888139,-0.365434572238437,-0.348530443268856,-0.283173328785244,5.111
"Enil","312",2017,42.042,50.393,10.597,84.084,1,1,-0.277374529888139,-0.365434572238437,-0.348530443268856,-0.283173328785244,5.111
"Enil","312",2018,42.042,50.393,10.597,84.084,1,2,-0.277374529888139,-0.365434572238437,-0.348530443268856,-0.283173328785244,5.111
"Enil","312",2019,42.042,50.393,10.597,84.084,1,1,-0.277374529888139,-0.365434572238437,-0.348530443268856,-0.283173328785244,5.111
"Enil","312",2020,42.042,50.393,10.597,84.084,1,6,-0.277374529888139,-0.365434572238437,-0.348530443268856,-0.283173328785244,5.111
"Enil","312",2021,42.042,50.393,10.597,84.084,1,1,-0.277374529888139,-0.365434572238437,-0.348530443268856,-0.283173328785244,5.111
"Enil","312",2022,42.042,50.393,10.597,84.084,1,NA,-0.277374529888139,-0.365434572238437,-0.348530443268856,-0.283173328785244,5.111
"Enil","312",2023,42.042,50.393,10.597,84.084,1,2,-0.277374529888139,-0.365434572238437,-0.348530443268856,-0.283173328785244,5.111
"Enil","312",2024,42.042,50.393,10.597,84.084,1,2,-0.277374529888139,-0.365434572238437,-0.348530443268856,-0.283173328785244,5.111
"Enil","312",2025,42.042,50.393,10.597,84.084,1,1,-0.277374529888139,-0.365434572238437,-0.348530443268856,-0.283173328785244,5.111
"Enil","314",2013,48.58,65.034,12.959,97.16,1,2,-0.158446403304759,0.0766808922661869,0.205805407058768,-0.215733030368547,7.473
"Enil","314",2014,48.58,65.034,12.959,97.16,1,5,-0.158446403304759,0.0766808922661869,0.205805407058768,-0.215733030368547,7.473
"Enil","314",2015,48.58,65.034,12.959,97.16,1,4,-0.158446403304759,0.0766808922661869,0.205805407058768,-0.215733030368547,7.473
"Enil","314",2016,48.58,65.034,12.959,97.16,1,6,-0.158446403304759,0.0766808922661869,0.205805407058768,-0.215733030368547,7.473
"Enil","314",2017,48.58,65.034,12.959,97.16,1,3,-0.158446403304759,0.0766808922661869,0.205805407058768,-0.215733030368547,7.473
"Enil","314",2018,48.58,65.034,12.959,97.16,1,3,-0.158446403304759,0.0766808922661869,0.205805407058768,-0.215733030368547,7.473
"Enil","314",2019,48.58,65.034,12.959,97.16,1,1,-0.158446403304759,0.0766808922661869,0.205805407058768,-0.215733030368547,7.473
"Enil","314",2020,48.58,65.034,12.959,97.16,1,5,-0.158446403304759,0.0766808922661869,0.205805407058768,-0.215733030368547,7.473
"Enil","314",2021,48.58,65.034,12.959,97.16,1,NA,-0.158446403304759,0.0766808922661869,0.205805407058768,-0.215733030368547,7.473
"Enil","314",2022,48.58,65.034,12.959,97.16,1,3,-0.158446403304759,0.0766808922661869,0.205805407058768,-0.215733030368547,7.473
"Enil","314",2023,48.58,65.034,12.959,97.16,1,3,-0.158446403304759,0.0766808922661869,0.205805407058768,-0.215733030368547,7.473
"Enil","314",2024,48.58,65.034,12.959,97.16,1,4,-0.158446403304759,0.0766808922661869,0.205805407058768,-0.215733030368547,7.473
"Enil","314",2025,48.58,65.034,12.959,97.16,1,6,-0.158446403304759,0.0766808922661869,0.205805407058768,-0.215733030368547,7.473
"Enil","316",2013,76.844,92.008,11.308,153.688,2,NA,0.355683998921098,0.891216958077792,-0.181666434131286,0.0758137109054674,5.822
"Enil","316",2014,76.844,92.008,11.308,153.688,2,NA,0.355683998921098,0.891216958077792,-0.181666434131286,0.0758137109054674,5.822
"Enil","316",2015,76.844,92.008,11.308,153.688,2,4,0.355683998921098,0.891216958077792,-0.181666434131286,0.0758137109054674,5.822
"Enil","316",2016,76.844,92.008,11.308,153.688,2,3,0.355683998921098,0.891216958077792,-0.181666434131286,0.0758137109054674,5.822
"Enil","316",2017,76.844,92.008,11.308,153.688,2,NA,0.355683998921098,0.891216958077792,-0.181666434131286,0.0758137109054674,5.822
"Enil","316",2018,76.844,92.008,11.308,153.688,2,3,0.355683998921098,0.891216958077792,-0.181666434131286,0.0758137109054674,5.822
"Enil","316",2019,76.844,92.008,11.308,153.688,2,1,0.355683998921098,0.891216958077792,-0.181666434131286,0.0758137109054674,5.822
"Enil","316",2020,76.844,92.008,11.308,153.688,2,NA,0.355683998921098,0.891216958077792,-0.181666434131286,0.0758137109054674,5.822
"Enil","316",2021,76.844,92.008,11.308,153.688,2,3,0.355683998921098,0.891216958077792,-0.181666434131286,0.0758137109054674,5.822
"Enil","316",2022,76.844,92.008,11.308,153.688,2,NA,0.355683998921098,0.891216958077792,-0.181666434131286,0.0758137109054674,5.822
"Enil","316",2023,76.844,92.008,11.308,153.688,2,NA,0.355683998921098,0.891216958077792,-0.181666434131286,0.0758137109054674,5.822
"Enil","316",2024,76.844,92.008,11.308,153.688,2,NA,0.355683998921098,0.891216958077792,-0.181666434131286,0.0758137109054674,5.822
"Enil","316",2025,76.844,92.008,11.308,153.688,2,2,0.355683998921098,0.891216958077792,-0.181666434131286,0.0758137109054674,5.822
"Enil","33",2013,36.519,58.996,6.607,73.038,3,NA,-0.377839510481594,-0.105649083464905,-1.28494028357674,-0.340143773593353,1.121
"Enil","33",2014,36.519,58.996,6.607,73.038,3,NA,-0.377839510481594,-0.105649083464905,-1.28494028357674,-0.340143773593353,1.121
"Enil","33",2015,36.519,58.996,6.607,73.038,3,NA,-0.377839510481594,-0.105649083464905,-1.28494028357674,-0.340143773593353,1.121
"Enil","33",2016,36.519,58.996,6.607,73.038,3,NA,-0.377839510481594,-0.105649083464905,-1.28494028357674,-0.340143773593353,1.121
"Enil","33",2017,36.519,58.996,6.607,73.038,3,NA,-0.377839510481594,-0.105649083464905,-1.28494028357674,-0.340143773593353,1.121
"Enil","33",2018,36.519,58.996,6.607,73.038,3,NA,-0.377839510481594,-0.105649083464905,-1.28494028357674,-0.340143773593353,1.121
"Enil","33",2019,36.519,58.996,6.607,73.038,3,NA,-0.377839510481594,-0.105649083464905,-1.28494028357674,-0.340143773593353,1.121
"Enil","33",2020,36.519,58.996,6.607,73.038,3,1,-0.377839510481594,-0.105649083464905,-1.28494028357674,-0.340143773593353,1.121
"Enil","33",2021,36.519,58.996,6.607,73.038,3,NA,-0.377839510481594,-0.105649083464905,-1.28494028357674,-0.340143773593353,1.121
"Enil","33",2022,36.519,58.996,6.607,73.038,3,NA,-0.377839510481594,-0.105649083464905,-1.28494028357674,-0.340143773593353,1.121
"Enil","33",2023,36.519,58.996,6.607,73.038,3,NA,-0.377839510481594,-0.105649083464905,-1.28494028357674,-0.340143773593353,1.121
"Enil","33",2024,36.519,58.996,6.607,73.038,3,0,-0.377839510481594,-0.105649083464905,-1.28494028357674,-0.340143773593353,1.121
"Enil","33",2025,36.519,58.996,6.607,73.038,3,0,-0.377839510481594,-0.105649083464905,-1.28494028357674,-0.340143773593353,1.121
"Enil","352",2013,43.122,63.694,7.816,77.6196,3,0,-0.257729014943194,0.0362168035812475,-1.00120106128796,-0.316513881330739,2.33
"Enil","352",2014,43.122,63.694,7.816,77.6196,3,1,-0.257729014943194,0.0362168035812475,-1.00120106128796,-0.316513881330739,2.33
"Enil","352",2015,43.122,63.694,7.816,77.6196,3,2,-0.257729014943194,0.0362168035812475,-1.00120106128796,-0.316513881330739,2.33
"Enil","352",2016,43.122,63.694,7.816,77.6196,3,2,-0.257729014943194,0.0362168035812475,-1.00120106128796,-0.316513881330739,2.33
"Enil","352",2017,43.122,63.694,7.816,77.6196,3,2,-0.257729014943194,0.0362168035812475,-1.00120106128796,-0.316513881330739,2.33
"Enil","352",2018,43.122,63.694,7.816,77.6196,3,1,-0.257729014943194,0.0362168035812475,-1.00120106128796,-0.316513881330739,2.33
"Enil","352",2019,43.122,63.694,7.816,77.6196,3,1,-0.257729014943194,0.0362168035812475,-1.00120106128796,-0.316513881330739,2.33
"Enil","352",2020,43.122,63.694,7.816,77.6196,3,4,-0.257729014943194,0.0362168035812475,-1.00120106128796,-0.316513881330739,2.33
"Enil","352",2021,43.122,63.694,7.816,77.6196,3,2,-0.257729014943194,0.0362168035812475,-1.00120106128796,-0.316513881330739,2.33
"Enil","352",2022,43.122,63.694,7.816,77.6196,3,0,-0.257729014943194,0.0362168035812475,-1.00120106128796,-0.316513881330739,2.33
"Enil","352",2023,43.122,63.694,7.816,77.6196,3,2,-0.257729014943194,0.0362168035812475,-1.00120106128796,-0.316513881330739,2.33
"Enil","352",2024,43.122,63.694,7.816,77.6196,3,NA,-0.257729014943194,0.0362168035812475,-1.00120106128796,-0.316513881330739,2.33
"Enil","352",2025,43.122,63.694,7.816,77.6196,3,2,-0.257729014943194,0.0362168035812475,-1.00120106128796,-0.316513881330739,2.33
"Enil","38",2013,26.275,33.583,14.835,52.55,1,NA,-0.56418085779272,-0.873047505666667,0.646082314431598,-0.445811931589779,9.349
"Enil","38",2014,26.275,33.583,14.835,52.55,1,NA,-0.56418085779272,-0.873047505666667,0.646082314431598,-0.445811931589779,9.349
"Enil","38",2015,26.275,33.583,14.835,52.55,1,NA,-0.56418085779272,-0.873047505666667,0.646082314431598,-0.445811931589779,9.349
"Enil","38",2016,26.275,33.583,14.835,52.55,1,NA,-0.56418085779272,-0.873047505666667,0.646082314431598,-0.445811931589779,9.349
"Enil","38",2017,26.275,33.583,14.835,52.55,1,NA,-0.56418085779272,-0.873047505666667,0.646082314431598,-0.445811931589779,9.349
"Enil","38",2018,26.275,33.583,14.835,52.55,1,NA,-0.56418085779272,-0.873047505666667,0.646082314431598,-0.445811931589779,9.349
"Enil","38",2019,26.275,33.583,14.835,52.55,1,2,-0.56418085779272,-0.873047505666667,0.646082314431598,-0.445811931589779,9.349
"Enil","38",2020,26.275,33.583,14.835,52.55,1,9,-0.56418085779272,-0.873047505666667,0.646082314431598,-0.445811931589779,9.349
"Enil","38",2021,26.275,33.583,14.835,52.55,1,6,-0.56418085779272,-0.873047505666667,0.646082314431598,-0.445811931589779,9.349
"Enil","38",2022,26.275,33.583,14.835,52.55,1,8,-0.56418085779272,-0.873047505666667,0.646082314431598,-0.445811931589779,9.349
"Enil","38",2023,26.275,33.583,14.835,52.55,1,4,-0.56418085779272,-0.873047505666667,0.646082314431598,-0.445811931589779,9.349
"Enil","38",2024,26.275,33.583,14.835,52.55,1,4,-0.56418085779272,-0.873047505666667,0.646082314431598,-0.445811931589779,9.349
"Enil","38",2025,26.275,33.583,14.835,52.55,1,4,-0.56418085779272,-0.873047505666667,0.646082314431598,-0.445811931589779,9.349
"Enil","384",2013,40.625,54.586,10.657,81.25,1,2,-0.303150173107571,-0.238818211151907,-0.334449092286783,-0.297789863330435,5.171
"Enil","384",2014,40.625,54.586,10.657,81.25,1,6,-0.303150173107571,-0.238818211151907,-0.334449092286783,-0.297789863330435,5.171
"Enil","384",2015,40.625,54.586,10.657,81.25,1,5,-0.303150173107571,-0.238818211151907,-0.334449092286783,-0.297789863330435,5.171
"Enil","384",2016,40.625,54.586,10.657,81.25,1,3,-0.303150173107571,-0.238818211151907,-0.334449092286783,-0.297789863330435,5.171
"Enil","384",2017,40.625,54.586,10.657,81.25,1,4,-0.303150173107571,-0.238818211151907,-0.334449092286783,-0.297789863330435,5.171
"Enil","384",2018,40.625,54.586,10.657,81.25,1,7,-0.303150173107571,-0.238818211151907,-0.334449092286783,-0.297789863330435,5.171
"Enil","384",2019,40.625,54.586,10.657,81.25,1,3,-0.303150173107571,-0.238818211151907,-0.334449092286783,-0.297789863330435,5.171
"Enil","384",2020,40.625,54.586,10.657,81.25,1,5,-0.303150173107571,-0.238818211151907,-0.334449092286783,-0.297789863330435,5.171
"Enil","384",2021,40.625,54.586,10.657,81.25,1,6,-0.303150173107571,-0.238818211151907,-0.334449092286783,-0.297789863330435,5.171
"Enil","384",2022,40.625,54.586,10.657,81.25,1,5,-0.303150173107571,-0.238818211151907,-0.334449092286783,-0.297789863330435,5.171
"Enil","384",2023,40.625,54.586,10.657,81.25,1,3,-0.303150173107571,-0.238818211151907,-0.334449092286783,-0.297789863330435,5.171
"Enil","384",2024,40.625,54.586,10.657,81.25,1,5,-0.303150173107571,-0.238818211151907,-0.334449092286783,-0.297789863330435,5.171
"Enil","384",2025,40.625,54.586,10.657,81.25,1,7,-0.303150173107571,-0.238818211151907,-0.334449092286783,-0.297789863330435,5.171
"Enil","40",2013,30.913,38.64,12.882,61.826,1,NA,-0.479814285279151,-0.720340866502684,0.187734339965107,-0.397970373918223,7.396
"Enil","40",2014,30.913,38.64,12.882,61.826,1,NA,-0.479814285279151,-0.720340866502684,0.187734339965107,-0.397970373918223,7.396
"Enil","40",2015,30.913,38.64,12.882,61.826,1,2,-0.479814285279151,-0.720340866502684,0.187734339965107,-0.397970373918223,7.396
"Enil","40",2016,30.913,38.64,12.882,61.826,1,1,-0.479814285279151,-0.720340866502684,0.187734339965107,-0.397970373918223,7.396
"Enil","40",2017,30.913,38.64,12.882,61.826,1,0,-0.479814285279151,-0.720340866502684,0.187734339965107,-0.397970373918223,7.396
"Enil","40",2018,30.913,38.64,12.882,61.826,1,NA,-0.479814285279151,-0.720340866502684,0.187734339965107,-0.397970373918223,7.396
"Enil","40",2019,30.913,38.64,12.882,61.826,1,2,-0.479814285279151,-0.720340866502684,0.187734339965107,-0.397970373918223,7.396
"Enil","40",2020,30.913,38.64,12.882,61.826,1,2,-0.479814285279151,-0.720340866502684,0.187734339965107,-0.397970373918223,7.396
"Enil","40",2021,30.913,38.64,12.882,61.826,1,3,-0.479814285279151,-0.720340866502684,0.187734339965107,-0.397970373918223,7.396
"Enil","40",2022,30.913,38.64,12.882,61.826,1,2,-0.479814285279151,-0.720340866502684,0.187734339965107,-0.397970373918223,7.396
"Enil","40",2023,30.913,38.64,12.882,61.826,1,5,-0.479814285279151,-0.720340866502684,0.187734339965107,-0.397970373918223,7.396
"Enil","40",2024,30.913,38.64,12.882,61.826,1,1,-0.479814285279151,-0.720340866502684,0.187734339965107,-0.397970373918223,7.396
"Enil","40",2025,30.913,38.64,12.882,61.826,1,2,-0.479814285279151,-0.720340866502684,0.187734339965107,-0.397970373918223,7.396
"Enil","420",2013,40.883,55.481,12.467,81.766,1,8,-0.298457077870723,-0.2117918235601,0.090338329005766,-0.295128560639779,6.981
"Enil","420",2014,40.883,55.481,12.467,81.766,1,8,-0.298457077870723,-0.2117918235601,0.090338329005766,-0.295128560639779,6.981
"Enil","420",2015,40.883,55.481,12.467,81.766,1,7,-0.298457077870723,-0.2117918235601,0.090338329005766,-0.295128560639779,6.981
"Enil","420",2016,40.883,55.481,12.467,81.766,1,7,-0.298457077870723,-0.2117918235601,0.090338329005766,-0.295128560639779,6.981
"Enil","420",2017,40.883,55.481,12.467,81.766,1,6,-0.298457077870723,-0.2117918235601,0.090338329005766,-0.295128560639779,6.981
"Enil","420",2018,40.883,55.481,12.467,81.766,1,6,-0.298457077870723,-0.2117918235601,0.090338329005766,-0.295128560639779,6.981
"Enil","420",2019,40.883,55.481,12.467,81.766,1,6,-0.298457077870723,-0.2117918235601,0.090338329005766,-0.295128560639779,6.981
"Enil","420",2020,40.883,55.481,12.467,81.766,1,7,-0.298457077870723,-0.2117918235601,0.090338329005766,-0.295128560639779,6.981
"Enil","420",2021,40.883,55.481,12.467,81.766,1,5,-0.298457077870723,-0.2117918235601,0.090338329005766,-0.295128560639779,6.981
"Enil","420",2022,40.883,55.481,12.467,81.766,1,5,-0.298457077870723,-0.2117918235601,0.090338329005766,-0.295128560639779,6.981
"Enil","420",2023,40.883,55.481,12.467,81.766,1,6,-0.298457077870723,-0.2117918235601,0.090338329005766,-0.295128560639779,6.981
"Enil","420",2024,40.883,55.481,12.467,81.766,1,3,-0.298457077870723,-0.2117918235601,0.090338329005766,-0.295128560639779,6.981
"Enil","420",2025,40.883,55.481,12.467,81.766,1,7,-0.298457077870723,-0.2117918235601,0.090338329005766,-0.295128560639779,6.981
"Enil","427",2013,41.504,54.707,11.328,83.008,1,0,-0.28716090677738,-0.235164364337819,-0.176972650470595,-0.288722866954131,5.842
"Enil","427",2014,41.504,54.707,11.328,83.008,1,1,-0.28716090677738,-0.235164364337819,-0.176972650470595,-0.288722866954131,5.842
"Enil","427",2015,41.504,54.707,11.328,83.008,1,0,-0.28716090677738,-0.235164364337819,-0.176972650470595,-0.288722866954131,5.842
"Enil","427",2016,41.504,54.707,11.328,83.008,1,1,-0.28716090677738,-0.235164364337819,-0.176972650470595,-0.288722866954131,5.842
"Enil","427",2017,41.504,54.707,11.328,83.008,1,NA,-0.28716090677738,-0.235164364337819,-0.176972650470595,-0.288722866954131,5.842
"Enil","427",2018,41.504,54.707,11.328,83.008,1,0,-0.28716090677738,-0.235164364337819,-0.176972650470595,-0.288722866954131,5.842
"Enil","427",2019,41.504,54.707,11.328,83.008,1,1,-0.28716090677738,-0.235164364337819,-0.176972650470595,-0.288722866954131,5.842
"Enil","427",2020,41.504,54.707,11.328,83.008,1,3,-0.28716090677738,-0.235164364337819,-0.176972650470595,-0.288722866954131,5.842
"Enil","427",2021,41.504,54.707,11.328,83.008,1,4,-0.28716090677738,-0.235164364337819,-0.176972650470595,-0.288722866954131,5.842
"Enil","427",2022,41.504,54.707,11.328,83.008,1,3,-0.28716090677738,-0.235164364337819,-0.176972650470595,-0.288722866954131,5.842
"Enil","427",2023,41.504,54.707,11.328,83.008,1,1,-0.28716090677738,-0.235164364337819,-0.176972650470595,-0.288722866954131,5.842
"Enil","427",2024,41.504,54.707,11.328,83.008,1,3,-0.28716090677738,-0.235164364337819,-0.176972650470595,-0.288722866954131,5.842
"Enil","427",2025,41.504,54.707,11.328,83.008,1,3,-0.28716090677738,-0.235164364337819,-0.176972650470595,-0.288722866954131,5.842
"Enil","43",2013,22.431,33.49,8.085,44.862,1,2,-0.634104338763432,-0.875855834209726,-0.938069671051664,-0.485463278655209,2.599
"Enil","43",2014,22.431,33.49,8.085,44.862,1,1,-0.634104338763432,-0.875855834209726,-0.938069671051664,-0.485463278655209,2.599
"Enil","43",2015,22.431,33.49,8.085,44.862,1,1,-0.634104338763432,-0.875855834209726,-0.938069671051664,-0.485463278655209,2.599
"Enil","43",2016,22.431,33.49,8.085,44.862,1,2,-0.634104338763432,-0.875855834209726,-0.938069671051664,-0.485463278655209,2.599
"Enil","43",2017,22.431,33.49,8.085,44.862,1,2,-0.634104338763432,-0.875855834209726,-0.938069671051664,-0.485463278655209,2.599
"Enil","43",2018,22.431,33.49,8.085,44.862,1,0,-0.634104338763432,-0.875855834209726,-0.938069671051664,-0.485463278655209,2.599
"Enil","43",2019,22.431,33.49,8.085,44.862,1,1,-0.634104338763432,-0.875855834209726,-0.938069671051664,-0.485463278655209,2.599
"Enil","43",2020,22.431,33.49,8.085,44.862,1,1,-0.634104338763432,-0.875855834209726,-0.938069671051664,-0.485463278655209,2.599
"Enil","43",2021,22.431,33.49,8.085,44.862,1,0,-0.634104338763432,-0.875855834209726,-0.938069671051664,-0.485463278655209,2.599
"Enil","43",2022,22.431,33.49,8.085,44.862,1,0,-0.634104338763432,-0.875855834209726,-0.938069671051664,-0.485463278655209,2.599
"Enil","43",2023,22.431,33.49,8.085,44.862,1,1,-0.634104338763432,-0.875855834209726,-0.938069671051664,-0.485463278655209,2.599
"Enil","43",2024,22.431,33.49,8.085,44.862,1,1,-0.634104338763432,-0.875855834209726,-0.938069671051664,-0.485463278655209,2.599
"Enil","43",2025,22.431,33.49,8.085,44.862,1,1,-0.634104338763432,-0.875855834209726,-0.938069671051664,-0.485463278655209,2.599
"Enil","69",2013,38.787,55.045,11.75,74.85891,1,1,-0.336583929097209,-0.22495775092326,-0.0779338152300117,-0.330752314906449,6.264
"Enil","69",2014,38.787,55.045,11.75,74.85891,1,6,-0.336583929097209,-0.22495775092326,-0.0779338152300117,-0.330752314906449,6.264
"Enil","69",2015,38.787,55.045,11.75,74.85891,1,3,-0.336583929097209,-0.22495775092326,-0.0779338152300117,-0.330752314906449,6.264
"Enil","69",2016,38.787,55.045,11.75,74.85891,1,3,-0.336583929097209,-0.22495775092326,-0.0779338152300117,-0.330752314906449,6.264
"Enil","69",2017,38.787,55.045,11.75,74.85891,1,NA,-0.336583929097209,-0.22495775092326,-0.0779338152300117,-0.330752314906449,6.264
"Enil","69",2018,38.787,55.045,11.75,74.85891,1,0,-0.336583929097209,-0.22495775092326,-0.0779338152300117,-0.330752314906449,6.264
"Enil","69",2019,38.787,55.045,11.75,74.85891,1,1,-0.336583929097209,-0.22495775092326,-0.0779338152300117,-0.330752314906449,6.264
"Enil","69",2020,38.787,55.045,11.75,74.85891,1,5,-0.336583929097209,-0.22495775092326,-0.0779338152300117,-0.330752314906449,6.264
"Enil","69",2021,38.787,55.045,11.75,74.85891,1,2,-0.336583929097209,-0.22495775092326,-0.0779338152300117,-0.330752314906449,6.264
"Enil","69",2022,38.787,55.045,11.75,74.85891,1,1,-0.336583929097209,-0.22495775092326,-0.0779338152300117,-0.330752314906449,6.264
"Enil","69",2023,38.787,55.045,11.75,74.85891,1,0,-0.336583929097209,-0.22495775092326,-0.0779338152300117,-0.330752314906449,6.264
"Enil","69",2024,38.787,55.045,11.75,74.85891,1,0,-0.336583929097209,-0.22495775092326,-0.0779338152300117,-0.330752314906449,6.264
"Enil","69",2025,38.787,55.045,11.75,74.85891,1,3,-0.336583929097209,-0.22495775092326,-0.0779338152300117,-0.330752314906449,6.264
"Enil","7",2013,176.048,184.846,25.985,441.139,4,5,2.16023368836399,3.69465357399749,3.26286670526691,1.55836045457156,20.499
"Enil","7",2014,176.048,184.846,25.985,441.139,4,3,2.16023368836399,3.69465357399749,3.26286670526691,1.55836045457156,20.499
"Enil","7",2015,176.048,184.846,25.985,441.139,4,3,2.16023368836399,3.69465357399749,3.26286670526691,1.55836045457156,20.499
"Enil","7",2016,176.048,184.846,25.985,441.139,4,3,2.16023368836399,3.69465357399749,3.26286670526691,1.55836045457156,20.499
"Enil","7",2017,176.048,184.846,25.985,441.139,4,6,2.16023368836399,3.69465357399749,3.26286670526691,1.55836045457156,20.499
"Enil","7",2018,176.048,184.846,25.985,441.139,4,7,2.16023368836399,3.69465357399749,3.26286670526691,1.55836045457156,20.499
"Enil","7",2019,176.048,184.846,25.985,441.139,4,5,2.16023368836399,3.69465357399749,3.26286670526691,1.55836045457156,20.499
"Enil","7",2020,176.048,184.846,25.985,441.139,4,3,2.16023368836399,3.69465357399749,3.26286670526691,1.55836045457156,20.499
"Enil","7",2021,176.048,184.846,25.985,441.139,4,3,2.16023368836399,3.69465357399749,3.26286670526691,1.55836045457156,20.499
"Enil","7",2022,176.048,184.846,25.985,441.139,4,5,2.16023368836399,3.69465357399749,3.26286670526691,1.55836045457156,20.499
"Enil","7",2023,176.048,184.846,25.985,441.139,4,7,2.16023368836399,3.69465357399749,3.26286670526691,1.55836045457156,20.499
"Enil","7",2024,176.048,184.846,25.985,441.139,4,6,2.16023368836399,3.69465357399749,3.26286670526691,1.55836045457156,20.499
"Enil","7",2025,176.048,184.846,25.985,441.139,4,6,2.16023368836399,3.69465357399749,3.26286670526691,1.55836045457156,20.499
"Enil","70",2013,47.005,56.461,11.786,94.01,2,1,-0.18709611259947,-0.1821986840741,-0.0694850046407677,-0.231979354933597,6.3
"Enil","70",2014,47.005,56.461,11.786,94.01,2,3,-0.18709611259947,-0.1821986840741,-0.0694850046407677,-0.231979354933597,6.3
"Enil","70",2015,47.005,56.461,11.786,94.01,2,4,-0.18709611259947,-0.1821986840741,-0.0694850046407677,-0.231979354933597,6.3
"Enil","70",2016,47.005,56.461,11.786,94.01,2,1,-0.18709611259947,-0.1821986840741,-0.0694850046407677,-0.231979354933597,6.3
"Enil","70",2017,47.005,56.461,11.786,94.01,2,NA,-0.18709611259947,-0.1821986840741,-0.0694850046407677,-0.231979354933597,6.3
"Enil","70",2018,47.005,56.461,11.786,94.01,2,1,-0.18709611259947,-0.1821986840741,-0.0694850046407677,-0.231979354933597,6.3
"Enil","70",2019,47.005,56.461,11.786,94.01,2,0,-0.18709611259947,-0.1821986840741,-0.0694850046407677,-0.231979354933597,6.3
"Enil","70",2020,47.005,56.461,11.786,94.01,2,1,-0.18709611259947,-0.1821986840741,-0.0694850046407677,-0.231979354933597,6.3
"Enil","70",2021,47.005,56.461,11.786,94.01,2,1,-0.18709611259947,-0.1821986840741,-0.0694850046407677,-0.231979354933597,6.3
"Enil","70",2022,47.005,56.461,11.786,94.01,2,1,-0.18709611259947,-0.1821986840741,-0.0694850046407677,-0.231979354933597,6.3
"Enil","70",2023,47.005,56.461,11.786,94.01,2,1,-0.18709611259947,-0.1821986840741,-0.0694850046407677,-0.231979354933597,6.3
"Enil","70",2024,47.005,56.461,11.786,94.01,2,0,-0.18709611259947,-0.1821986840741,-0.0694850046407677,-0.231979354933597,6.3
"Enil","70",2025,47.005,56.461,11.786,94.01,2,3,-0.18709611259947,-0.1821986840741,-0.0694850046407677,-0.231979354933597,6.3
"Enil","72",2013,42.27,52.591,10.996,81.5811,1,0,-0.273227143399762,-0.299061387962693,-0.254889459238068,-0.296082194103931,5.51
"Enil","72",2014,42.27,52.591,10.996,81.5811,1,0,-0.273227143399762,-0.299061387962693,-0.254889459238068,-0.296082194103931,5.51
"Enil","72",2015,42.27,52.591,10.996,81.5811,1,0,-0.273227143399762,-0.299061387962693,-0.254889459238068,-0.296082194103931,5.51
"Enil","72",2016,42.27,52.591,10.996,81.5811,1,0,-0.273227143399762,-0.299061387962693,-0.254889459238068,-0.296082194103931,5.51
"Enil","72",2017,42.27,52.591,10.996,81.5811,1,NA,-0.273227143399762,-0.299061387962693,-0.254889459238068,-0.296082194103931,5.51
"Enil","72",2018,42.27,52.591,10.996,81.5811,1,4,-0.273227143399762,-0.299061387962693,-0.254889459238068,-0.296082194103931,5.51
"Enil","72",2019,42.27,52.591,10.996,81.5811,1,1,-0.273227143399762,-0.299061387962693,-0.254889459238068,-0.296082194103931,5.51
"Enil","72",2020,42.27,52.591,10.996,81.5811,1,2,-0.273227143399762,-0.299061387962693,-0.254889459238068,-0.296082194103931,5.51
"Enil","72",2021,42.27,52.591,10.996,81.5811,1,2,-0.273227143399762,-0.299061387962693,-0.254889459238068,-0.296082194103931,5.51
"Enil","72",2022,42.27,52.591,10.996,81.5811,1,6,-0.273227143399762,-0.299061387962693,-0.254889459238068,-0.296082194103931,5.51
"Enil","72",2023,42.27,52.591,10.996,81.5811,1,5,-0.273227143399762,-0.299061387962693,-0.254889459238068,-0.296082194103931,5.51
"Enil","72",2024,42.27,52.591,10.996,81.5811,1,3,-0.273227143399762,-0.299061387962693,-0.254889459238068,-0.296082194103931,5.51
"Enil","72",2025,42.27,52.591,10.996,81.5811,1,5,-0.273227143399762,-0.299061387962693,-0.254889459238068,-0.296082194103931,5.51
"Enil","73",2013,49.906,56.184,21.589,96.81764,1,0,-0.134326076622354,-0.190563275541061,2.231173056647,-0.217498773758417,16.103
"Enil","73",2014,49.906,56.184,21.589,96.81764,1,0,-0.134326076622354,-0.190563275541061,2.231173056647,-0.217498773758417,16.103
"Enil","73",2015,49.906,56.184,21.589,96.81764,1,1,-0.134326076622354,-0.190563275541061,2.231173056647,-0.217498773758417,16.103
"Enil","73",2016,49.906,56.184,21.589,96.81764,1,0,-0.134326076622354,-0.190563275541061,2.231173056647,-0.217498773758417,16.103
"Enil","73",2017,49.906,56.184,21.589,96.81764,1,NA,-0.134326076622354,-0.190563275541061,2.231173056647,-0.217498773758417,16.103
"Enil","73",2018,49.906,56.184,21.589,96.81764,1,1,-0.134326076622354,-0.190563275541061,2.231173056647,-0.217498773758417,16.103
"Enil","73",2019,49.906,56.184,21.589,96.81764,1,2,-0.134326076622354,-0.190563275541061,2.231173056647,-0.217498773758417,16.103
"Enil","73",2020,49.906,56.184,21.589,96.81764,1,2,-0.134326076622354,-0.190563275541061,2.231173056647,-0.217498773758417,16.103
"Enil","73",2021,49.906,56.184,21.589,96.81764,1,0,-0.134326076622354,-0.190563275541061,2.231173056647,-0.217498773758417,16.103
"Enil","73",2022,49.906,56.184,21.589,96.81764,1,1,-0.134326076622354,-0.190563275541061,2.231173056647,-0.217498773758417,16.103
"Enil","73",2023,49.906,56.184,21.589,96.81764,1,2,-0.134326076622354,-0.190563275541061,2.231173056647,-0.217498773758417,16.103
"Enil","73",2024,49.906,56.184,21.589,96.81764,1,2,-0.134326076622354,-0.190563275541061,2.231173056647,-0.217498773758417,16.103
"Enil","73",2025,49.906,56.184,21.589,96.81764,1,1,-0.134326076622354,-0.190563275541061,2.231173056647,-0.217498773758417,16.103
"Enil","77",2013,27.001,35.016,12.372,51.84192,1,NA,-0.55097470607973,-0.829775088438669,0.0680428566174829,-0.449463899049469,6.886
"Enil","77",2014,27.001,35.016,12.372,51.84192,1,NA,-0.55097470607973,-0.829775088438669,0.0680428566174829,-0.449463899049469,6.886
"Enil","77",2015,27.001,35.016,12.372,51.84192,1,NA,-0.55097470607973,-0.829775088438669,0.0680428566174829,-0.449463899049469,6.886
"Enil","77",2016,27.001,35.016,12.372,51.84192,1,NA,-0.55097470607973,-0.829775088438669,0.0680428566174829,-0.449463899049469,6.886
"Enil","77",2017,27.001,35.016,12.372,51.84192,1,NA,-0.55097470607973,-0.829775088438669,0.0680428566174829,-0.449463899049469,6.886
"Enil","77",2018,27.001,35.016,12.372,51.84192,1,NA,-0.55097470607973,-0.829775088438669,0.0680428566174829,-0.449463899049469,6.886
"Enil","77",2019,27.001,35.016,12.372,51.84192,1,NA,-0.55097470607973,-0.829775088438669,0.0680428566174829,-0.449463899049469,6.886
"Enil","77",2020,27.001,35.016,12.372,51.84192,1,2,-0.55097470607973,-0.829775088438669,0.0680428566174829,-0.449463899049469,6.886
"Enil","77",2021,27.001,35.016,12.372,51.84192,1,1,-0.55097470607973,-0.829775088438669,0.0680428566174829,-0.449463899049469,6.886
"Enil","77",2022,27.001,35.016,12.372,51.84192,1,2,-0.55097470607973,-0.829775088438669,0.0680428566174829,-0.449463899049469,6.886
"Enil","77",2023,27.001,35.016,12.372,51.84192,1,4,-0.55097470607973,-0.829775088438669,0.0680428566174829,-0.449463899049469,6.886
"Enil","77",2024,27.001,35.016,12.372,51.84192,1,2,-0.55097470607973,-0.829775088438669,0.0680428566174829,-0.449463899049469,6.886
"Enil","77",2025,27.001,35.016,12.372,51.84192,1,1,-0.55097470607973,-0.829775088438669,0.0680428566174829,-0.449463899049469,6.886
"Enil","79",2013,36.865,55.823,9.119,68.93755,2,NA,-0.371545669582565,-0.201464421821108,-0.695401055793932,-0.361292104248197,3.633
"Enil","79",2014,36.865,55.823,9.119,68.93755,2,NA,-0.371545669582565,-0.201464421821108,-0.695401055793932,-0.361292104248197,3.633
"Enil","79",2015,36.865,55.823,9.119,68.93755,2,NA,-0.371545669582565,-0.201464421821108,-0.695401055793932,-0.361292104248197,3.633
"Enil","79",2016,36.865,55.823,9.119,68.93755,2,NA,-0.371545669582565,-0.201464421821108,-0.695401055793932,-0.361292104248197,3.633
"Enil","79",2017,36.865,55.823,9.119,68.93755,2,NA,-0.371545669582565,-0.201464421821108,-0.695401055793932,-0.361292104248197,3.633
"Enil","79",2018,36.865,55.823,9.119,68.93755,2,NA,-0.371545669582565,-0.201464421821108,-0.695401055793932,-0.361292104248197,3.633
"Enil","79",2019,36.865,55.823,9.119,68.93755,2,NA,-0.371545669582565,-0.201464421821108,-0.695401055793932,-0.361292104248197,3.633
"Enil","79",2020,36.865,55.823,9.119,68.93755,2,1,-0.371545669582565,-0.201464421821108,-0.695401055793932,-0.361292104248197,3.633
"Enil","79",2021,36.865,55.823,9.119,68.93755,2,2,-0.371545669582565,-0.201464421821108,-0.695401055793932,-0.361292104248197,3.633
"Enil","79",2022,36.865,55.823,9.119,68.93755,2,0,-0.371545669582565,-0.201464421821108,-0.695401055793932,-0.361292104248197,3.633
"Enil","79",2023,36.865,55.823,9.119,68.93755,2,2,-0.371545669582565,-0.201464421821108,-0.695401055793932,-0.361292104248197,3.633
"Enil","79",2024,36.865,55.823,9.119,68.93755,2,0,-0.371545669582565,-0.201464421821108,-0.695401055793932,-0.361292104248197,3.633
"Enil","79",2025,36.865,55.823,9.119,68.93755,2,2,-0.371545669582565,-0.201464421821108,-0.695401055793932,-0.361292104248197,3.633
"Enil","80",2013,33.391,52.322,11.274,66.782,1,NA,-0.434738742655472,-0.307184402780789,-0.189645866354461,-0.372409489935877,5.788
"Enil","80",2014,33.391,52.322,11.274,66.782,1,NA,-0.434738742655472,-0.307184402780789,-0.189645866354461,-0.372409489935877,5.788
"Enil","80",2015,33.391,52.322,11.274,66.782,1,NA,-0.434738742655472,-0.307184402780789,-0.189645866354461,-0.372409489935877,5.788
"Enil","80",2016,33.391,52.322,11.274,66.782,1,NA,-0.434738742655472,-0.307184402780789,-0.189645866354461,-0.372409489935877,5.788
"Enil","80",2017,33.391,52.322,11.274,66.782,1,NA,-0.434738742655472,-0.307184402780789,-0.189645866354461,-0.372409489935877,5.788
"Enil","80",2018,33.391,52.322,11.274,66.782,1,NA,-0.434738742655472,-0.307184402780789,-0.189645866354461,-0.372409489935877,5.788
"Enil","80",2019,33.391,52.322,11.274,66.782,1,NA,-0.434738742655472,-0.307184402780789,-0.189645866354461,-0.372409489935877,5.788
"Enil","80",2020,33.391,52.322,11.274,66.782,1,1,-0.434738742655472,-0.307184402780789,-0.189645866354461,-0.372409489935877,5.788
"Enil","80",2021,33.391,52.322,11.274,66.782,1,0,-0.434738742655472,-0.307184402780789,-0.189645866354461,-0.372409489935877,5.788
"Enil","80",2022,33.391,52.322,11.274,66.782,1,0,-0.434738742655472,-0.307184402780789,-0.189645866354461,-0.372409489935877,5.788
"Enil","80",2023,33.391,52.322,11.274,66.782,1,0,-0.434738742655472,-0.307184402780789,-0.189645866354461,-0.372409489935877,5.788
"Enil","80",2024,33.391,52.322,11.274,66.782,1,0,-0.434738742655472,-0.307184402780789,-0.189645866354461,-0.372409489935877,5.788
"Enil","80",2025,33.391,52.322,11.274,66.782,1,0,-0.434738742655472,-0.307184402780789,-0.189645866354461,-0.372409489935877,5.788
"Enil","82",2013,43.211,55.143,10.897,82.1009,1,6,-0.256110078989398,-0.22199843697466,-0.278123688358489,-0.29340129267253,5.411
"Enil","82",2014,43.211,55.143,10.897,82.1009,1,7,-0.256110078989398,-0.22199843697466,-0.278123688358489,-0.29340129267253,5.411
"Enil","82",2015,43.211,55.143,10.897,82.1009,1,1,-0.256110078989398,-0.22199843697466,-0.278123688358489,-0.29340129267253,5.411
"Enil","82",2016,43.211,55.143,10.897,82.1009,1,3,-0.256110078989398,-0.22199843697466,-0.278123688358489,-0.29340129267253,5.411
"Enil","82",2017,43.211,55.143,10.897,82.1009,1,NA,-0.256110078989398,-0.22199843697466,-0.278123688358489,-0.29340129267253,5.411
"Enil","82",2018,43.211,55.143,10.897,82.1009,1,1,-0.256110078989398,-0.22199843697466,-0.278123688358489,-0.29340129267253,5.411
"Enil","82",2019,43.211,55.143,10.897,82.1009,1,1,-0.256110078989398,-0.22199843697466,-0.278123688358489,-0.29340129267253,5.411
"Enil","82",2020,43.211,55.143,10.897,82.1009,1,1,-0.256110078989398,-0.22199843697466,-0.278123688358489,-0.29340129267253,5.411
"Enil","82",2021,43.211,55.143,10.897,82.1009,1,3,-0.256110078989398,-0.22199843697466,-0.278123688358489,-0.29340129267253,5.411
"Enil","82",2022,43.211,55.143,10.897,82.1009,1,3,-0.256110078989398,-0.22199843697466,-0.278123688358489,-0.29340129267253,5.411
"Enil","82",2023,43.211,55.143,10.897,82.1009,1,3,-0.256110078989398,-0.22199843697466,-0.278123688358489,-0.29340129267253,5.411
"Enil","82",2024,43.211,55.143,10.897,82.1009,1,2,-0.256110078989398,-0.22199843697466,-0.278123688358489,-0.29340129267253,5.411
"Enil","82",2025,43.211,55.143,10.897,82.1009,1,4,-0.256110078989398,-0.22199843697466,-0.278123688358489,-0.29340129267253,5.411
"Enil","83",2013,26.195,35.122,8.101,55.0095,1,1,-0.565636081121976,-0.826574197841203,-0.934314644123111,-0.433126904520655,2.615
"Enil","83",2014,26.195,35.122,8.101,55.0095,1,2,-0.565636081121976,-0.826574197841203,-0.934314644123111,-0.433126904520655,2.615
"Enil","83",2015,26.195,35.122,8.101,55.0095,1,2,-0.565636081121976,-0.826574197841203,-0.934314644123111,-0.433126904520655,2.615
"Enil","83",2016,26.195,35.122,8.101,55.0095,1,0,-0.565636081121976,-0.826574197841203,-0.934314644123111,-0.433126904520655,2.615
"Enil","83",2017,26.195,35.122,8.101,55.0095,1,2,-0.565636081121976,-0.826574197841203,-0.934314644123111,-0.433126904520655,2.615
"Enil","83",2018,26.195,35.122,8.101,55.0095,1,1,-0.565636081121976,-0.826574197841203,-0.934314644123111,-0.433126904520655,2.615
"Enil","83",2019,26.195,35.122,8.101,55.0095,1,1,-0.565636081121976,-0.826574197841203,-0.934314644123111,-0.433126904520655,2.615
"Enil","83",2020,26.195,35.122,8.101,55.0095,1,1,-0.565636081121976,-0.826574197841203,-0.934314644123111,-0.433126904520655,2.615
"Enil","83",2021,26.195,35.122,8.101,55.0095,1,0,-0.565636081121976,-0.826574197841203,-0.934314644123111,-0.433126904520655,2.615
"Enil","83",2022,26.195,35.122,8.101,55.0095,1,1,-0.565636081121976,-0.826574197841203,-0.934314644123111,-0.433126904520655,2.615
"Enil","83",2023,26.195,35.122,8.101,55.0095,1,4,-0.565636081121976,-0.826574197841203,-0.934314644123111,-0.433126904520655,2.615
"Enil","83",2024,26.195,35.122,8.101,55.0095,1,1,-0.565636081121976,-0.826574197841203,-0.934314644123111,-0.433126904520655,2.615
"Enil","83",2025,26.195,35.122,8.101,55.0095,1,2,-0.565636081121976,-0.826574197841203,-0.934314644123111,-0.433126904520655,2.615
"Enil","87",2013,24.631,28.62,11.208,49.262,1,NA,-0.594085697208914,-1.02291561920648,-0.205135352434742,-0.462769999897679,5.722
"Enil","87",2014,24.631,28.62,11.208,49.262,1,NA,-0.594085697208914,-1.02291561920648,-0.205135352434742,-0.462769999897679,5.722
"Enil","87",2015,24.631,28.62,11.208,49.262,1,NA,-0.594085697208914,-1.02291561920648,-0.205135352434742,-0.462769999897679,5.722
"Enil","87",2016,24.631,28.62,11.208,49.262,1,NA,-0.594085697208914,-1.02291561920648,-0.205135352434742,-0.462769999897679,5.722
"Enil","87",2017,24.631,28.62,11.208,49.262,1,NA,-0.594085697208914,-1.02291561920648,-0.205135352434742,-0.462769999897679,5.722
"Enil","87",2018,24.631,28.62,11.208,49.262,1,0,-0.594085697208914,-1.02291561920648,-0.205135352434742,-0.462769999897679,5.722
"Enil","87",2019,24.631,28.62,11.208,49.262,1,1,-0.594085697208914,-1.02291561920648,-0.205135352434742,-0.462769999897679,5.722
"Enil","87",2020,24.631,28.62,11.208,49.262,1,0,-0.594085697208914,-1.02291561920648,-0.205135352434742,-0.462769999897679,5.722
"Enil","87",2021,24.631,28.62,11.208,49.262,1,1,-0.594085697208914,-1.02291561920648,-0.205135352434742,-0.462769999897679,5.722
"Enil","87",2022,24.631,28.62,11.208,49.262,1,1,-0.594085697208914,-1.02291561920648,-0.205135352434742,-0.462769999897679,5.722
"Enil","87",2023,24.631,28.62,11.208,49.262,1,1,-0.594085697208914,-1.02291561920648,-0.205135352434742,-0.462769999897679,5.722
"Enil","87",2024,24.631,28.62,11.208,49.262,1,1,-0.594085697208914,-1.02291561920648,-0.205135352434742,-0.462769999897679,5.722
"Enil","87",2025,24.631,28.62,11.208,49.262,1,0,-0.594085697208914,-1.02291561920648,-0.205135352434742,-0.462769999897679,5.722
"Enil","92",2013,32.409,37.144,12.438,63.84573,1,3,-0.452601609022079,-0.765515699840497,0.0835323426977639,-0.38755348848528,6.952
"Enil","92",2014,32.409,37.144,12.438,63.84573,1,4,-0.452601609022079,-0.765515699840497,0.0835323426977639,-0.38755348848528,6.952
"Enil","92",2015,32.409,37.144,12.438,63.84573,1,1,-0.452601609022079,-0.765515699840497,0.0835323426977639,-0.38755348848528,6.952
"Enil","92",2016,32.409,37.144,12.438,63.84573,1,2,-0.452601609022079,-0.765515699840497,0.0835323426977639,-0.38755348848528,6.952
"Enil","92",2017,32.409,37.144,12.438,63.84573,1,3,-0.452601609022079,-0.765515699840497,0.0835323426977639,-0.38755348848528,6.952
"Enil","92",2018,32.409,37.144,12.438,63.84573,1,4,-0.452601609022079,-0.765515699840497,0.0835323426977639,-0.38755348848528,6.952
"Enil","92",2019,32.409,37.144,12.438,63.84573,1,3,-0.452601609022079,-0.765515699840497,0.0835323426977639,-0.38755348848528,6.952
"Enil","92",2020,32.409,37.144,12.438,63.84573,1,3,-0.452601609022079,-0.765515699840497,0.0835323426977639,-0.38755348848528,6.952
"Enil","92",2021,32.409,37.144,12.438,63.84573,1,3,-0.452601609022079,-0.765515699840497,0.0835323426977639,-0.38755348848528,6.952
"Enil","92",2022,32.409,37.144,12.438,63.84573,1,2,-0.452601609022079,-0.765515699840497,0.0835323426977639,-0.38755348848528,6.952
"Enil","92",2023,32.409,37.144,12.438,63.84573,1,4,-0.452601609022079,-0.765515699840497,0.0835323426977639,-0.38755348848528,6.952
"Enil","92",2024,32.409,37.144,12.438,63.84573,1,3,-0.452601609022079,-0.765515699840497,0.0835323426977639,-0.38755348848528,6.952
"Enil","92",2025,32.409,37.144,12.438,63.84573,1,2,-0.452601609022079,-0.765515699840497,0.0835323426977639,-0.38755348848528,6.952
"Enil","93",2013,41.91,56.149,11.947,82.5627,1,1,-0.27977564838141,-0.191620173379847,-0.0317000461722041,-0.29101952991566,6.461
"Enil","93",2014,41.91,56.149,11.947,82.5627,1,0,-0.27977564838141,-0.191620173379847,-0.0317000461722041,-0.29101952991566,6.461
"Enil","93",2015,41.91,56.149,11.947,82.5627,1,0,-0.27977564838141,-0.191620173379847,-0.0317000461722041,-0.29101952991566,6.461
"Enil","93",2016,41.91,56.149,11.947,82.5627,1,0,-0.27977564838141,-0.191620173379847,-0.0317000461722041,-0.29101952991566,6.461
"Enil","93",2017,41.91,56.149,11.947,82.5627,1,1,-0.27977564838141,-0.191620173379847,-0.0317000461722041,-0.29101952991566,6.461
"Enil","93",2018,41.91,56.149,11.947,82.5627,1,0,-0.27977564838141,-0.191620173379847,-0.0317000461722041,-0.29101952991566,6.461
"Enil","93",2019,41.91,56.149,11.947,82.5627,1,1,-0.27977564838141,-0.191620173379847,-0.0317000461722041,-0.29101952991566,6.461
"Enil","93",2020,41.91,56.149,11.947,82.5627,1,4,-0.27977564838141,-0.191620173379847,-0.0317000461722041,-0.29101952991566,6.461
"Enil","93",2021,41.91,56.149,11.947,82.5627,1,1,-0.27977564838141,-0.191620173379847,-0.0317000461722041,-0.29101952991566,6.461
"Enil","93",2022,41.91,56.149,11.947,82.5627,1,2,-0.27977564838141,-0.191620173379847,-0.0317000461722041,-0.29101952991566,6.461
"Enil","93",2023,41.91,56.149,11.947,82.5627,1,1,-0.27977564838141,-0.191620173379847,-0.0317000461722041,-0.29101952991566,6.461
"Enil","93",2024,41.91,56.149,11.947,82.5627,1,2,-0.27977564838141,-0.191620173379847,-0.0317000461722041,-0.29101952991566,6.461
"Enil","93",2025,41.91,56.149,11.947,82.5627,1,2,-0.27977564838141,-0.191620173379847,-0.0317000461722041,-0.29101952991566,6.461
"Enil","94",2013,42.669,54.276,11.677,81.0711,1,0,-0.265969217045102,-0.248179306295437,-0.0950661255915345,-0.298712551414463,6.191
"Enil","94",2014,42.669,54.276,11.677,81.0711,1,1,-0.265969217045102,-0.248179306295437,-0.0950661255915345,-0.298712551414463,6.191
"Enil","94",2015,42.669,54.276,11.677,81.0711,1,1,-0.265969217045102,-0.248179306295437,-0.0950661255915345,-0.298712551414463,6.191
"Enil","94",2016,42.669,54.276,11.677,81.0711,1,2,-0.265969217045102,-0.248179306295437,-0.0950661255915345,-0.298712551414463,6.191
"Enil","94",2017,42.669,54.276,11.677,81.0711,1,0,-0.265969217045102,-0.248179306295437,-0.0950661255915345,-0.298712551414463,6.191
"Enil","94",2018,42.669,54.276,11.677,81.0711,1,0,-0.265969217045102,-0.248179306295437,-0.0950661255915345,-0.298712551414463,6.191
"Enil","94",2019,42.669,54.276,11.677,81.0711,1,2,-0.265969217045102,-0.248179306295437,-0.0950661255915345,-0.298712551414463,6.191
"Enil","94",2020,42.669,54.276,11.677,81.0711,1,0,-0.265969217045102,-0.248179306295437,-0.0950661255915345,-0.298712551414463,6.191
"Enil","94",2021,42.669,54.276,11.677,81.0711,1,1,-0.265969217045102,-0.248179306295437,-0.0950661255915345,-0.298712551414463,6.191
"Enil","94",2022,42.669,54.276,11.677,81.0711,1,1,-0.265969217045102,-0.248179306295437,-0.0950661255915345,-0.298712551414463,6.191
"Enil","94",2023,42.669,54.276,11.677,81.0711,1,0,-0.265969217045102,-0.248179306295437,-0.0950661255915345,-0.298712551414463,6.191
"Enil","94",2024,42.669,54.276,11.677,81.0711,1,1,-0.265969217045102,-0.248179306295437,-0.0950661255915345,-0.298712551414463,6.191
"Enil","94",2025,42.669,54.276,11.677,81.0711,1,1,-0.265969217045102,-0.248179306295437,-0.0950661255915345,-0.298712551414463,6.191
"Enil","96",2013,35.581,39.839,12.986,78.2782,1,2,-0.394902004017111,-0.684134566253996,0.212142015000701,-0.313117110105805,7.5
"Enil","96",2014,35.581,39.839,12.986,78.2782,1,3,-0.394902004017111,-0.684134566253996,0.212142015000701,-0.313117110105805,7.5
"Enil","96",2015,35.581,39.839,12.986,78.2782,1,2,-0.394902004017111,-0.684134566253996,0.212142015000701,-0.313117110105805,7.5
"Enil","96",2016,35.581,39.839,12.986,78.2782,1,2,-0.394902004017111,-0.684134566253996,0.212142015000701,-0.313117110105805,7.5
"Enil","96",2017,35.581,39.839,12.986,78.2782,1,2,-0.394902004017111,-0.684134566253996,0.212142015000701,-0.313117110105805,7.5
"Enil","96",2018,35.581,39.839,12.986,78.2782,1,1,-0.394902004017111,-0.684134566253996,0.212142015000701,-0.313117110105805,7.5
"Enil","96",2019,35.581,39.839,12.986,78.2782,1,0,-0.394902004017111,-0.684134566253996,0.212142015000701,-0.313117110105805,7.5
"Enil","96",2020,35.581,39.839,12.986,78.2782,1,1,-0.394902004017111,-0.684134566253996,0.212142015000701,-0.313117110105805,7.5
"Enil","96",2021,35.581,39.839,12.986,78.2782,1,1,-0.394902004017111,-0.684134566253996,0.212142015000701,-0.313117110105805,7.5
"Enil","96",2022,35.581,39.839,12.986,78.2782,1,0,-0.394902004017111,-0.684134566253996,0.212142015000701,-0.313117110105805,7.5
"Enil","96",2023,35.581,39.839,12.986,78.2782,1,NA,-0.394902004017111,-0.684134566253996,0.212142015000701,-0.313117110105805,7.5
"Enil","96",2024,35.581,39.839,12.986,78.2782,1,0,-0.394902004017111,-0.684134566253996,0.212142015000701,-0.313117110105805,7.5
"Enil","96",2025,35.581,39.839,12.986,78.2782,1,0,-0.394902004017111,-0.684134566253996,0.212142015000701,-0.313117110105805,7.5
"Enil","99/335",2013,38.963,41.289,13.254,89.6149,1,0,-0.333382437772848,-0.640348798647158,0.275038716053962,-0.254647361630693,7.768
"Enil","99/335",2014,38.963,41.289,13.254,89.6149,1,0,-0.333382437772848,-0.640348798647158,0.275038716053962,-0.254647361630693,7.768
"Enil","99/335",2015,38.963,41.289,13.254,89.6149,1,0,-0.333382437772848,-0.640348798647158,0.275038716053962,-0.254647361630693,7.768
"Enil","99/335",2016,38.963,41.289,13.254,89.6149,1,0,-0.333382437772848,-0.640348798647158,0.275038716053962,-0.254647361630693,7.768
"Enil","99/335",2017,38.963,41.289,13.254,89.6149,1,1,-0.333382437772848,-0.640348798647158,0.275038716053962,-0.254647361630693,7.768
"Enil","99/335",2018,38.963,41.289,13.254,89.6149,1,2,-0.333382437772848,-0.640348798647158,0.275038716053962,-0.254647361630693,7.768
"Enil","99/335",2019,38.963,41.289,13.254,89.6149,1,0,-0.333382437772848,-0.640348798647158,0.275038716053962,-0.254647361630693,7.768
"Enil","99/335",2020,38.963,41.289,13.254,89.6149,1,0,-0.333382437772848,-0.640348798647158,0.275038716053962,-0.254647361630693,7.768
"Enil","99/335",2021,38.963,41.289,13.254,89.6149,1,3,-0.333382437772848,-0.640348798647158,0.275038716053962,-0.254647361630693,7.768
"Enil","99/335",2022,38.963,41.289,13.254,89.6149,1,0,-0.333382437772848,-0.640348798647158,0.275038716053962,-0.254647361630693,7.768
"Enil","99/335",2023,38.963,41.289,13.254,89.6149,1,1,-0.333382437772848,-0.640348798647158,0.275038716053962,-0.254647361630693,7.768
"Enil","99/335",2024,38.963,41.289,13.254,89.6149,1,0,-0.333382437772848,-0.640348798647158,0.275038716053962,-0.254647361630693,7.768
"Enil","99/335",2025,38.963,41.289,13.254,89.6149,1,3,-0.333382437772848,-0.640348798647158,0.275038716053962,-0.254647361630693,7.768
"Myotis","1-180",2013,299.448,221.422,20.058,821.5596,4,0,4.40491567374012,4.79914201260968,1.87186391742109,3.52040380023221,14.572
"Myotis","1-180",2014,299.448,221.422,20.058,821.5596,4,1,4.40491567374012,4.79914201260968,1.87186391742109,3.52040380023221,14.572
"Myotis","1-180",2015,299.448,221.422,20.058,821.5596,4,0,4.40491567374012,4.79914201260968,1.87186391742109,3.52040380023221,14.572
"Myotis","1-180",2016,299.448,221.422,20.058,821.5596,4,1,4.40491567374012,4.79914201260968,1.87186391742109,3.52040380023221,14.572
"Myotis","1-180",2017,299.448,221.422,20.058,821.5596,4,2,4.40491567374012,4.79914201260968,1.87186391742109,3.52040380023221,14.572
"Myotis","1-180",2018,299.448,221.422,20.058,821.5596,4,0,4.40491567374012,4.79914201260968,1.87186391742109,3.52040380023221,14.572
"Myotis","1-180",2019,299.448,221.422,20.058,821.5596,4,3,4.40491567374012,4.79914201260968,1.87186391742109,3.52040380023221,14.572
"Myotis","1-180",2020,299.448,221.422,20.058,821.5596,4,1,4.40491567374012,4.79914201260968,1.87186391742109,3.52040380023221,14.572
"Myotis","1-180",2021,299.448,221.422,20.058,821.5596,4,2,4.40491567374012,4.79914201260968,1.87186391742109,3.52040380023221,14.572
"Myotis","1-180",2022,299.448,221.422,20.058,821.5596,4,0,4.40491567374012,4.79914201260968,1.87186391742109,3.52040380023221,14.572
"Myotis","1-180",2023,299.448,221.422,20.058,821.5596,4,6,4.40491567374012,4.79914201260968,1.87186391742109,3.52040380023221,14.572
"Myotis","1-180",2024,299.448,221.422,20.058,821.5596,4,3,4.40491567374012,4.79914201260968,1.87186391742109,3.52040380023221,14.572
"Myotis","1-180",2025,299.448,221.422,20.058,821.5596,4,0,4.40491567374012,4.79914201260968,1.87186391742109,3.52040380023221,14.572
"Myotis","10",2013,43.527,65.822,8.097,82.7013,3,0,-0.25036194683884,0.10047619217942,-0.93525340085525,-0.290304691634798,2.611
"Myotis","10",2014,43.527,65.822,8.097,82.7013,3,0,-0.25036194683884,0.10047619217942,-0.93525340085525,-0.290304691634798,2.611
"Myotis","10",2015,43.527,65.822,8.097,82.7013,3,0,-0.25036194683884,0.10047619217942,-0.93525340085525,-0.290304691634798,2.611
"Myotis","10",2016,43.527,65.822,8.097,82.7013,3,0,-0.25036194683884,0.10047619217942,-0.93525340085525,-0.290304691634798,2.611
"Myotis","10",2017,43.527,65.822,8.097,82.7013,3,0,-0.25036194683884,0.10047619217942,-0.93525340085525,-0.290304691634798,2.611
"Myotis","10",2018,43.527,65.822,8.097,82.7013,3,0,-0.25036194683884,0.10047619217942,-0.93525340085525,-0.290304691634798,2.611
"Myotis","10",2019,43.527,65.822,8.097,82.7013,3,0,-0.25036194683884,0.10047619217942,-0.93525340085525,-0.290304691634798,2.611
"Myotis","10",2020,43.527,65.822,8.097,82.7013,3,0,-0.25036194683884,0.10047619217942,-0.93525340085525,-0.290304691634798,2.611
"Myotis","10",2021,43.527,65.822,8.097,82.7013,3,0,-0.25036194683884,0.10047619217942,-0.93525340085525,-0.290304691634798,2.611
"Myotis","10",2022,43.527,65.822,8.097,82.7013,3,0,-0.25036194683884,0.10047619217942,-0.93525340085525,-0.290304691634798,2.611
"Myotis","10",2023,43.527,65.822,8.097,82.7013,3,NA,-0.25036194683884,0.10047619217942,-0.93525340085525,-0.290304691634798,2.611
"Myotis","10",2024,43.527,65.822,8.097,82.7013,3,0,-0.25036194683884,0.10047619217942,-0.93525340085525,-0.290304691634798,2.611
"Myotis","10",2025,43.527,65.822,8.097,82.7013,3,0,-0.25036194683884,0.10047619217942,-0.93525340085525,-0.290304691634798,2.611
"Myotis","102",2013,42.91,54.67,11.891,85.82,1,0,-0.26158535676572,-0.236281656338821,-0.0448426404221391,-0.274219798802728,6.405
"Myotis","102",2014,42.91,54.67,11.891,85.82,1,0,-0.26158535676572,-0.236281656338821,-0.0448426404221391,-0.274219798802728,6.405
"Myotis","102",2015,42.91,54.67,11.891,85.82,1,0,-0.26158535676572,-0.236281656338821,-0.0448426404221391,-0.274219798802728,6.405
"Myotis","102",2016,42.91,54.67,11.891,85.82,1,0,-0.26158535676572,-0.236281656338821,-0.0448426404221391,-0.274219798802728,6.405
"Myotis","102",2017,42.91,54.67,11.891,85.82,1,0,-0.26158535676572,-0.236281656338821,-0.0448426404221391,-0.274219798802728,6.405
"Myotis","102",2018,42.91,54.67,11.891,85.82,1,1,-0.26158535676572,-0.236281656338821,-0.0448426404221391,-0.274219798802728,6.405
"Myotis","102",2019,42.91,54.67,11.891,85.82,1,0,-0.26158535676572,-0.236281656338821,-0.0448426404221391,-0.274219798802728,6.405
"Myotis","102",2020,42.91,54.67,11.891,85.82,1,0,-0.26158535676572,-0.236281656338821,-0.0448426404221391,-0.274219798802728,6.405
"Myotis","102",2021,42.91,54.67,11.891,85.82,1,0,-0.26158535676572,-0.236281656338821,-0.0448426404221391,-0.274219798802728,6.405
"Myotis","102",2022,42.91,54.67,11.891,85.82,1,0,-0.26158535676572,-0.236281656338821,-0.0448426404221391,-0.274219798802728,6.405
"Myotis","102",2023,42.91,54.67,11.891,85.82,1,0,-0.26158535676572,-0.236281656338821,-0.0448426404221391,-0.274219798802728,6.405
"Myotis","102",2024,42.91,54.67,11.891,85.82,1,0,-0.26158535676572,-0.236281656338821,-0.0448426404221391,-0.274219798802728,6.405
"Myotis","102",2025,42.91,54.67,11.891,85.82,1,0,-0.26158535676572,-0.236281656338821,-0.0448426404221391,-0.274219798802728,6.405
"Myotis","103",2013,38.143,56.032,11.733,72.4717,1,0,-0.348298476897714,-0.195153231869502,-0.081923531341599,-0.343064501720714,6.247
"Myotis","103",2014,38.143,56.032,11.733,72.4717,1,0,-0.348298476897714,-0.195153231869502,-0.081923531341599,-0.343064501720714,6.247
"Myotis","103",2015,38.143,56.032,11.733,72.4717,1,0,-0.348298476897714,-0.195153231869502,-0.081923531341599,-0.343064501720714,6.247
"Myotis","103",2016,38.143,56.032,11.733,72.4717,1,0,-0.348298476897714,-0.195153231869502,-0.081923531341599,-0.343064501720714,6.247
"Myotis","103",2017,38.143,56.032,11.733,72.4717,1,0,-0.348298476897714,-0.195153231869502,-0.081923531341599,-0.343064501720714,6.247
"Myotis","103",2018,38.143,56.032,11.733,72.4717,1,0,-0.348298476897714,-0.195153231869502,-0.081923531341599,-0.343064501720714,6.247
"Myotis","103",2019,38.143,56.032,11.733,72.4717,1,0,-0.348298476897714,-0.195153231869502,-0.081923531341599,-0.343064501720714,6.247
"Myotis","103",2020,38.143,56.032,11.733,72.4717,1,0,-0.348298476897714,-0.195153231869502,-0.081923531341599,-0.343064501720714,6.247
"Myotis","103",2021,38.143,56.032,11.733,72.4717,1,0,-0.348298476897714,-0.195153231869502,-0.081923531341599,-0.343064501720714,6.247
"Myotis","103",2022,38.143,56.032,11.733,72.4717,1,0,-0.348298476897714,-0.195153231869502,-0.081923531341599,-0.343064501720714,6.247
"Myotis","103",2023,38.143,56.032,11.733,72.4717,1,0,-0.348298476897714,-0.195153231869502,-0.081923531341599,-0.343064501720714,6.247
"Myotis","103",2024,38.143,56.032,11.733,72.4717,1,0,-0.348298476897714,-0.195153231869502,-0.081923531341599,-0.343064501720714,6.247
"Myotis","103",2025,38.143,56.032,11.733,72.4717,1,0,-0.348298476897714,-0.195153231869502,-0.081923531341599,-0.343064501720714,6.247
"Myotis","104",2013,44.584,61.481,9.808,84.7096,3,0,-0.231134808601055,-0.0306093369111186,-0.533700208683122,-0.279946757150991,4.322
"Myotis","104",2014,44.584,61.481,9.808,84.7096,3,0,-0.231134808601055,-0.0306093369111186,-0.533700208683122,-0.279946757150991,4.322
"Myotis","104",2015,44.584,61.481,9.808,84.7096,3,0,-0.231134808601055,-0.0306093369111186,-0.533700208683122,-0.279946757150991,4.322
"Myotis","104",2016,44.584,61.481,9.808,84.7096,3,0,-0.231134808601055,-0.0306093369111186,-0.533700208683122,-0.279946757150991,4.322
"Myotis","104",2017,44.584,61.481,9.808,84.7096,3,0,-0.231134808601055,-0.0306093369111186,-0.533700208683122,-0.279946757150991,4.322
"Myotis","104",2018,44.584,61.481,9.808,84.7096,3,1,-0.231134808601055,-0.0306093369111186,-0.533700208683122,-0.279946757150991,4.322
"Myotis","104",2019,44.584,61.481,9.808,84.7096,3,NA,-0.231134808601055,-0.0306093369111186,-0.533700208683122,-0.279946757150991,4.322
"Myotis","104",2020,44.584,61.481,9.808,84.7096,3,0,-0.231134808601055,-0.0306093369111186,-0.533700208683122,-0.279946757150991,4.322
"Myotis","104",2021,44.584,61.481,9.808,84.7096,3,0,-0.231134808601055,-0.0306093369111186,-0.533700208683122,-0.279946757150991,4.322
"Myotis","104",2022,44.584,61.481,9.808,84.7096,3,0,-0.231134808601055,-0.0306093369111186,-0.533700208683122,-0.279946757150991,4.322
"Myotis","104",2023,44.584,61.481,9.808,84.7096,3,1,-0.231134808601055,-0.0306093369111186,-0.533700208683122,-0.279946757150991,4.322
"Myotis","104",2024,44.584,61.481,9.808,84.7096,3,0,-0.231134808601055,-0.0306093369111186,-0.533700208683122,-0.279946757150991,4.322
"Myotis","104",2025,44.584,61.481,9.808,84.7096,3,0,-0.231134808601055,-0.0306093369111186,-0.533700208683122,-0.279946757150991,4.322
"Myotis","106",2013,42.563,54.138,11.693,80.8697,1,0,-0.267897387956365,-0.252346503488364,-0.0913110986629816,-0.299751284673955,6.207
"Myotis","106",2014,42.563,54.138,11.693,80.8697,1,0,-0.267897387956365,-0.252346503488364,-0.0913110986629816,-0.299751284673955,6.207
"Myotis","106",2015,42.563,54.138,11.693,80.8697,1,0,-0.267897387956365,-0.252346503488364,-0.0913110986629816,-0.299751284673955,6.207
"Myotis","106",2016,42.563,54.138,11.693,80.8697,1,0,-0.267897387956365,-0.252346503488364,-0.0913110986629816,-0.299751284673955,6.207
"Myotis","106",2017,42.563,54.138,11.693,80.8697,1,0,-0.267897387956365,-0.252346503488364,-0.0913110986629816,-0.299751284673955,6.207
"Myotis","106",2018,42.563,54.138,11.693,80.8697,1,0,-0.267897387956365,-0.252346503488364,-0.0913110986629816,-0.299751284673955,6.207
"Myotis","106",2019,42.563,54.138,11.693,80.8697,1,0,-0.267897387956365,-0.252346503488364,-0.0913110986629816,-0.299751284673955,6.207
"Myotis","106",2020,42.563,54.138,11.693,80.8697,1,0,-0.267897387956365,-0.252346503488364,-0.0913110986629816,-0.299751284673955,6.207
"Myotis","106",2021,42.563,54.138,11.693,80.8697,1,0,-0.267897387956365,-0.252346503488364,-0.0913110986629816,-0.299751284673955,6.207
"Myotis","106",2022,42.563,54.138,11.693,80.8697,1,0,-0.267897387956365,-0.252346503488364,-0.0913110986629816,-0.299751284673955,6.207
"Myotis","106",2023,42.563,54.138,11.693,80.8697,1,0,-0.267897387956365,-0.252346503488364,-0.0913110986629816,-0.299751284673955,6.207
"Myotis","106",2024,42.563,54.138,11.693,80.8697,1,0,-0.267897387956365,-0.252346503488364,-0.0913110986629816,-0.299751284673955,6.207
"Myotis","106",2025,42.563,54.138,11.693,80.8697,1,0,-0.267897387956365,-0.252346503488364,-0.0913110986629816,-0.299751284673955,6.207
"Myotis","108",2013,36.457,55.689,8.91,72.914,2,NA,-0.378967308561767,-0.205510830689602,-0.744451095048155,-0.340783311449247,3.424
"Myotis","108",2014,36.457,55.689,8.91,72.914,2,NA,-0.378967308561767,-0.205510830689602,-0.744451095048155,-0.340783311449247,3.424
"Myotis","108",2015,36.457,55.689,8.91,72.914,2,NA,-0.378967308561767,-0.205510830689602,-0.744451095048155,-0.340783311449247,3.424
"Myotis","108",2016,36.457,55.689,8.91,72.914,2,NA,-0.378967308561767,-0.205510830689602,-0.744451095048155,-0.340783311449247,3.424
"Myotis","108",2017,36.457,55.689,8.91,72.914,2,NA,-0.378967308561767,-0.205510830689602,-0.744451095048155,-0.340783311449247,3.424
"Myotis","108",2018,36.457,55.689,8.91,72.914,2,NA,-0.378967308561767,-0.205510830689602,-0.744451095048155,-0.340783311449247,3.424
"Myotis","108",2019,36.457,55.689,8.91,72.914,2,NA,-0.378967308561767,-0.205510830689602,-0.744451095048155,-0.340783311449247,3.424
"Myotis","108",2020,36.457,55.689,8.91,72.914,2,NA,-0.378967308561767,-0.205510830689602,-0.744451095048155,-0.340783311449247,3.424
"Myotis","108",2021,36.457,55.689,8.91,72.914,2,NA,-0.378967308561767,-0.205510830689602,-0.744451095048155,-0.340783311449247,3.424
"Myotis","108",2022,36.457,55.689,8.91,72.914,2,0,-0.378967308561767,-0.205510830689602,-0.744451095048155,-0.340783311449247,3.424
"Myotis","108",2023,36.457,55.689,8.91,72.914,2,NA,-0.378967308561767,-0.205510830689602,-0.744451095048155,-0.340783311449247,3.424
"Myotis","108",2024,36.457,55.689,8.91,72.914,2,0,-0.378967308561767,-0.205510830689602,-0.744451095048155,-0.340783311449247,3.424
"Myotis","108",2025,36.457,55.689,8.91,72.914,2,0,-0.378967308561767,-0.205510830689602,-0.744451095048155,-0.340783311449247,3.424
"Myotis","11",2013,94.067,95.21,21.93,231.8301,2,10,0.668975391418124,0.987908011786132,2.31120206806178,0.478836542268831,16.444
"Myotis","11",2014,94.067,95.21,21.93,231.8301,2,14,0.668975391418124,0.987908011786132,2.31120206806178,0.478836542268831,16.444
"Myotis","11",2015,94.067,95.21,21.93,231.8301,2,13,0.668975391418124,0.987908011786132,2.31120206806178,0.478836542268831,16.444
"Myotis","11",2016,94.067,95.21,21.93,231.8301,2,13,0.668975391418124,0.987908011786132,2.31120206806178,0.478836542268831,16.444
"Myotis","11",2017,94.067,95.21,21.93,231.8301,2,16,0.668975391418124,0.987908011786132,2.31120206806178,0.478836542268831,16.444
"Myotis","11",2018,94.067,95.21,21.93,231.8301,2,21,0.668975391418124,0.987908011786132,2.31120206806178,0.478836542268831,16.444
"Myotis","11",2019,94.067,95.21,21.93,231.8301,2,26,0.668975391418124,0.987908011786132,2.31120206806178,0.478836542268831,16.444
"Myotis","11",2020,94.067,95.21,21.93,231.8301,2,24,0.668975391418124,0.987908011786132,2.31120206806178,0.478836542268831,16.444
"Myotis","11",2021,94.067,95.21,21.93,231.8301,2,27,0.668975391418124,0.987908011786132,2.31120206806178,0.478836542268831,16.444
"Myotis","11",2022,94.067,95.21,21.93,231.8301,2,26,0.668975391418124,0.987908011786132,2.31120206806178,0.478836542268831,16.444
"Myotis","11",2023,94.067,95.21,21.93,231.8301,2,23,0.668975391418124,0.987908011786132,2.31120206806178,0.478836542268831,16.444
"Myotis","11",2024,94.067,95.21,21.93,231.8301,2,19,0.668975391418124,0.987908011786132,2.31120206806178,0.478836542268831,16.444
"Myotis","11",2025,94.067,95.21,21.93,231.8301,2,10,0.668975391418124,0.987908011786132,2.31120206806178,0.478836542268831,16.444
"Myotis","121",2013,39.524,49.808,10.063,75.0956,1,NA,-0.323177684176446,-0.383099864686713,-0.47385446700931,-0.329531571236195,4.577
"Myotis","121",2014,39.524,49.808,10.063,75.0956,1,NA,-0.323177684176446,-0.383099864686713,-0.47385446700931,-0.329531571236195,4.577
"Myotis","121",2015,39.524,49.808,10.063,75.0956,1,NA,-0.323177684176446,-0.383099864686713,-0.47385446700931,-0.329531571236195,4.577
"Myotis","121",2016,39.524,49.808,10.063,75.0956,1,NA,-0.323177684176446,-0.383099864686713,-0.47385446700931,-0.329531571236195,4.577
"Myotis","121",2017,39.524,49.808,10.063,75.0956,1,NA,-0.323177684176446,-0.383099864686713,-0.47385446700931,-0.329531571236195,4.577
"Myotis","121",2018,39.524,49.808,10.063,75.0956,1,NA,-0.323177684176446,-0.383099864686713,-0.47385446700931,-0.329531571236195,4.577
"Myotis","121",2019,39.524,49.808,10.063,75.0956,1,NA,-0.323177684176446,-0.383099864686713,-0.47385446700931,-0.329531571236195,4.577
"Myotis","121",2020,39.524,49.808,10.063,75.0956,1,0,-0.323177684176446,-0.383099864686713,-0.47385446700931,-0.329531571236195,4.577
"Myotis","121",2021,39.524,49.808,10.063,75.0956,1,0,-0.323177684176446,-0.383099864686713,-0.47385446700931,-0.329531571236195,4.577
"Myotis","121",2022,39.524,49.808,10.063,75.0956,1,0,-0.323177684176446,-0.383099864686713,-0.47385446700931,-0.329531571236195,4.577
"Myotis","121",2023,39.524,49.808,10.063,75.0956,1,NA,-0.323177684176446,-0.383099864686713,-0.47385446700931,-0.329531571236195,4.577
"Myotis","121",2024,39.524,49.808,10.063,75.0956,1,0,-0.323177684176446,-0.383099864686713,-0.47385446700931,-0.329531571236195,4.577
"Myotis","121",2025,39.524,49.808,10.063,75.0956,1,1,-0.323177684176446,-0.383099864686713,-0.47385446700931,-0.329531571236195,4.577
"Myotis","140",2013,39.458,54.502,8.232,78.916,3,NA,-0.324378243423081,-0.241354765964992,-0.903570361145585,-0.309827616198634,2.746
"Myotis","140",2014,39.458,54.502,8.232,78.916,3,NA,-0.324378243423081,-0.241354765964992,-0.903570361145585,-0.309827616198634,2.746
"Myotis","140",2015,39.458,54.502,8.232,78.916,3,NA,-0.324378243423081,-0.241354765964992,-0.903570361145585,-0.309827616198634,2.746
"Myotis","140",2016,39.458,54.502,8.232,78.916,3,NA,-0.324378243423081,-0.241354765964992,-0.903570361145585,-0.309827616198634,2.746
"Myotis","140",2017,39.458,54.502,8.232,78.916,3,NA,-0.324378243423081,-0.241354765964992,-0.903570361145585,-0.309827616198634,2.746
"Myotis","140",2018,39.458,54.502,8.232,78.916,3,NA,-0.324378243423081,-0.241354765964992,-0.903570361145585,-0.309827616198634,2.746
"Myotis","140",2019,39.458,54.502,8.232,78.916,3,NA,-0.324378243423081,-0.241354765964992,-0.903570361145585,-0.309827616198634,2.746
"Myotis","140",2020,39.458,54.502,8.232,78.916,3,0,-0.324378243423081,-0.241354765964992,-0.903570361145585,-0.309827616198634,2.746
"Myotis","140",2021,39.458,54.502,8.232,78.916,3,NA,-0.324378243423081,-0.241354765964992,-0.903570361145585,-0.309827616198634,2.746
"Myotis","140",2022,39.458,54.502,8.232,78.916,3,NA,-0.324378243423081,-0.241354765964992,-0.903570361145585,-0.309827616198634,2.746
"Myotis","140",2023,39.458,54.502,8.232,78.916,3,NA,-0.324378243423081,-0.241354765964992,-0.903570361145585,-0.309827616198634,2.746
"Myotis","140",2024,39.458,54.502,8.232,78.916,3,0,-0.324378243423081,-0.241354765964992,-0.903570361145585,-0.309827616198634,2.746
"Myotis","140",2025,39.458,54.502,8.232,78.916,3,0,-0.324378243423081,-0.241354765964992,-0.903570361145585,-0.309827616198634,2.746
"Myotis","141",2013,35.924,51.778,10.191,67.53712,1,NA,-0.388662733992929,-0.32361161490363,-0.443814251580886,-0.368514910696017,4.705
"Myotis","141",2014,35.924,51.778,10.191,67.53712,1,NA,-0.388662733992929,-0.32361161490363,-0.443814251580886,-0.368514910696017,4.705
"Myotis","141",2015,35.924,51.778,10.191,67.53712,1,NA,-0.388662733992929,-0.32361161490363,-0.443814251580886,-0.368514910696017,4.705
"Myotis","141",2016,35.924,51.778,10.191,67.53712,1,NA,-0.388662733992929,-0.32361161490363,-0.443814251580886,-0.368514910696017,4.705
"Myotis","141",2017,35.924,51.778,10.191,67.53712,1,NA,-0.388662733992929,-0.32361161490363,-0.443814251580886,-0.368514910696017,4.705
"Myotis","141",2018,35.924,51.778,10.191,67.53712,1,NA,-0.388662733992929,-0.32361161490363,-0.443814251580886,-0.368514910696017,4.705
"Myotis","141",2019,35.924,51.778,10.191,67.53712,1,NA,-0.388662733992929,-0.32361161490363,-0.443814251580886,-0.368514910696017,4.705
"Myotis","141",2020,35.924,51.778,10.191,67.53712,1,0,-0.388662733992929,-0.32361161490363,-0.443814251580886,-0.368514910696017,4.705
"Myotis","141",2021,35.924,51.778,10.191,67.53712,1,0,-0.388662733992929,-0.32361161490363,-0.443814251580886,-0.368514910696017,4.705
"Myotis","141",2022,35.924,51.778,10.191,67.53712,1,5,-0.388662733992929,-0.32361161490363,-0.443814251580886,-0.368514910696017,4.705
"Myotis","141",2023,35.924,51.778,10.191,67.53712,1,0,-0.388662733992929,-0.32361161490363,-0.443814251580886,-0.368514910696017,4.705
"Myotis","141",2024,35.924,51.778,10.191,67.53712,1,0,-0.388662733992929,-0.32361161490363,-0.443814251580886,-0.368514910696017,4.705
"Myotis","141",2025,35.924,51.778,10.191,67.53712,1,0,-0.388662733992929,-0.32361161490363,-0.443814251580886,-0.368514910696017,4.705
"Myotis","142",2013,36.774,57.779,9.781,72.44478,2,NA,-0.373200986119593,-0.14239893117354,-0.540036816625055,-0.343203343326203,4.295
"Myotis","142",2014,36.774,57.779,9.781,72.44478,2,NA,-0.373200986119593,-0.14239893117354,-0.540036816625055,-0.343203343326203,4.295
"Myotis","142",2015,36.774,57.779,9.781,72.44478,2,NA,-0.373200986119593,-0.14239893117354,-0.540036816625055,-0.343203343326203,4.295
"Myotis","142",2016,36.774,57.779,9.781,72.44478,2,NA,-0.373200986119593,-0.14239893117354,-0.540036816625055,-0.343203343326203,4.295
"Myotis","142",2017,36.774,57.779,9.781,72.44478,2,NA,-0.373200986119593,-0.14239893117354,-0.540036816625055,-0.343203343326203,4.295
"Myotis","142",2018,36.774,57.779,9.781,72.44478,2,NA,-0.373200986119593,-0.14239893117354,-0.540036816625055,-0.343203343326203,4.295
"Myotis","142",2019,36.774,57.779,9.781,72.44478,2,NA,-0.373200986119593,-0.14239893117354,-0.540036816625055,-0.343203343326203,4.295
"Myotis","142",2020,36.774,57.779,9.781,72.44478,2,0,-0.373200986119593,-0.14239893117354,-0.540036816625055,-0.343203343326203,4.295
"Myotis","142",2021,36.774,57.779,9.781,72.44478,2,0,-0.373200986119593,-0.14239893117354,-0.540036816625055,-0.343203343326203,4.295
"Myotis","142",2022,36.774,57.779,9.781,72.44478,2,0,-0.373200986119593,-0.14239893117354,-0.540036816625055,-0.343203343326203,4.295
"Myotis","142",2023,36.774,57.779,9.781,72.44478,2,0,-0.373200986119593,-0.14239893117354,-0.540036816625055,-0.343203343326203,4.295
"Myotis","142",2024,36.774,57.779,9.781,72.44478,2,0,-0.373200986119593,-0.14239893117354,-0.540036816625055,-0.343203343326203,4.295
"Myotis","142",2025,36.774,57.779,9.781,72.44478,2,0,-0.373200986119593,-0.14239893117354,-0.540036816625055,-0.343203343326203,4.295
"Myotis","143",2013,34.438,55.611,9.18,66.12096,2,NA,-0.415693507333844,-0.207866203016039,-0.681085015628824,-0.375818845615395,3.694
"Myotis","143",2014,34.438,55.611,9.18,66.12096,2,NA,-0.415693507333844,-0.207866203016039,-0.681085015628824,-0.375818845615395,3.694
"Myotis","143",2015,34.438,55.611,9.18,66.12096,2,NA,-0.415693507333844,-0.207866203016039,-0.681085015628824,-0.375818845615395,3.694
"Myotis","143",2016,34.438,55.611,9.18,66.12096,2,NA,-0.415693507333844,-0.207866203016039,-0.681085015628824,-0.375818845615395,3.694
"Myotis","143",2017,34.438,55.611,9.18,66.12096,2,NA,-0.415693507333844,-0.207866203016039,-0.681085015628824,-0.375818845615395,3.694
"Myotis","143",2018,34.438,55.611,9.18,66.12096,2,NA,-0.415693507333844,-0.207866203016039,-0.681085015628824,-0.375818845615395,3.694
"Myotis","143",2019,34.438,55.611,9.18,66.12096,2,NA,-0.415693507333844,-0.207866203016039,-0.681085015628824,-0.375818845615395,3.694
"Myotis","143",2020,34.438,55.611,9.18,66.12096,2,0,-0.415693507333844,-0.207866203016039,-0.681085015628824,-0.375818845615395,3.694
"Myotis","143",2021,34.438,55.611,9.18,66.12096,2,0,-0.415693507333844,-0.207866203016039,-0.681085015628824,-0.375818845615395,3.694
"Myotis","143",2022,34.438,55.611,9.18,66.12096,2,0,-0.415693507333844,-0.207866203016039,-0.681085015628824,-0.375818845615395,3.694
"Myotis","143",2023,34.438,55.611,9.18,66.12096,2,0,-0.415693507333844,-0.207866203016039,-0.681085015628824,-0.375818845615395,3.694
"Myotis","143",2024,34.438,55.611,9.18,66.12096,2,0,-0.415693507333844,-0.207866203016039,-0.681085015628824,-0.375818845615395,3.694
"Myotis","143",2025,34.438,55.611,9.18,66.12096,2,0,-0.415693507333844,-0.207866203016039,-0.681085015628824,-0.375818845615395,3.694
"Myotis","144",2013,84.866,80.624,16.74,238.2972,3,27,0.501606518262162,0.547453386742457,1.09316520811243,0.512191020235382,11.254
"Myotis","144",2014,84.866,80.624,16.74,238.2972,3,42,0.501606518262162,0.547453386742457,1.09316520811243,0.512191020235382,11.254
"Myotis","144",2015,84.866,80.624,16.74,238.2972,3,28,0.501606518262162,0.547453386742457,1.09316520811243,0.512191020235382,11.254
"Myotis","144",2016,84.866,80.624,16.74,238.2972,3,26,0.501606518262162,0.547453386742457,1.09316520811243,0.512191020235382,11.254
"Myotis","144",2017,84.866,80.624,16.74,238.2972,3,27,0.501606518262162,0.547453386742457,1.09316520811243,0.512191020235382,11.254
"Myotis","144",2018,84.866,80.624,16.74,238.2972,3,22,0.501606518262162,0.547453386742457,1.09316520811243,0.512191020235382,11.254
"Myotis","144",2019,84.866,80.624,16.74,238.2972,3,27,0.501606518262162,0.547453386742457,1.09316520811243,0.512191020235382,11.254
"Myotis","144",2020,84.866,80.624,16.74,238.2972,3,28,0.501606518262162,0.547453386742457,1.09316520811243,0.512191020235382,11.254
"Myotis","144",2021,84.866,80.624,16.74,238.2972,3,31,0.501606518262162,0.547453386742457,1.09316520811243,0.512191020235382,11.254
"Myotis","144",2022,84.866,80.624,16.74,238.2972,3,24,0.501606518262162,0.547453386742457,1.09316520811243,0.512191020235382,11.254
"Myotis","144",2023,84.866,80.624,16.74,238.2972,3,30,0.501606518262162,0.547453386742457,1.09316520811243,0.512191020235382,11.254
"Myotis","144",2024,84.866,80.624,16.74,238.2972,3,21,0.501606518262162,0.547453386742457,1.09316520811243,0.512191020235382,11.254
"Myotis","144",2025,84.866,80.624,16.74,238.2972,3,21,0.501606518262162,0.547453386742457,1.09316520811243,0.512191020235382,11.254
"Myotis","151",2013,40.207,57.161,9.364,80.414,2,NA,-0.31075371500293,-0.161060727298385,-0.637902205950465,-0.302101586294366,3.878
"Myotis","151",2014,40.207,57.161,9.364,80.414,2,NA,-0.31075371500293,-0.161060727298385,-0.637902205950465,-0.302101586294366,3.878
"Myotis","151",2015,40.207,57.161,9.364,80.414,2,NA,-0.31075371500293,-0.161060727298385,-0.637902205950465,-0.302101586294366,3.878
"Myotis","151",2016,40.207,57.161,9.364,80.414,2,NA,-0.31075371500293,-0.161060727298385,-0.637902205950465,-0.302101586294366,3.878
"Myotis","151",2017,40.207,57.161,9.364,80.414,2,NA,-0.31075371500293,-0.161060727298385,-0.637902205950465,-0.302101586294366,3.878
"Myotis","151",2018,40.207,57.161,9.364,80.414,2,NA,-0.31075371500293,-0.161060727298385,-0.637902205950465,-0.302101586294366,3.878
"Myotis","151",2019,40.207,57.161,9.364,80.414,2,NA,-0.31075371500293,-0.161060727298385,-0.637902205950465,-0.302101586294366,3.878
"Myotis","151",2020,40.207,57.161,9.364,80.414,2,0,-0.31075371500293,-0.161060727298385,-0.637902205950465,-0.302101586294366,3.878
"Myotis","151",2021,40.207,57.161,9.364,80.414,2,0,-0.31075371500293,-0.161060727298385,-0.637902205950465,-0.302101586294366,3.878
"Myotis","151",2022,40.207,57.161,9.364,80.414,2,0,-0.31075371500293,-0.161060727298385,-0.637902205950465,-0.302101586294366,3.878
"Myotis","151",2023,40.207,57.161,9.364,80.414,2,0,-0.31075371500293,-0.161060727298385,-0.637902205950465,-0.302101586294366,3.878
"Myotis","151",2024,40.207,57.161,9.364,80.414,2,0,-0.31075371500293,-0.161060727298385,-0.637902205950465,-0.302101586294366,3.878
"Myotis","151",2025,40.207,57.161,9.364,80.414,2,0,-0.31075371500293,-0.161060727298385,-0.637902205950465,-0.302101586294366,3.878
"Myotis","152",2013,43.884,51.194,12.904,87.768,1,0,-0.243868012732038,-0.341246710270798,0.192897501991867,-0.264172865389166,7.418
"Myotis","152",2014,43.884,51.194,12.904,87.768,1,0,-0.243868012732038,-0.341246710270798,0.192897501991867,-0.264172865389166,7.418
"Myotis","152",2015,43.884,51.194,12.904,87.768,1,0,-0.243868012732038,-0.341246710270798,0.192897501991867,-0.264172865389166,7.418
"Myotis","152",2016,43.884,51.194,12.904,87.768,1,0,-0.243868012732038,-0.341246710270798,0.192897501991867,-0.264172865389166,7.418
"Myotis","152",2017,43.884,51.194,12.904,87.768,1,NA,-0.243868012732038,-0.341246710270798,0.192897501991867,-0.264172865389166,7.418
"Myotis","152",2018,43.884,51.194,12.904,87.768,1,0,-0.243868012732038,-0.341246710270798,0.192897501991867,-0.264172865389166,7.418
"Myotis","152",2019,43.884,51.194,12.904,87.768,1,0,-0.243868012732038,-0.341246710270798,0.192897501991867,-0.264172865389166,7.418
"Myotis","152",2020,43.884,51.194,12.904,87.768,1,0,-0.243868012732038,-0.341246710270798,0.192897501991867,-0.264172865389166,7.418
"Myotis","152",2021,43.884,51.194,12.904,87.768,1,0,-0.243868012732038,-0.341246710270798,0.192897501991867,-0.264172865389166,7.418
"Myotis","152",2022,43.884,51.194,12.904,87.768,1,0,-0.243868012732038,-0.341246710270798,0.192897501991867,-0.264172865389166,7.418
"Myotis","152",2023,43.884,51.194,12.904,87.768,1,0,-0.243868012732038,-0.341246710270798,0.192897501991867,-0.264172865389166,7.418
"Myotis","152",2024,43.884,51.194,12.904,87.768,1,0,-0.243868012732038,-0.341246710270798,0.192897501991867,-0.264172865389166,7.418
"Myotis","152",2025,43.884,51.194,12.904,87.768,1,0,-0.243868012732038,-0.341246710270798,0.192897501991867,-0.264172865389166,7.418
"Myotis","153",2013,39.199,54.259,7.9,77.61402,3,0,-0.329089528951545,-0.248692656674276,-0.981487169913057,-0.316542660534254,2.414
"Myotis","153",2014,39.199,54.259,7.9,77.61402,3,0,-0.329089528951545,-0.248692656674276,-0.981487169913057,-0.316542660534254,2.414
"Myotis","153",2015,39.199,54.259,7.9,77.61402,3,0,-0.329089528951545,-0.248692656674276,-0.981487169913057,-0.316542660534254,2.414
"Myotis","153",2016,39.199,54.259,7.9,77.61402,3,0,-0.329089528951545,-0.248692656674276,-0.981487169913057,-0.316542660534254,2.414
"Myotis","153",2017,39.199,54.259,7.9,77.61402,3,NA,-0.329089528951545,-0.248692656674276,-0.981487169913057,-0.316542660534254,2.414
"Myotis","153",2018,39.199,54.259,7.9,77.61402,3,0,-0.329089528951545,-0.248692656674276,-0.981487169913057,-0.316542660534254,2.414
"Myotis","153",2019,39.199,54.259,7.9,77.61402,3,0,-0.329089528951545,-0.248692656674276,-0.981487169913057,-0.316542660534254,2.414
"Myotis","153",2020,39.199,54.259,7.9,77.61402,3,0,-0.329089528951545,-0.248692656674276,-0.981487169913057,-0.316542660534254,2.414
"Myotis","153",2021,39.199,54.259,7.9,77.61402,3,0,-0.329089528951545,-0.248692656674276,-0.981487169913057,-0.316542660534254,2.414
"Myotis","153",2022,39.199,54.259,7.9,77.61402,3,0,-0.329089528951545,-0.248692656674276,-0.981487169913057,-0.316542660534254,2.414
"Myotis","153",2023,39.199,54.259,7.9,77.61402,3,0,-0.329089528951545,-0.248692656674276,-0.981487169913057,-0.316542660534254,2.414
"Myotis","153",2024,39.199,54.259,7.9,77.61402,3,0,-0.329089528951545,-0.248692656674276,-0.981487169913057,-0.316542660534254,2.414
"Myotis","153",2025,39.199,54.259,7.9,77.61402,3,0,-0.329089528951545,-0.248692656674276,-0.981487169913057,-0.316542660534254,2.414
"Myotis","155",2013,38.06,56.063,9.069,74.217,2,0,-0.349808271101816,-0.194217122355149,-0.70713551494566,-0.334063006399005,3.583
"Myotis","155",2014,38.06,56.063,9.069,74.217,2,0,-0.349808271101816,-0.194217122355149,-0.70713551494566,-0.334063006399005,3.583
"Myotis","155",2015,38.06,56.063,9.069,74.217,2,0,-0.349808271101816,-0.194217122355149,-0.70713551494566,-0.334063006399005,3.583
"Myotis","155",2016,38.06,56.063,9.069,74.217,2,0,-0.349808271101816,-0.194217122355149,-0.70713551494566,-0.334063006399005,3.583
"Myotis","155",2017,38.06,56.063,9.069,74.217,2,NA,-0.349808271101816,-0.194217122355149,-0.70713551494566,-0.334063006399005,3.583
"Myotis","155",2018,38.06,56.063,9.069,74.217,2,0,-0.349808271101816,-0.194217122355149,-0.70713551494566,-0.334063006399005,3.583
"Myotis","155",2019,38.06,56.063,9.069,74.217,2,0,-0.349808271101816,-0.194217122355149,-0.70713551494566,-0.334063006399005,3.583
"Myotis","155",2020,38.06,56.063,9.069,74.217,2,0,-0.349808271101816,-0.194217122355149,-0.70713551494566,-0.334063006399005,3.583
"Myotis","155",2021,38.06,56.063,9.069,74.217,2,0,-0.349808271101816,-0.194217122355149,-0.70713551494566,-0.334063006399005,3.583
"Myotis","155",2022,38.06,56.063,9.069,74.217,2,0,-0.349808271101816,-0.194217122355149,-0.70713551494566,-0.334063006399005,3.583
"Myotis","155",2023,38.06,56.063,9.069,74.217,2,0,-0.349808271101816,-0.194217122355149,-0.70713551494566,-0.334063006399005,3.583
"Myotis","155",2024,38.06,56.063,9.069,74.217,2,0,-0.349808271101816,-0.194217122355149,-0.70713551494566,-0.334063006399005,3.583
"Myotis","155",2025,38.06,56.063,9.069,74.217,2,0,-0.349808271101816,-0.194217122355149,-0.70713551494566,-0.334063006399005,3.583
"Myotis","158",2013,49.989,61.873,8.592,94.9791,3,NA,-0.132816282418252,-0.0187720811167186,-0.819082255253144,-0.226981160287251,3.106
"Myotis","158",2014,49.989,61.873,8.592,94.9791,3,NA,-0.132816282418252,-0.0187720811167186,-0.819082255253144,-0.226981160287251,3.106
"Myotis","158",2015,49.989,61.873,8.592,94.9791,3,0,-0.132816282418252,-0.0187720811167186,-0.819082255253144,-0.226981160287251,3.106
"Myotis","158",2016,49.989,61.873,8.592,94.9791,3,NA,-0.132816282418252,-0.0187720811167186,-0.819082255253144,-0.226981160287251,3.106
"Myotis","158",2017,49.989,61.873,8.592,94.9791,3,0,-0.132816282418252,-0.0187720811167186,-0.819082255253144,-0.226981160287251,3.106
"Myotis","158",2018,49.989,61.873,8.592,94.9791,3,NA,-0.132816282418252,-0.0187720811167186,-0.819082255253144,-0.226981160287251,3.106
"Myotis","158",2019,49.989,61.873,8.592,94.9791,3,0,-0.132816282418252,-0.0187720811167186,-0.819082255253144,-0.226981160287251,3.106
"Myotis","158",2020,49.989,61.873,8.592,94.9791,3,NA,-0.132816282418252,-0.0187720811167186,-0.819082255253144,-0.226981160287251,3.106
"Myotis","158",2021,49.989,61.873,8.592,94.9791,3,NA,-0.132816282418252,-0.0187720811167186,-0.819082255253144,-0.226981160287251,3.106
"Myotis","158",2022,49.989,61.873,8.592,94.9791,3,0,-0.132816282418252,-0.0187720811167186,-0.819082255253144,-0.226981160287251,3.106
"Myotis","158",2023,49.989,61.873,8.592,94.9791,3,0,-0.132816282418252,-0.0187720811167186,-0.819082255253144,-0.226981160287251,3.106
"Myotis","158",2024,49.989,61.873,8.592,94.9791,3,0,-0.132816282418252,-0.0187720811167186,-0.819082255253144,-0.226981160287251,3.106
"Myotis","158",2025,49.989,61.873,8.592,94.9791,3,0,-0.132816282418252,-0.0187720811167186,-0.819082255253144,-0.226981160287251,3.106
"Myotis","160",2013,103.377,93.452,24.267,294.504,3,74,0.838327006360196,0.93482154319798,2.85967068881354,0.802081152160097,18.781
"Myotis","160",2014,103.377,93.452,24.267,294.504,3,50,0.838327006360196,0.93482154319798,2.85967068881354,0.802081152160097,18.781
"Myotis","160",2015,103.377,93.452,24.267,294.504,3,40,0.838327006360196,0.93482154319798,2.85967068881354,0.802081152160097,18.781
"Myotis","160",2016,103.377,93.452,24.267,294.504,3,48,0.838327006360196,0.93482154319798,2.85967068881354,0.802081152160097,18.781
"Myotis","160",2017,103.377,93.452,24.267,294.504,3,NA,0.838327006360196,0.93482154319798,2.85967068881354,0.802081152160097,18.781
"Myotis","160",2018,103.377,93.452,24.267,294.504,3,41,0.838327006360196,0.93482154319798,2.85967068881354,0.802081152160097,18.781
"Myotis","160",2019,103.377,93.452,24.267,294.504,3,39,0.838327006360196,0.93482154319798,2.85967068881354,0.802081152160097,18.781
"Myotis","160",2020,103.377,93.452,24.267,294.504,3,67,0.838327006360196,0.93482154319798,2.85967068881354,0.802081152160097,18.781
"Myotis","160",2021,103.377,93.452,24.267,294.504,3,48,0.838327006360196,0.93482154319798,2.85967068881354,0.802081152160097,18.781
"Myotis","160",2022,103.377,93.452,24.267,294.504,3,42,0.838327006360196,0.93482154319798,2.85967068881354,0.802081152160097,18.781
"Myotis","160",2023,103.377,93.452,24.267,294.504,3,42,0.838327006360196,0.93482154319798,2.85967068881354,0.802081152160097,18.781
"Myotis","160",2024,103.377,93.452,24.267,294.504,3,37,0.838327006360196,0.93482154319798,2.85967068881354,0.802081152160097,18.781
"Myotis","160",2025,103.377,93.452,24.267,294.504,3,52,0.838327006360196,0.93482154319798,2.85967068881354,0.802081152160097,18.781
"Myotis","164-164 A",2013,35.188,49.542,14.685,73.8948,2,0,-0.402050788622077,-0.391132288261484,0.610878936976414,-0.335724773311659,9.199
"Myotis","164-164 A",2014,35.188,49.542,14.685,73.8948,2,0,-0.402050788622077,-0.391132288261484,0.610878936976414,-0.335724773311659,9.199
"Myotis","164-164 A",2015,35.188,49.542,14.685,73.8948,2,0,-0.402050788622077,-0.391132288261484,0.610878936976414,-0.335724773311659,9.199
"Myotis","164-164 A",2016,35.188,49.542,14.685,73.8948,2,0,-0.402050788622077,-0.391132288261484,0.610878936976414,-0.335724773311659,9.199
"Myotis","164-164 A",2017,35.188,49.542,14.685,73.8948,2,0,-0.402050788622077,-0.391132288261484,0.610878936976414,-0.335724773311659,9.199
"Myotis","164-164 A",2018,35.188,49.542,14.685,73.8948,2,0,-0.402050788622077,-0.391132288261484,0.610878936976414,-0.335724773311659,9.199
"Myotis","164-164 A",2019,35.188,49.542,14.685,73.8948,2,0,-0.402050788622077,-0.391132288261484,0.610878936976414,-0.335724773311659,9.199
"Myotis","164-164 A",2020,35.188,49.542,14.685,73.8948,2,0,-0.402050788622077,-0.391132288261484,0.610878936976414,-0.335724773311659,9.199
"Myotis","164-164 A",2021,35.188,49.542,14.685,73.8948,2,0,-0.402050788622077,-0.391132288261484,0.610878936976414,-0.335724773311659,9.199
"Myotis","164-164 A",2022,35.188,49.542,14.685,73.8948,2,0,-0.402050788622077,-0.391132288261484,0.610878936976414,-0.335724773311659,9.199
"Myotis","164-164 A",2023,35.188,49.542,14.685,73.8948,2,0,-0.402050788622077,-0.391132288261484,0.610878936976414,-0.335724773311659,9.199
"Myotis","164-164 A",2024,35.188,49.542,14.685,73.8948,2,0,-0.402050788622077,-0.391132288261484,0.610878936976414,-0.335724773311659,9.199
"Myotis","164-164 A",2025,35.188,49.542,14.685,73.8948,2,0,-0.402050788622077,-0.391132288261484,0.610878936976414,-0.335724773311659,9.199
"Myotis","167",2013,248.389,122.728,21.122,848.4209,3,0,3.47613757413461,1.81887128972058,2.12157320816986,3.65894265675259,15.636
"Myotis","167",2014,248.389,122.728,21.122,848.4209,3,1,3.47613757413461,1.81887128972058,2.12157320816986,3.65894265675259,15.636
"Myotis","167",2015,248.389,122.728,21.122,848.4209,3,1,3.47613757413461,1.81887128972058,2.12157320816986,3.65894265675259,15.636
"Myotis","167",2016,248.389,122.728,21.122,848.4209,3,3,3.47613757413461,1.81887128972058,2.12157320816986,3.65894265675259,15.636
"Myotis","167",2017,248.389,122.728,21.122,848.4209,3,0,3.47613757413461,1.81887128972058,2.12157320816986,3.65894265675259,15.636
"Myotis","167",2018,248.389,122.728,21.122,848.4209,3,0,3.47613757413461,1.81887128972058,2.12157320816986,3.65894265675259,15.636
"Myotis","167",2019,248.389,122.728,21.122,848.4209,3,0,3.47613757413461,1.81887128972058,2.12157320816986,3.65894265675259,15.636
"Myotis","167",2020,248.389,122.728,21.122,848.4209,3,1,3.47613757413461,1.81887128972058,2.12157320816986,3.65894265675259,15.636
"Myotis","167",2021,248.389,122.728,21.122,848.4209,3,0,3.47613757413461,1.81887128972058,2.12157320816986,3.65894265675259,15.636
"Myotis","167",2022,248.389,122.728,21.122,848.4209,3,1,3.47613757413461,1.81887128972058,2.12157320816986,3.65894265675259,15.636
"Myotis","167",2023,248.389,122.728,21.122,848.4209,3,3,3.47613757413461,1.81887128972058,2.12157320816986,3.65894265675259,15.636
"Myotis","167",2024,248.389,122.728,21.122,848.4209,3,1,3.47613757413461,1.81887128972058,2.12157320816986,3.65894265675259,15.636
"Myotis","167",2025,248.389,122.728,21.122,848.4209,3,0,3.47613757413461,1.81887128972058,2.12157320816986,3.65894265675259,15.636
"Myotis","17",2013,192.665,116.888,20.022,589.5532,3,0,2.46250176414191,1.6425203360489,1.86341510683185,2.32381609370243,14.536
"Myotis","17",2014,192.665,116.888,20.022,589.5532,3,0,2.46250176414191,1.6425203360489,1.86341510683185,2.32381609370243,14.536
"Myotis","17",2015,192.665,116.888,20.022,589.5532,3,2,2.46250176414191,1.6425203360489,1.86341510683185,2.32381609370243,14.536
"Myotis","17",2016,192.665,116.888,20.022,589.5532,3,0,2.46250176414191,1.6425203360489,1.86341510683185,2.32381609370243,14.536
"Myotis","17",2017,192.665,116.888,20.022,589.5532,3,1,2.46250176414191,1.6425203360489,1.86341510683185,2.32381609370243,14.536
"Myotis","17",2018,192.665,116.888,20.022,589.5532,3,5,2.46250176414191,1.6425203360489,1.86341510683185,2.32381609370243,14.536
"Myotis","17",2019,192.665,116.888,20.022,589.5532,3,1,2.46250176414191,1.6425203360489,1.86341510683185,2.32381609370243,14.536
"Myotis","17",2020,192.665,116.888,20.022,589.5532,3,2,2.46250176414191,1.6425203360489,1.86341510683185,2.32381609370243,14.536
"Myotis","17",2021,192.665,116.888,20.022,589.5532,3,1,2.46250176414191,1.6425203360489,1.86341510683185,2.32381609370243,14.536
"Myotis","17",2022,192.665,116.888,20.022,589.5532,3,2,2.46250176414191,1.6425203360489,1.86341510683185,2.32381609370243,14.536
"Myotis","17",2023,192.665,116.888,20.022,589.5532,3,2,2.46250176414191,1.6425203360489,1.86341510683185,2.32381609370243,14.536
"Myotis","17",2024,192.665,116.888,20.022,589.5532,3,NA,2.46250176414191,1.6425203360489,1.86341510683185,2.32381609370243,14.536
"Myotis","17",2025,192.665,116.888,20.022,589.5532,3,2,2.46250176414191,1.6425203360489,1.86341510683185,2.32381609370243,14.536
"Myotis","170-171",2013,45.954,61.215,9.967,91.908,3,0,-0.20621410908756,-0.03864176048589,-0.496384628580627,-0.242820553103672,4.481
"Myotis","170-171",2014,45.954,61.215,9.967,91.908,3,0,-0.20621410908756,-0.03864176048589,-0.496384628580627,-0.242820553103672,4.481
"Myotis","170-171",2015,45.954,61.215,9.967,91.908,3,0,-0.20621410908756,-0.03864176048589,-0.496384628580627,-0.242820553103672,4.481
"Myotis","170-171",2016,45.954,61.215,9.967,91.908,3,0,-0.20621410908756,-0.03864176048589,-0.496384628580627,-0.242820553103672,4.481
"Myotis","170-171",2017,45.954,61.215,9.967,91.908,3,0,-0.20621410908756,-0.03864176048589,-0.496384628580627,-0.242820553103672,4.481
"Myotis","170-171",2018,45.954,61.215,9.967,91.908,3,0,-0.20621410908756,-0.03864176048589,-0.496384628580627,-0.242820553103672,4.481
"Myotis","170-171",2019,45.954,61.215,9.967,91.908,3,0,-0.20621410908756,-0.03864176048589,-0.496384628580627,-0.242820553103672,4.481
"Myotis","170-171",2020,45.954,61.215,9.967,91.908,3,0,-0.20621410908756,-0.03864176048589,-0.496384628580627,-0.242820553103672,4.481
"Myotis","170-171",2021,45.954,61.215,9.967,91.908,3,0,-0.20621410908756,-0.03864176048589,-0.496384628580627,-0.242820553103672,4.481
"Myotis","170-171",2022,45.954,61.215,9.967,91.908,3,0,-0.20621410908756,-0.03864176048589,-0.496384628580627,-0.242820553103672,4.481
"Myotis","170-171",2023,45.954,61.215,9.967,91.908,3,0,-0.20621410908756,-0.03864176048589,-0.496384628580627,-0.242820553103672,4.481
"Myotis","170-171",2024,45.954,61.215,9.967,91.908,3,0,-0.20621410908756,-0.03864176048589,-0.496384628580627,-0.242820553103672,4.481
"Myotis","170-171",2025,45.954,61.215,9.967,91.908,3,0,-0.20621410908756,-0.03864176048589,-0.496384628580627,-0.242820553103672,4.481
"Myotis","173",2013,37.908,53.56,11.247,75.816,1,0,-0.352573195427401,-0.269800416368883,-0.195982474296394,-0.325816062595985,5.761
"Myotis","173",2014,37.908,53.56,11.247,75.816,1,0,-0.352573195427401,-0.269800416368883,-0.195982474296394,-0.325816062595985,5.761
"Myotis","173",2015,37.908,53.56,11.247,75.816,1,0,-0.352573195427401,-0.269800416368883,-0.195982474296394,-0.325816062595985,5.761
"Myotis","173",2016,37.908,53.56,11.247,75.816,1,0,-0.352573195427401,-0.269800416368883,-0.195982474296394,-0.325816062595985,5.761
"Myotis","173",2017,37.908,53.56,11.247,75.816,1,0,-0.352573195427401,-0.269800416368883,-0.195982474296394,-0.325816062595985,5.761
"Myotis","173",2018,37.908,53.56,11.247,75.816,1,0,-0.352573195427401,-0.269800416368883,-0.195982474296394,-0.325816062595985,5.761
"Myotis","173",2019,37.908,53.56,11.247,75.816,1,0,-0.352573195427401,-0.269800416368883,-0.195982474296394,-0.325816062595985,5.761
"Myotis","173",2020,37.908,53.56,11.247,75.816,1,0,-0.352573195427401,-0.269800416368883,-0.195982474296394,-0.325816062595985,5.761
"Myotis","173",2021,37.908,53.56,11.247,75.816,1,0,-0.352573195427401,-0.269800416368883,-0.195982474296394,-0.325816062595985,5.761
"Myotis","173",2022,37.908,53.56,11.247,75.816,1,0,-0.352573195427401,-0.269800416368883,-0.195982474296394,-0.325816062595985,5.761
"Myotis","173",2023,37.908,53.56,11.247,75.816,1,0,-0.352573195427401,-0.269800416368883,-0.195982474296394,-0.325816062595985,5.761
"Myotis","173",2024,37.908,53.56,11.247,75.816,1,0,-0.352573195427401,-0.269800416368883,-0.195982474296394,-0.325816062595985,5.761
"Myotis","173",2025,37.908,53.56,11.247,75.816,1,0,-0.352573195427401,-0.269800416368883,-0.195982474296394,-0.325816062595985,5.761
"Myotis","186",2013,37.654,53.4,13.835,75.308,3,NA,-0.357193529497786,-0.274631949346189,0.411393131397041,-0.328436104779809,8.349
"Myotis","186",2014,37.654,53.4,13.835,75.308,3,NA,-0.357193529497786,-0.274631949346189,0.411393131397041,-0.328436104779809,8.349
"Myotis","186",2015,37.654,53.4,13.835,75.308,3,NA,-0.357193529497786,-0.274631949346189,0.411393131397041,-0.328436104779809,8.349
"Myotis","186",2016,37.654,53.4,13.835,75.308,3,NA,-0.357193529497786,-0.274631949346189,0.411393131397041,-0.328436104779809,8.349
"Myotis","186",2017,37.654,53.4,13.835,75.308,3,NA,-0.357193529497786,-0.274631949346189,0.411393131397041,-0.328436104779809,8.349
"Myotis","186",2018,37.654,53.4,13.835,75.308,3,1,-0.357193529497786,-0.274631949346189,0.411393131397041,-0.328436104779809,8.349
"Myotis","186",2019,37.654,53.4,13.835,75.308,3,0,-0.357193529497786,-0.274631949346189,0.411393131397041,-0.328436104779809,8.349
"Myotis","186",2020,37.654,53.4,13.835,75.308,3,NA,-0.357193529497786,-0.274631949346189,0.411393131397041,-0.328436104779809,8.349
"Myotis","186",2021,37.654,53.4,13.835,75.308,3,0,-0.357193529497786,-0.274631949346189,0.411393131397041,-0.328436104779809,8.349
"Myotis","186",2022,37.654,53.4,13.835,75.308,3,0,-0.357193529497786,-0.274631949346189,0.411393131397041,-0.328436104779809,8.349
"Myotis","186",2023,37.654,53.4,13.835,75.308,3,0,-0.357193529497786,-0.274631949346189,0.411393131397041,-0.328436104779809,8.349
"Myotis","186",2024,37.654,53.4,13.835,75.308,3,0,-0.357193529497786,-0.274631949346189,0.411393131397041,-0.328436104779809,8.349
"Myotis","186",2025,37.654,53.4,13.835,75.308,3,0,-0.357193529497786,-0.274631949346189,0.411393131397041,-0.328436104779809,8.349
"Myotis","2",2013,116.3,92.954,16.608,311.4932,2,5,1.07340014490976,0.919783396806115,1.06218623595187,0.889704027493604,11.122
"Myotis","2",2014,116.3,92.954,16.608,311.4932,2,3,1.07340014490976,0.919783396806115,1.06218623595187,0.889704027493604,11.122
"Myotis","2",2015,116.3,92.954,16.608,311.4932,2,3,1.07340014490976,0.919783396806115,1.06218623595187,0.889704027493604,11.122
"Myotis","2",2016,116.3,92.954,16.608,311.4932,2,1,1.07340014490976,0.919783396806115,1.06218623595187,0.889704027493604,11.122
"Myotis","2",2017,116.3,92.954,16.608,311.4932,2,1,1.07340014490976,0.919783396806115,1.06218623595187,0.889704027493604,11.122
"Myotis","2",2018,116.3,92.954,16.608,311.4932,2,3,1.07340014490976,0.919783396806115,1.06218623595187,0.889704027493604,11.122
"Myotis","2",2019,116.3,92.954,16.608,311.4932,2,2,1.07340014490976,0.919783396806115,1.06218623595187,0.889704027493604,11.122
"Myotis","2",2020,116.3,92.954,16.608,311.4932,2,0,1.07340014490976,0.919783396806115,1.06218623595187,0.889704027493604,11.122
"Myotis","2",2021,116.3,92.954,16.608,311.4932,2,4,1.07340014490976,0.919783396806115,1.06218623595187,0.889704027493604,11.122
"Myotis","2",2022,116.3,92.954,16.608,311.4932,2,1,1.07340014490976,0.919783396806115,1.06218623595187,0.889704027493604,11.122
"Myotis","2",2023,116.3,92.954,16.608,311.4932,2,1,1.07340014490976,0.919783396806115,1.06218623595187,0.889704027493604,11.122
"Myotis","2",2024,116.3,92.954,16.608,311.4932,2,3,1.07340014490976,0.919783396806115,1.06218623595187,0.889704027493604,11.122
"Myotis","2",2025,116.3,92.954,16.608,311.4932,2,0,1.07340014490976,0.919783396806115,1.06218623595187,0.889704027493604,11.122
"Myotis","20",2013,14.56,26.402,5.486,26.208,2,NA,-0.777280124070527,-1.08989274510439,-1.54802685775848,-0.581672465460429,0
"Myotis","20",2014,14.56,26.402,5.486,26.208,2,NA,-0.777280124070527,-1.08989274510439,-1.54802685775848,-0.581672465460429,0
"Myotis","20",2015,14.56,26.402,5.486,26.208,2,NA,-0.777280124070527,-1.08989274510439,-1.54802685775848,-0.581672465460429,0
"Myotis","20",2016,14.56,26.402,5.486,26.208,2,NA,-0.777280124070527,-1.08989274510439,-1.54802685775848,-0.581672465460429,0
"Myotis","20",2017,14.56,26.402,5.486,26.208,2,NA,-0.777280124070527,-1.08989274510439,-1.54802685775848,-0.581672465460429,0
"Myotis","20",2018,14.56,26.402,5.486,26.208,2,NA,-0.777280124070527,-1.08989274510439,-1.54802685775848,-0.581672465460429,0
"Myotis","20",2019,14.56,26.402,5.486,26.208,2,0,-0.777280124070527,-1.08989274510439,-1.54802685775848,-0.581672465460429,0
"Myotis","20",2020,14.56,26.402,5.486,26.208,2,NA,-0.777280124070527,-1.08989274510439,-1.54802685775848,-0.581672465460429,0
"Myotis","20",2021,14.56,26.402,5.486,26.208,2,0,-0.777280124070527,-1.08989274510439,-1.54802685775848,-0.581672465460429,0
"Myotis","20",2022,14.56,26.402,5.486,26.208,2,0,-0.777280124070527,-1.08989274510439,-1.54802685775848,-0.581672465460429,0
"Myotis","20",2023,14.56,26.402,5.486,26.208,2,NA,-0.777280124070527,-1.08989274510439,-1.54802685775848,-0.581672465460429,0
"Myotis","20",2024,14.56,26.402,5.486,26.208,2,NA,-0.777280124070527,-1.08989274510439,-1.54802685775848,-0.581672465460429,0
"Myotis","20",2025,14.56,26.402,5.486,26.208,2,0,-0.777280124070527,-1.08989274510439,-1.54802685775848,-0.581672465460429,0
"Myotis","23",2013,58.978,66.053,17.641,117.956,3,NA,0.0306962489151839,0.107451717915405,1.30462016202657,-0.108476342859093,12.155
"Myotis","23",2014,58.978,66.053,17.641,117.956,3,NA,0.0306962489151839,0.107451717915405,1.30462016202657,-0.108476342859093,12.155
"Myotis","23",2015,58.978,66.053,17.641,117.956,3,NA,0.0306962489151839,0.107451717915405,1.30462016202657,-0.108476342859093,12.155
"Myotis","23",2016,58.978,66.053,17.641,117.956,3,NA,0.0306962489151839,0.107451717915405,1.30462016202657,-0.108476342859093,12.155
"Myotis","23",2017,58.978,66.053,17.641,117.956,3,NA,0.0306962489151839,0.107451717915405,1.30462016202657,-0.108476342859093,12.155
"Myotis","23",2018,58.978,66.053,17.641,117.956,3,NA,0.0306962489151839,0.107451717915405,1.30462016202657,-0.108476342859093,12.155
"Myotis","23",2019,58.978,66.053,17.641,117.956,3,NA,0.0306962489151839,0.107451717915405,1.30462016202657,-0.108476342859093,12.155
"Myotis","23",2020,58.978,66.053,17.641,117.956,3,0,0.0306962489151839,0.107451717915405,1.30462016202657,-0.108476342859093,12.155
"Myotis","23",2021,58.978,66.053,17.641,117.956,3,NA,0.0306962489151839,0.107451717915405,1.30462016202657,-0.108476342859093,12.155
"Myotis","23",2022,58.978,66.053,17.641,117.956,3,NA,0.0306962489151839,0.107451717915405,1.30462016202657,-0.108476342859093,12.155
"Myotis","23",2023,58.978,66.053,17.641,117.956,3,NA,0.0306962489151839,0.107451717915405,1.30462016202657,-0.108476342859093,12.155
"Myotis","23",2024,58.978,66.053,17.641,117.956,3,0,0.0306962489151839,0.107451717915405,1.30462016202657,-0.108476342859093,12.155
"Myotis","23",2025,58.978,66.053,17.641,117.956,3,0,0.0306962489151839,0.107451717915405,1.30462016202657,-0.108476342859093,12.155
"Myotis","240",2013,275.961,168.265,19.166,1143.2191,4,0,3.97768029456241,3.19395577214303,1.66252116615427,5.17938304989307,13.68
"Myotis","240",2014,275.961,168.265,19.166,1143.2191,4,0,3.97768029456241,3.19395577214303,1.66252116615427,5.17938304989307,13.68
"Myotis","240",2015,275.961,168.265,19.166,1143.2191,4,0,3.97768029456241,3.19395577214303,1.66252116615427,5.17938304989307,13.68
"Myotis","240",2016,275.961,168.265,19.166,1143.2191,4,0,3.97768029456241,3.19395577214303,1.66252116615427,5.17938304989307,13.68
"Myotis","240",2017,275.961,168.265,19.166,1143.2191,4,0,3.97768029456241,3.19395577214303,1.66252116615427,5.17938304989307,13.68
"Myotis","240",2018,275.961,168.265,19.166,1143.2191,4,0,3.97768029456241,3.19395577214303,1.66252116615427,5.17938304989307,13.68
"Myotis","240",2019,275.961,168.265,19.166,1143.2191,4,0,3.97768029456241,3.19395577214303,1.66252116615427,5.17938304989307,13.68
"Myotis","240",2020,275.961,168.265,19.166,1143.2191,4,0,3.97768029456241,3.19395577214303,1.66252116615427,5.17938304989307,13.68
"Myotis","240",2021,275.961,168.265,19.166,1143.2191,4,0,3.97768029456241,3.19395577214303,1.66252116615427,5.17938304989307,13.68
"Myotis","240",2022,275.961,168.265,19.166,1143.2191,4,0,3.97768029456241,3.19395577214303,1.66252116615427,5.17938304989307,13.68
"Myotis","240",2023,275.961,168.265,19.166,1143.2191,4,0,3.97768029456241,3.19395577214303,1.66252116615427,5.17938304989307,13.68
"Myotis","240",2024,275.961,168.265,19.166,1143.2191,4,0,3.97768029456241,3.19395577214303,1.66252116615427,5.17938304989307,13.68
"Myotis","240",2025,275.961,168.265,19.166,1143.2191,4,0,3.97768029456241,3.19395577214303,1.66252116615427,5.17938304989307,13.68
"Myotis","241",2013,28.698,38.497,6.987,57.396,2,0,-0.520105781207904,-0.724659049101151,-1.19575839402361,-0.420818379576372,1.501
"Myotis","241",2014,28.698,38.497,6.987,57.396,2,0,-0.520105781207904,-0.724659049101151,-1.19575839402361,-0.420818379576372,1.501
"Myotis","241",2015,28.698,38.497,6.987,57.396,2,0,-0.520105781207904,-0.724659049101151,-1.19575839402361,-0.420818379576372,1.501
"Myotis","241",2016,28.698,38.497,6.987,57.396,2,0,-0.520105781207904,-0.724659049101151,-1.19575839402361,-0.420818379576372,1.501
"Myotis","241",2017,28.698,38.497,6.987,57.396,2,0,-0.520105781207904,-0.724659049101151,-1.19575839402361,-0.420818379576372,1.501
"Myotis","241",2018,28.698,38.497,6.987,57.396,2,NA,-0.520105781207904,-0.724659049101151,-1.19575839402361,-0.420818379576372,1.501
"Myotis","241",2019,28.698,38.497,6.987,57.396,2,0,-0.520105781207904,-0.724659049101151,-1.19575839402361,-0.420818379576372,1.501
"Myotis","241",2020,28.698,38.497,6.987,57.396,2,0,-0.520105781207904,-0.724659049101151,-1.19575839402361,-0.420818379576372,1.501
"Myotis","241",2021,28.698,38.497,6.987,57.396,2,0,-0.520105781207904,-0.724659049101151,-1.19575839402361,-0.420818379576372,1.501
"Myotis","241",2022,28.698,38.497,6.987,57.396,2,0,-0.520105781207904,-0.724659049101151,-1.19575839402361,-0.420818379576372,1.501
"Myotis","241",2023,28.698,38.497,6.987,57.396,2,0,-0.520105781207904,-0.724659049101151,-1.19575839402361,-0.420818379576372,1.501
"Myotis","241",2024,28.698,38.497,6.987,57.396,2,0,-0.520105781207904,-0.724659049101151,-1.19575839402361,-0.420818379576372,1.501
"Myotis","241",2025,28.698,38.497,6.987,57.396,2,0,-0.520105781207904,-0.724659049101151,-1.19575839402361,-0.420818379576372,1.501
"Myotis","244",2013,49.648,57.343,11.595,99.296,1,0,-0.139019171859202,-0.1555648585367,-0.114310638600368,-0.204716475044437,6.109
"Myotis","244",2014,49.648,57.343,11.595,99.296,1,0,-0.139019171859202,-0.1555648585367,-0.114310638600368,-0.204716475044437,6.109
"Myotis","244",2015,49.648,57.343,11.595,99.296,1,1,-0.139019171859202,-0.1555648585367,-0.114310638600368,-0.204716475044437,6.109
"Myotis","244",2016,49.648,57.343,11.595,99.296,1,0,-0.139019171859202,-0.1555648585367,-0.114310638600368,-0.204716475044437,6.109
"Myotis","244",2017,49.648,57.343,11.595,99.296,1,NA,-0.139019171859202,-0.1555648585367,-0.114310638600368,-0.204716475044437,6.109
"Myotis","244",2018,49.648,57.343,11.595,99.296,1,0,-0.139019171859202,-0.1555648585367,-0.114310638600368,-0.204716475044437,6.109
"Myotis","244",2019,49.648,57.343,11.595,99.296,1,1,-0.139019171859202,-0.1555648585367,-0.114310638600368,-0.204716475044437,6.109
"Myotis","244",2020,49.648,57.343,11.595,99.296,1,0,-0.139019171859202,-0.1555648585367,-0.114310638600368,-0.204716475044437,6.109
"Myotis","244",2021,49.648,57.343,11.595,99.296,1,0,-0.139019171859202,-0.1555648585367,-0.114310638600368,-0.204716475044437,6.109
"Myotis","244",2022,49.648,57.343,11.595,99.296,1,NA,-0.139019171859202,-0.1555648585367,-0.114310638600368,-0.204716475044437,6.109
"Myotis","244",2023,49.648,57.343,11.595,99.296,1,0,-0.139019171859202,-0.1555648585367,-0.114310638600368,-0.204716475044437,6.109
"Myotis","244",2024,49.648,57.343,11.595,99.296,1,1,-0.139019171859202,-0.1555648585367,-0.114310638600368,-0.204716475044437,6.109
"Myotis","244",2025,49.648,57.343,11.595,99.296,1,0,-0.139019171859202,-0.1555648585367,-0.114310638600368,-0.204716475044437,6.109
"Myotis","252",2013,23.559,31.012,6.392,47.118,1,0,-0.613585689820934,-0.950684201195756,-1.33539845792917,-0.473827815728621,0.906000000000001
"Myotis","252",2014,23.559,31.012,6.392,47.118,1,0,-0.613585689820934,-0.950684201195756,-1.33539845792917,-0.473827815728621,0.906000000000001
"Myotis","252",2015,23.559,31.012,6.392,47.118,1,0,-0.613585689820934,-0.950684201195756,-1.33539845792917,-0.473827815728621,0.906000000000001
"Myotis","252",2016,23.559,31.012,6.392,47.118,1,0,-0.613585689820934,-0.950684201195756,-1.33539845792917,-0.473827815728621,0.906000000000001
"Myotis","252",2017,23.559,31.012,6.392,47.118,1,NA,-0.613585689820934,-0.950684201195756,-1.33539845792917,-0.473827815728621,0.906000000000001
"Myotis","252",2018,23.559,31.012,6.392,47.118,1,0,-0.613585689820934,-0.950684201195756,-1.33539845792917,-0.473827815728621,0.906000000000001
"Myotis","252",2019,23.559,31.012,6.392,47.118,1,0,-0.613585689820934,-0.950684201195756,-1.33539845792917,-0.473827815728621,0.906000000000001
"Myotis","252",2020,23.559,31.012,6.392,47.118,1,1,-0.613585689820934,-0.950684201195756,-1.33539845792917,-0.473827815728621,0.906000000000001
"Myotis","252",2021,23.559,31.012,6.392,47.118,1,0,-0.613585689820934,-0.950684201195756,-1.33539845792917,-0.473827815728621,0.906000000000001
"Myotis","252",2022,23.559,31.012,6.392,47.118,1,0,-0.613585689820934,-0.950684201195756,-1.33539845792917,-0.473827815728621,0.906000000000001
"Myotis","252",2023,23.559,31.012,6.392,47.118,1,0,-0.613585689820934,-0.950684201195756,-1.33539845792917,-0.473827815728621,0.906000000000001
"Myotis","252",2024,23.559,31.012,6.392,47.118,1,0,-0.613585689820934,-0.950684201195756,-1.33539845792917,-0.473827815728621,0.906000000000001
"Myotis","252",2025,23.559,31.012,6.392,47.118,1,0,-0.613585689820934,-0.950684201195756,-1.33539845792917,-0.473827815728621,0.906000000000001
"Myotis","272",2013,42.23,51.212,11.066,84.46,1,0,-0.273954755064389,-0.340703162810851,-0.238461216425649,-0.281234084964146,5.58
"Myotis","272",2014,42.23,51.212,11.066,84.46,1,0,-0.273954755064389,-0.340703162810851,-0.238461216425649,-0.281234084964146,5.58
"Myotis","272",2015,42.23,51.212,11.066,84.46,1,0,-0.273954755064389,-0.340703162810851,-0.238461216425649,-0.281234084964146,5.58
"Myotis","272",2016,42.23,51.212,11.066,84.46,1,0,-0.273954755064389,-0.340703162810851,-0.238461216425649,-0.281234084964146,5.58
"Myotis","272",2017,42.23,51.212,11.066,84.46,1,0,-0.273954755064389,-0.340703162810851,-0.238461216425649,-0.281234084964146,5.58
"Myotis","272",2018,42.23,51.212,11.066,84.46,1,0,-0.273954755064389,-0.340703162810851,-0.238461216425649,-0.281234084964146,5.58
"Myotis","272",2019,42.23,51.212,11.066,84.46,1,0,-0.273954755064389,-0.340703162810851,-0.238461216425649,-0.281234084964146,5.58
"Myotis","272",2020,42.23,51.212,11.066,84.46,1,0,-0.273954755064389,-0.340703162810851,-0.238461216425649,-0.281234084964146,5.58
"Myotis","272",2021,42.23,51.212,11.066,84.46,1,0,-0.273954755064389,-0.340703162810851,-0.238461216425649,-0.281234084964146,5.58
"Myotis","272",2022,42.23,51.212,11.066,84.46,1,0,-0.273954755064389,-0.340703162810851,-0.238461216425649,-0.281234084964146,5.58
"Myotis","272",2023,42.23,51.212,11.066,84.46,1,0,-0.273954755064389,-0.340703162810851,-0.238461216425649,-0.281234084964146,5.58
"Myotis","272",2024,42.23,51.212,11.066,84.46,1,0,-0.273954755064389,-0.340703162810851,-0.238461216425649,-0.281234084964146,5.58
"Myotis","272",2025,42.23,51.212,11.066,84.46,1,0,-0.273954755064389,-0.340703162810851,-0.238461216425649,-0.281234084964146,5.58
"Myotis","278",2013,25.798,30.485,12.206,51.596,1,NA,-0.572857626893404,-0.966598062939758,0.0290844522337463,-0.45073224702948,6.72
"Myotis","278",2014,25.798,30.485,12.206,51.596,1,NA,-0.572857626893404,-0.966598062939758,0.0290844522337463,-0.45073224702948,6.72
"Myotis","278",2015,25.798,30.485,12.206,51.596,1,NA,-0.572857626893404,-0.966598062939758,0.0290844522337463,-0.45073224702948,6.72
"Myotis","278",2016,25.798,30.485,12.206,51.596,1,NA,-0.572857626893404,-0.966598062939758,0.0290844522337463,-0.45073224702948,6.72
"Myotis","278",2017,25.798,30.485,12.206,51.596,1,NA,-0.572857626893404,-0.966598062939758,0.0290844522337463,-0.45073224702948,6.72
"Myotis","278",2018,25.798,30.485,12.206,51.596,1,NA,-0.572857626893404,-0.966598062939758,0.0290844522337463,-0.45073224702948,6.72
"Myotis","278",2019,25.798,30.485,12.206,51.596,1,NA,-0.572857626893404,-0.966598062939758,0.0290844522337463,-0.45073224702948,6.72
"Myotis","278",2020,25.798,30.485,12.206,51.596,1,NA,-0.572857626893404,-0.966598062939758,0.0290844522337463,-0.45073224702948,6.72
"Myotis","278",2021,25.798,30.485,12.206,51.596,1,NA,-0.572857626893404,-0.966598062939758,0.0290844522337463,-0.45073224702948,6.72
"Myotis","278",2022,25.798,30.485,12.206,51.596,1,NA,-0.572857626893404,-0.966598062939758,0.0290844522337463,-0.45073224702948,6.72
"Myotis","278",2023,25.798,30.485,12.206,51.596,1,0,-0.572857626893404,-0.966598062939758,0.0290844522337463,-0.45073224702948,6.72
"Myotis","278",2024,25.798,30.485,12.206,51.596,1,0,-0.572857626893404,-0.966598062939758,0.0290844522337463,-0.45073224702948,6.72
"Myotis","278",2025,25.798,30.485,12.206,51.596,1,0,-0.572857626893404,-0.966598062939758,0.0290844522337463,-0.45073224702948,6.72
"Myotis","28-172",2013,38.186,54.052,11.529,76.372,1,0,-0.347516294358239,-0.254943452463666,-0.129800124680649,-0.32294845737117,6.043
"Myotis","28-172",2014,38.186,54.052,11.529,76.372,1,0,-0.347516294358239,-0.254943452463666,-0.129800124680649,-0.32294845737117,6.043
"Myotis","28-172",2015,38.186,54.052,11.529,76.372,1,0,-0.347516294358239,-0.254943452463666,-0.129800124680649,-0.32294845737117,6.043
"Myotis","28-172",2016,38.186,54.052,11.529,76.372,1,0,-0.347516294358239,-0.254943452463666,-0.129800124680649,-0.32294845737117,6.043
"Myotis","28-172",2017,38.186,54.052,11.529,76.372,1,0,-0.347516294358239,-0.254943452463666,-0.129800124680649,-0.32294845737117,6.043
"Myotis","28-172",2018,38.186,54.052,11.529,76.372,1,0,-0.347516294358239,-0.254943452463666,-0.129800124680649,-0.32294845737117,6.043
"Myotis","28-172",2019,38.186,54.052,11.529,76.372,1,0,-0.347516294358239,-0.254943452463666,-0.129800124680649,-0.32294845737117,6.043
"Myotis","28-172",2020,38.186,54.052,11.529,76.372,1,0,-0.347516294358239,-0.254943452463666,-0.129800124680649,-0.32294845737117,6.043
"Myotis","28-172",2021,38.186,54.052,11.529,76.372,1,0,-0.347516294358239,-0.254943452463666,-0.129800124680649,-0.32294845737117,6.043
"Myotis","28-172",2022,38.186,54.052,11.529,76.372,1,0,-0.347516294358239,-0.254943452463666,-0.129800124680649,-0.32294845737117,6.043
"Myotis","28-172",2023,38.186,54.052,11.529,76.372,1,0,-0.347516294358239,-0.254943452463666,-0.129800124680649,-0.32294845737117,6.043
"Myotis","28-172",2024,38.186,54.052,11.529,76.372,1,0,-0.347516294358239,-0.254943452463666,-0.129800124680649,-0.32294845737117,6.043
"Myotis","28-172",2025,38.186,54.052,11.529,76.372,1,0,-0.347516294358239,-0.254943452463666,-0.129800124680649,-0.32294845737117,6.043
"Myotis","30",2013,35.788,53.37,10.697,67.63932,1,NA,-0.391136613652663,-0.275537861779434,-0.325061524965401,-0.36798780772124,5.211
"Myotis","30",2014,35.788,53.37,10.697,67.63932,1,NA,-0.391136613652663,-0.275537861779434,-0.325061524965401,-0.36798780772124,5.211
"Myotis","30",2015,35.788,53.37,10.697,67.63932,1,NA,-0.391136613652663,-0.275537861779434,-0.325061524965401,-0.36798780772124,5.211
"Myotis","30",2016,35.788,53.37,10.697,67.63932,1,NA,-0.391136613652663,-0.275537861779434,-0.325061524965401,-0.36798780772124,5.211
"Myotis","30",2017,35.788,53.37,10.697,67.63932,1,NA,-0.391136613652663,-0.275537861779434,-0.325061524965401,-0.36798780772124,5.211
"Myotis","30",2018,35.788,53.37,10.697,67.63932,1,NA,-0.391136613652663,-0.275537861779434,-0.325061524965401,-0.36798780772124,5.211
"Myotis","30",2019,35.788,53.37,10.697,67.63932,1,NA,-0.391136613652663,-0.275537861779434,-0.325061524965401,-0.36798780772124,5.211
"Myotis","30",2020,35.788,53.37,10.697,67.63932,1,0,-0.391136613652663,-0.275537861779434,-0.325061524965401,-0.36798780772124,5.211
"Myotis","30",2021,35.788,53.37,10.697,67.63932,1,0,-0.391136613652663,-0.275537861779434,-0.325061524965401,-0.36798780772124,5.211
"Myotis","30",2022,35.788,53.37,10.697,67.63932,1,0,-0.391136613652663,-0.275537861779434,-0.325061524965401,-0.36798780772124,5.211
"Myotis","30",2023,35.788,53.37,10.697,67.63932,1,0,-0.391136613652663,-0.275537861779434,-0.325061524965401,-0.36798780772124,5.211
"Myotis","30",2024,35.788,53.37,10.697,67.63932,1,0,-0.391136613652663,-0.275537861779434,-0.325061524965401,-0.36798780772124,5.211
"Myotis","30",2025,35.788,53.37,10.697,67.63932,1,0,-0.391136613652663,-0.275537861779434,-0.325061524965401,-0.36798780772124,5.211
"Myotis","304",2013,36.38,57.859,9.654,72.76,2,0,-0.380367961016175,-0.139983164684887,-0.569842342870444,-0.34157757620576,4.168
"Myotis","304",2014,36.38,57.859,9.654,72.76,2,0,-0.380367961016175,-0.139983164684887,-0.569842342870444,-0.34157757620576,4.168
"Myotis","304",2015,36.38,57.859,9.654,72.76,2,0,-0.380367961016175,-0.139983164684887,-0.569842342870444,-0.34157757620576,4.168
"Myotis","304",2016,36.38,57.859,9.654,72.76,2,0,-0.380367961016175,-0.139983164684887,-0.569842342870444,-0.34157757620576,4.168
"Myotis","304",2017,36.38,57.859,9.654,72.76,2,0,-0.380367961016175,-0.139983164684887,-0.569842342870444,-0.34157757620576,4.168
"Myotis","304",2018,36.38,57.859,9.654,72.76,2,0,-0.380367961016175,-0.139983164684887,-0.569842342870444,-0.34157757620576,4.168
"Myotis","304",2019,36.38,57.859,9.654,72.76,2,0,-0.380367961016175,-0.139983164684887,-0.569842342870444,-0.34157757620576,4.168
"Myotis","304",2020,36.38,57.859,9.654,72.76,2,0,-0.380367961016175,-0.139983164684887,-0.569842342870444,-0.34157757620576,4.168
"Myotis","304",2021,36.38,57.859,9.654,72.76,2,0,-0.380367961016175,-0.139983164684887,-0.569842342870444,-0.34157757620576,4.168
"Myotis","304",2022,36.38,57.859,9.654,72.76,2,0,-0.380367961016175,-0.139983164684887,-0.569842342870444,-0.34157757620576,4.168
"Myotis","304",2023,36.38,57.859,9.654,72.76,2,0,-0.380367961016175,-0.139983164684887,-0.569842342870444,-0.34157757620576,4.168
"Myotis","304",2024,36.38,57.859,9.654,72.76,2,0,-0.380367961016175,-0.139983164684887,-0.569842342870444,-0.34157757620576,4.168
"Myotis","304",2025,36.38,57.859,9.654,72.76,2,0,-0.380367961016175,-0.139983164684887,-0.569842342870444,-0.34157757620576,4.168
"Myotis","306",2013,44.796,58.496,8.832,89.592,2,0,-0.227278466778529,-0.120747624018987,-0.76275685132485,-0.254765469831499,3.346
"Myotis","306",2014,44.796,58.496,8.832,89.592,2,0,-0.227278466778529,-0.120747624018987,-0.76275685132485,-0.254765469831499,3.346
"Myotis","306",2015,44.796,58.496,8.832,89.592,2,0,-0.227278466778529,-0.120747624018987,-0.76275685132485,-0.254765469831499,3.346
"Myotis","306",2016,44.796,58.496,8.832,89.592,2,0,-0.227278466778529,-0.120747624018987,-0.76275685132485,-0.254765469831499,3.346
"Myotis","306",2017,44.796,58.496,8.832,89.592,2,NA,-0.227278466778529,-0.120747624018987,-0.76275685132485,-0.254765469831499,3.346
"Myotis","306",2018,44.796,58.496,8.832,89.592,2,NA,-0.227278466778529,-0.120747624018987,-0.76275685132485,-0.254765469831499,3.346
"Myotis","306",2019,44.796,58.496,8.832,89.592,2,0,-0.227278466778529,-0.120747624018987,-0.76275685132485,-0.254765469831499,3.346
"Myotis","306",2020,44.796,58.496,8.832,89.592,2,0,-0.227278466778529,-0.120747624018987,-0.76275685132485,-0.254765469831499,3.346
"Myotis","306",2021,44.796,58.496,8.832,89.592,2,0,-0.227278466778529,-0.120747624018987,-0.76275685132485,-0.254765469831499,3.346
"Myotis","306",2022,44.796,58.496,8.832,89.592,2,0,-0.227278466778529,-0.120747624018987,-0.76275685132485,-0.254765469831499,3.346
"Myotis","306",2023,44.796,58.496,8.832,89.592,2,0,-0.227278466778529,-0.120747624018987,-0.76275685132485,-0.254765469831499,3.346
"Myotis","306",2024,44.796,58.496,8.832,89.592,2,0,-0.227278466778529,-0.120747624018987,-0.76275685132485,-0.254765469831499,3.346
"Myotis","306",2025,44.796,58.496,8.832,89.592,2,0,-0.227278466778529,-0.120747624018987,-0.76275685132485,-0.254765469831499,3.346
"Myotis","308",2013,72.474,80.904,10.944,144.948,3,0,0.276192424560534,0.555908569452743,-0.267093296755865,0.0307366071916462,5.458
"Myotis","308",2014,72.474,80.904,10.944,144.948,3,0,0.276192424560534,0.555908569452743,-0.267093296755865,0.0307366071916462,5.458
"Myotis","308",2015,72.474,80.904,10.944,144.948,3,1,0.276192424560534,0.555908569452743,-0.267093296755865,0.0307366071916462,5.458
"Myotis","308",2016,72.474,80.904,10.944,144.948,3,0,0.276192424560534,0.555908569452743,-0.267093296755865,0.0307366071916462,5.458
"Myotis","308",2017,72.474,80.904,10.944,144.948,3,0,0.276192424560534,0.555908569452743,-0.267093296755865,0.0307366071916462,5.458
"Myotis","308",2018,72.474,80.904,10.944,144.948,3,1,0.276192424560534,0.555908569452743,-0.267093296755865,0.0307366071916462,5.458
"Myotis","308",2019,72.474,80.904,10.944,144.948,3,0,0.276192424560534,0.555908569452743,-0.267093296755865,0.0307366071916462,5.458
"Myotis","308",2020,72.474,80.904,10.944,144.948,3,0,0.276192424560534,0.555908569452743,-0.267093296755865,0.0307366071916462,5.458
"Myotis","308",2021,72.474,80.904,10.944,144.948,3,0,0.276192424560534,0.555908569452743,-0.267093296755865,0.0307366071916462,5.458
"Myotis","308",2022,72.474,80.904,10.944,144.948,3,1,0.276192424560534,0.555908569452743,-0.267093296755865,0.0307366071916462,5.458
"Myotis","308",2023,72.474,80.904,10.944,144.948,3,0,0.276192424560534,0.555908569452743,-0.267093296755865,0.0307366071916462,5.458
"Myotis","308",2024,72.474,80.904,10.944,144.948,3,0,0.276192424560534,0.555908569452743,-0.267093296755865,0.0307366071916462,5.458
"Myotis","308",2025,72.474,80.904,10.944,144.948,3,0,0.276192424560534,0.555908569452743,-0.267093296755865,0.0307366071916462,5.458
"Myotis","309",2013,37.953,47.839,8.916,75.906,1,0,-0.351754632304695,-0.442557917388687,-0.743042959949947,-0.325351881894126,3.43
"Myotis","309",2014,37.953,47.839,8.916,75.906,1,0,-0.351754632304695,-0.442557917388687,-0.743042959949947,-0.325351881894126,3.43
"Myotis","309",2015,37.953,47.839,8.916,75.906,1,0,-0.351754632304695,-0.442557917388687,-0.743042959949947,-0.325351881894126,3.43
"Myotis","309",2016,37.953,47.839,8.916,75.906,1,0,-0.351754632304695,-0.442557917388687,-0.743042959949947,-0.325351881894126,3.43
"Myotis","309",2017,37.953,47.839,8.916,75.906,1,0,-0.351754632304695,-0.442557917388687,-0.743042959949947,-0.325351881894126,3.43
"Myotis","309",2018,37.953,47.839,8.916,75.906,1,0,-0.351754632304695,-0.442557917388687,-0.743042959949947,-0.325351881894126,3.43
"Myotis","309",2019,37.953,47.839,8.916,75.906,1,0,-0.351754632304695,-0.442557917388687,-0.743042959949947,-0.325351881894126,3.43
"Myotis","309",2020,37.953,47.839,8.916,75.906,1,0,-0.351754632304695,-0.442557917388687,-0.743042959949947,-0.325351881894126,3.43
"Myotis","309",2021,37.953,47.839,8.916,75.906,1,0,-0.351754632304695,-0.442557917388687,-0.743042959949947,-0.325351881894126,3.43
"Myotis","309",2022,37.953,47.839,8.916,75.906,1,0,-0.351754632304695,-0.442557917388687,-0.743042959949947,-0.325351881894126,3.43
"Myotis","309",2023,37.953,47.839,8.916,75.906,1,0,-0.351754632304695,-0.442557917388687,-0.743042959949947,-0.325351881894126,3.43
"Myotis","309",2024,37.953,47.839,8.916,75.906,1,0,-0.351754632304695,-0.442557917388687,-0.743042959949947,-0.325351881894126,3.43
"Myotis","309",2025,37.953,47.839,8.916,75.906,1,0,-0.351754632304695,-0.442557917388687,-0.743042959949947,-0.325351881894126,3.43
"Myotis","31",2013,39.998,55.005,7.743,79.996,3,NA,-0.314555485950609,-0.226165634167586,-1.01833337164948,-0.304257447776331,2.257
"Myotis","31",2014,39.998,55.005,7.743,79.996,3,NA,-0.314555485950609,-0.226165634167586,-1.01833337164948,-0.304257447776331,2.257
"Myotis","31",2015,39.998,55.005,7.743,79.996,3,NA,-0.314555485950609,-0.226165634167586,-1.01833337164948,-0.304257447776331,2.257
"Myotis","31",2016,39.998,55.005,7.743,79.996,3,NA,-0.314555485950609,-0.226165634167586,-1.01833337164948,-0.304257447776331,2.257
"Myotis","31",2017,39.998,55.005,7.743,79.996,3,NA,-0.314555485950609,-0.226165634167586,-1.01833337164948,-0.304257447776331,2.257
"Myotis","31",2018,39.998,55.005,7.743,79.996,3,NA,-0.314555485950609,-0.226165634167586,-1.01833337164948,-0.304257447776331,2.257
"Myotis","31",2019,39.998,55.005,7.743,79.996,3,NA,-0.314555485950609,-0.226165634167586,-1.01833337164948,-0.304257447776331,2.257
"Myotis","31",2020,39.998,55.005,7.743,79.996,3,0,-0.314555485950609,-0.226165634167586,-1.01833337164948,-0.304257447776331,2.257
"Myotis","31",2021,39.998,55.005,7.743,79.996,3,NA,-0.314555485950609,-0.226165634167586,-1.01833337164948,-0.304257447776331,2.257
"Myotis","31",2022,39.998,55.005,7.743,79.996,3,NA,-0.314555485950609,-0.226165634167586,-1.01833337164948,-0.304257447776331,2.257
"Myotis","31",2023,39.998,55.005,7.743,79.996,3,NA,-0.314555485950609,-0.226165634167586,-1.01833337164948,-0.304257447776331,2.257
"Myotis","31",2024,39.998,55.005,7.743,79.996,3,0,-0.314555485950609,-0.226165634167586,-1.01833337164948,-0.304257447776331,2.257
"Myotis","31",2025,39.998,55.005,7.743,79.996,3,0,-0.314555485950609,-0.226165634167586,-1.01833337164948,-0.304257447776331,2.257
"Myotis","312",2013,42.042,50.393,10.597,84.084,1,0,-0.277374529888139,-0.365434572238437,-0.348530443268856,-0.283173328785244,5.111
"Myotis","312",2014,42.042,50.393,10.597,84.084,1,0,-0.277374529888139,-0.365434572238437,-0.348530443268856,-0.283173328785244,5.111
"Myotis","312",2015,42.042,50.393,10.597,84.084,1,0,-0.277374529888139,-0.365434572238437,-0.348530443268856,-0.283173328785244,5.111
"Myotis","312",2016,42.042,50.393,10.597,84.084,1,0,-0.277374529888139,-0.365434572238437,-0.348530443268856,-0.283173328785244,5.111
"Myotis","312",2017,42.042,50.393,10.597,84.084,1,0,-0.277374529888139,-0.365434572238437,-0.348530443268856,-0.283173328785244,5.111
"Myotis","312",2018,42.042,50.393,10.597,84.084,1,0,-0.277374529888139,-0.365434572238437,-0.348530443268856,-0.283173328785244,5.111
"Myotis","312",2019,42.042,50.393,10.597,84.084,1,0,-0.277374529888139,-0.365434572238437,-0.348530443268856,-0.283173328785244,5.111
"Myotis","312",2020,42.042,50.393,10.597,84.084,1,0,-0.277374529888139,-0.365434572238437,-0.348530443268856,-0.283173328785244,5.111
"Myotis","312",2021,42.042,50.393,10.597,84.084,1,0,-0.277374529888139,-0.365434572238437,-0.348530443268856,-0.283173328785244,5.111
"Myotis","312",2022,42.042,50.393,10.597,84.084,1,NA,-0.277374529888139,-0.365434572238437,-0.348530443268856,-0.283173328785244,5.111
"Myotis","312",2023,42.042,50.393,10.597,84.084,1,1,-0.277374529888139,-0.365434572238437,-0.348530443268856,-0.283173328785244,5.111
"Myotis","312",2024,42.042,50.393,10.597,84.084,1,0,-0.277374529888139,-0.365434572238437,-0.348530443268856,-0.283173328785244,5.111
"Myotis","312",2025,42.042,50.393,10.597,84.084,1,0,-0.277374529888139,-0.365434572238437,-0.348530443268856,-0.283173328785244,5.111
"Myotis","314",2013,48.58,65.034,12.959,97.16,1,0,-0.158446403304759,0.0766808922661869,0.205805407058768,-0.215733030368547,7.473
"Myotis","314",2014,48.58,65.034,12.959,97.16,1,0,-0.158446403304759,0.0766808922661869,0.205805407058768,-0.215733030368547,7.473
"Myotis","314",2015,48.58,65.034,12.959,97.16,1,1,-0.158446403304759,0.0766808922661869,0.205805407058768,-0.215733030368547,7.473
"Myotis","314",2016,48.58,65.034,12.959,97.16,1,0,-0.158446403304759,0.0766808922661869,0.205805407058768,-0.215733030368547,7.473
"Myotis","314",2017,48.58,65.034,12.959,97.16,1,0,-0.158446403304759,0.0766808922661869,0.205805407058768,-0.215733030368547,7.473
"Myotis","314",2018,48.58,65.034,12.959,97.16,1,0,-0.158446403304759,0.0766808922661869,0.205805407058768,-0.215733030368547,7.473
"Myotis","314",2019,48.58,65.034,12.959,97.16,1,0,-0.158446403304759,0.0766808922661869,0.205805407058768,-0.215733030368547,7.473
"Myotis","314",2020,48.58,65.034,12.959,97.16,1,0,-0.158446403304759,0.0766808922661869,0.205805407058768,-0.215733030368547,7.473
"Myotis","314",2021,48.58,65.034,12.959,97.16,1,NA,-0.158446403304759,0.0766808922661869,0.205805407058768,-0.215733030368547,7.473
"Myotis","314",2022,48.58,65.034,12.959,97.16,1,0,-0.158446403304759,0.0766808922661869,0.205805407058768,-0.215733030368547,7.473
"Myotis","314",2023,48.58,65.034,12.959,97.16,1,0,-0.158446403304759,0.0766808922661869,0.205805407058768,-0.215733030368547,7.473
"Myotis","314",2024,48.58,65.034,12.959,97.16,1,0,-0.158446403304759,0.0766808922661869,0.205805407058768,-0.215733030368547,7.473
"Myotis","314",2025,48.58,65.034,12.959,97.16,1,0,-0.158446403304759,0.0766808922661869,0.205805407058768,-0.215733030368547,7.473
"Myotis","316",2013,76.844,92.008,11.308,153.688,2,NA,0.355683998921098,0.891216958077792,-0.181666434131286,0.0758137109054674,5.822
"Myotis","316",2014,76.844,92.008,11.308,153.688,2,NA,0.355683998921098,0.891216958077792,-0.181666434131286,0.0758137109054674,5.822
"Myotis","316",2015,76.844,92.008,11.308,153.688,2,0,0.355683998921098,0.891216958077792,-0.181666434131286,0.0758137109054674,5.822
"Myotis","316",2016,76.844,92.008,11.308,153.688,2,0,0.355683998921098,0.891216958077792,-0.181666434131286,0.0758137109054674,5.822
"Myotis","316",2017,76.844,92.008,11.308,153.688,2,NA,0.355683998921098,0.891216958077792,-0.181666434131286,0.0758137109054674,5.822
"Myotis","316",2018,76.844,92.008,11.308,153.688,2,0,0.355683998921098,0.891216958077792,-0.181666434131286,0.0758137109054674,5.822
"Myotis","316",2019,76.844,92.008,11.308,153.688,2,0,0.355683998921098,0.891216958077792,-0.181666434131286,0.0758137109054674,5.822
"Myotis","316",2020,76.844,92.008,11.308,153.688,2,NA,0.355683998921098,0.891216958077792,-0.181666434131286,0.0758137109054674,5.822
"Myotis","316",2021,76.844,92.008,11.308,153.688,2,1,0.355683998921098,0.891216958077792,-0.181666434131286,0.0758137109054674,5.822
"Myotis","316",2022,76.844,92.008,11.308,153.688,2,NA,0.355683998921098,0.891216958077792,-0.181666434131286,0.0758137109054674,5.822
"Myotis","316",2023,76.844,92.008,11.308,153.688,2,NA,0.355683998921098,0.891216958077792,-0.181666434131286,0.0758137109054674,5.822
"Myotis","316",2024,76.844,92.008,11.308,153.688,2,NA,0.355683998921098,0.891216958077792,-0.181666434131286,0.0758137109054674,5.822
"Myotis","316",2025,76.844,92.008,11.308,153.688,2,0,0.355683998921098,0.891216958077792,-0.181666434131286,0.0758137109054674,5.822
"Myotis","33",2013,36.519,58.996,6.607,73.038,3,NA,-0.377839510481594,-0.105649083464905,-1.28494028357674,-0.340143773593353,1.121
"Myotis","33",2014,36.519,58.996,6.607,73.038,3,NA,-0.377839510481594,-0.105649083464905,-1.28494028357674,-0.340143773593353,1.121
"Myotis","33",2015,36.519,58.996,6.607,73.038,3,NA,-0.377839510481594,-0.105649083464905,-1.28494028357674,-0.340143773593353,1.121
"Myotis","33",2016,36.519,58.996,6.607,73.038,3,NA,-0.377839510481594,-0.105649083464905,-1.28494028357674,-0.340143773593353,1.121
"Myotis","33",2017,36.519,58.996,6.607,73.038,3,NA,-0.377839510481594,-0.105649083464905,-1.28494028357674,-0.340143773593353,1.121
"Myotis","33",2018,36.519,58.996,6.607,73.038,3,NA,-0.377839510481594,-0.105649083464905,-1.28494028357674,-0.340143773593353,1.121
"Myotis","33",2019,36.519,58.996,6.607,73.038,3,NA,-0.377839510481594,-0.105649083464905,-1.28494028357674,-0.340143773593353,1.121
"Myotis","33",2020,36.519,58.996,6.607,73.038,3,0,-0.377839510481594,-0.105649083464905,-1.28494028357674,-0.340143773593353,1.121
"Myotis","33",2021,36.519,58.996,6.607,73.038,3,NA,-0.377839510481594,-0.105649083464905,-1.28494028357674,-0.340143773593353,1.121
"Myotis","33",2022,36.519,58.996,6.607,73.038,3,NA,-0.377839510481594,-0.105649083464905,-1.28494028357674,-0.340143773593353,1.121
"Myotis","33",2023,36.519,58.996,6.607,73.038,3,NA,-0.377839510481594,-0.105649083464905,-1.28494028357674,-0.340143773593353,1.121
"Myotis","33",2024,36.519,58.996,6.607,73.038,3,0,-0.377839510481594,-0.105649083464905,-1.28494028357674,-0.340143773593353,1.121
"Myotis","33",2025,36.519,58.996,6.607,73.038,3,0,-0.377839510481594,-0.105649083464905,-1.28494028357674,-0.340143773593353,1.121
"Myotis","352",2013,43.122,63.694,7.816,77.6196,3,0,-0.257729014943194,0.0362168035812475,-1.00120106128796,-0.316513881330739,2.33
"Myotis","352",2014,43.122,63.694,7.816,77.6196,3,0,-0.257729014943194,0.0362168035812475,-1.00120106128796,-0.316513881330739,2.33
"Myotis","352",2015,43.122,63.694,7.816,77.6196,3,0,-0.257729014943194,0.0362168035812475,-1.00120106128796,-0.316513881330739,2.33
"Myotis","352",2016,43.122,63.694,7.816,77.6196,3,0,-0.257729014943194,0.0362168035812475,-1.00120106128796,-0.316513881330739,2.33
"Myotis","352",2017,43.122,63.694,7.816,77.6196,3,0,-0.257729014943194,0.0362168035812475,-1.00120106128796,-0.316513881330739,2.33
"Myotis","352",2018,43.122,63.694,7.816,77.6196,3,1,-0.257729014943194,0.0362168035812475,-1.00120106128796,-0.316513881330739,2.33
"Myotis","352",2019,43.122,63.694,7.816,77.6196,3,0,-0.257729014943194,0.0362168035812475,-1.00120106128796,-0.316513881330739,2.33
"Myotis","352",2020,43.122,63.694,7.816,77.6196,3,0,-0.257729014943194,0.0362168035812475,-1.00120106128796,-0.316513881330739,2.33
"Myotis","352",2021,43.122,63.694,7.816,77.6196,3,0,-0.257729014943194,0.0362168035812475,-1.00120106128796,-0.316513881330739,2.33
"Myotis","352",2022,43.122,63.694,7.816,77.6196,3,0,-0.257729014943194,0.0362168035812475,-1.00120106128796,-0.316513881330739,2.33
"Myotis","352",2023,43.122,63.694,7.816,77.6196,3,0,-0.257729014943194,0.0362168035812475,-1.00120106128796,-0.316513881330739,2.33
"Myotis","352",2024,43.122,63.694,7.816,77.6196,3,NA,-0.257729014943194,0.0362168035812475,-1.00120106128796,-0.316513881330739,2.33
"Myotis","352",2025,43.122,63.694,7.816,77.6196,3,0,-0.257729014943194,0.0362168035812475,-1.00120106128796,-0.316513881330739,2.33
"Myotis","38",2013,26.275,33.583,14.835,52.55,1,NA,-0.56418085779272,-0.873047505666667,0.646082314431598,-0.445811931589779,9.349
"Myotis","38",2014,26.275,33.583,14.835,52.55,1,NA,-0.56418085779272,-0.873047505666667,0.646082314431598,-0.445811931589779,9.349
"Myotis","38",2015,26.275,33.583,14.835,52.55,1,NA,-0.56418085779272,-0.873047505666667,0.646082314431598,-0.445811931589779,9.349
"Myotis","38",2016,26.275,33.583,14.835,52.55,1,NA,-0.56418085779272,-0.873047505666667,0.646082314431598,-0.445811931589779,9.349
"Myotis","38",2017,26.275,33.583,14.835,52.55,1,NA,-0.56418085779272,-0.873047505666667,0.646082314431598,-0.445811931589779,9.349
"Myotis","38",2018,26.275,33.583,14.835,52.55,1,NA,-0.56418085779272,-0.873047505666667,0.646082314431598,-0.445811931589779,9.349
"Myotis","38",2019,26.275,33.583,14.835,52.55,1,0,-0.56418085779272,-0.873047505666667,0.646082314431598,-0.445811931589779,9.349
"Myotis","38",2020,26.275,33.583,14.835,52.55,1,0,-0.56418085779272,-0.873047505666667,0.646082314431598,-0.445811931589779,9.349
"Myotis","38",2021,26.275,33.583,14.835,52.55,1,0,-0.56418085779272,-0.873047505666667,0.646082314431598,-0.445811931589779,9.349
"Myotis","38",2022,26.275,33.583,14.835,52.55,1,0,-0.56418085779272,-0.873047505666667,0.646082314431598,-0.445811931589779,9.349
"Myotis","38",2023,26.275,33.583,14.835,52.55,1,0,-0.56418085779272,-0.873047505666667,0.646082314431598,-0.445811931589779,9.349
"Myotis","38",2024,26.275,33.583,14.835,52.55,1,0,-0.56418085779272,-0.873047505666667,0.646082314431598,-0.445811931589779,9.349
"Myotis","38",2025,26.275,33.583,14.835,52.55,1,0,-0.56418085779272,-0.873047505666667,0.646082314431598,-0.445811931589779,9.349
"Myotis","384",2013,40.625,54.586,10.657,81.25,1,1,-0.303150173107571,-0.238818211151907,-0.334449092286783,-0.297789863330435,5.171
"Myotis","384",2014,40.625,54.586,10.657,81.25,1,0,-0.303150173107571,-0.238818211151907,-0.334449092286783,-0.297789863330435,5.171
"Myotis","384",2015,40.625,54.586,10.657,81.25,1,0,-0.303150173107571,-0.238818211151907,-0.334449092286783,-0.297789863330435,5.171
"Myotis","384",2016,40.625,54.586,10.657,81.25,1,0,-0.303150173107571,-0.238818211151907,-0.334449092286783,-0.297789863330435,5.171
"Myotis","384",2017,40.625,54.586,10.657,81.25,1,0,-0.303150173107571,-0.238818211151907,-0.334449092286783,-0.297789863330435,5.171
"Myotis","384",2018,40.625,54.586,10.657,81.25,1,1,-0.303150173107571,-0.238818211151907,-0.334449092286783,-0.297789863330435,5.171
"Myotis","384",2019,40.625,54.586,10.657,81.25,1,0,-0.303150173107571,-0.238818211151907,-0.334449092286783,-0.297789863330435,5.171
"Myotis","384",2020,40.625,54.586,10.657,81.25,1,1,-0.303150173107571,-0.238818211151907,-0.334449092286783,-0.297789863330435,5.171
"Myotis","384",2021,40.625,54.586,10.657,81.25,1,0,-0.303150173107571,-0.238818211151907,-0.334449092286783,-0.297789863330435,5.171
"Myotis","384",2022,40.625,54.586,10.657,81.25,1,0,-0.303150173107571,-0.238818211151907,-0.334449092286783,-0.297789863330435,5.171
"Myotis","384",2023,40.625,54.586,10.657,81.25,1,0,-0.303150173107571,-0.238818211151907,-0.334449092286783,-0.297789863330435,5.171
"Myotis","384",2024,40.625,54.586,10.657,81.25,1,0,-0.303150173107571,-0.238818211151907,-0.334449092286783,-0.297789863330435,5.171
"Myotis","384",2025,40.625,54.586,10.657,81.25,1,0,-0.303150173107571,-0.238818211151907,-0.334449092286783,-0.297789863330435,5.171
"Myotis","40",2013,30.913,38.64,12.882,61.826,1,NA,-0.479814285279151,-0.720340866502684,0.187734339965107,-0.397970373918223,7.396
"Myotis","40",2014,30.913,38.64,12.882,61.826,1,NA,-0.479814285279151,-0.720340866502684,0.187734339965107,-0.397970373918223,7.396
"Myotis","40",2015,30.913,38.64,12.882,61.826,1,0,-0.479814285279151,-0.720340866502684,0.187734339965107,-0.397970373918223,7.396
"Myotis","40",2016,30.913,38.64,12.882,61.826,1,0,-0.479814285279151,-0.720340866502684,0.187734339965107,-0.397970373918223,7.396
"Myotis","40",2017,30.913,38.64,12.882,61.826,1,0,-0.479814285279151,-0.720340866502684,0.187734339965107,-0.397970373918223,7.396
"Myotis","40",2018,30.913,38.64,12.882,61.826,1,NA,-0.479814285279151,-0.720340866502684,0.187734339965107,-0.397970373918223,7.396
"Myotis","40",2019,30.913,38.64,12.882,61.826,1,0,-0.479814285279151,-0.720340866502684,0.187734339965107,-0.397970373918223,7.396
"Myotis","40",2020,30.913,38.64,12.882,61.826,1,0,-0.479814285279151,-0.720340866502684,0.187734339965107,-0.397970373918223,7.396
"Myotis","40",2021,30.913,38.64,12.882,61.826,1,0,-0.479814285279151,-0.720340866502684,0.187734339965107,-0.397970373918223,7.396
"Myotis","40",2022,30.913,38.64,12.882,61.826,1,0,-0.479814285279151,-0.720340866502684,0.187734339965107,-0.397970373918223,7.396
"Myotis","40",2023,30.913,38.64,12.882,61.826,1,0,-0.479814285279151,-0.720340866502684,0.187734339965107,-0.397970373918223,7.396
"Myotis","40",2024,30.913,38.64,12.882,61.826,1,0,-0.479814285279151,-0.720340866502684,0.187734339965107,-0.397970373918223,7.396
"Myotis","40",2025,30.913,38.64,12.882,61.826,1,0,-0.479814285279151,-0.720340866502684,0.187734339965107,-0.397970373918223,7.396
"Myotis","420",2013,40.883,55.481,12.467,81.766,1,0,-0.298457077870723,-0.2117918235601,0.090338329005766,-0.295128560639779,6.981
"Myotis","420",2014,40.883,55.481,12.467,81.766,1,0,-0.298457077870723,-0.2117918235601,0.090338329005766,-0.295128560639779,6.981
"Myotis","420",2015,40.883,55.481,12.467,81.766,1,0,-0.298457077870723,-0.2117918235601,0.090338329005766,-0.295128560639779,6.981
"Myotis","420",2016,40.883,55.481,12.467,81.766,1,0,-0.298457077870723,-0.2117918235601,0.090338329005766,-0.295128560639779,6.981
"Myotis","420",2017,40.883,55.481,12.467,81.766,1,0,-0.298457077870723,-0.2117918235601,0.090338329005766,-0.295128560639779,6.981
"Myotis","420",2018,40.883,55.481,12.467,81.766,1,0,-0.298457077870723,-0.2117918235601,0.090338329005766,-0.295128560639779,6.981
"Myotis","420",2019,40.883,55.481,12.467,81.766,1,0,-0.298457077870723,-0.2117918235601,0.090338329005766,-0.295128560639779,6.981
"Myotis","420",2020,40.883,55.481,12.467,81.766,1,0,-0.298457077870723,-0.2117918235601,0.090338329005766,-0.295128560639779,6.981
"Myotis","420",2021,40.883,55.481,12.467,81.766,1,0,-0.298457077870723,-0.2117918235601,0.090338329005766,-0.295128560639779,6.981
"Myotis","420",2022,40.883,55.481,12.467,81.766,1,0,-0.298457077870723,-0.2117918235601,0.090338329005766,-0.295128560639779,6.981
"Myotis","420",2023,40.883,55.481,12.467,81.766,1,0,-0.298457077870723,-0.2117918235601,0.090338329005766,-0.295128560639779,6.981
"Myotis","420",2024,40.883,55.481,12.467,81.766,1,0,-0.298457077870723,-0.2117918235601,0.090338329005766,-0.295128560639779,6.981
"Myotis","420",2025,40.883,55.481,12.467,81.766,1,0,-0.298457077870723,-0.2117918235601,0.090338329005766,-0.295128560639779,6.981
"Myotis","427",2013,41.504,54.707,11.328,83.008,1,0,-0.28716090677738,-0.235164364337819,-0.176972650470595,-0.288722866954131,5.842
"Myotis","427",2014,41.504,54.707,11.328,83.008,1,0,-0.28716090677738,-0.235164364337819,-0.176972650470595,-0.288722866954131,5.842
"Myotis","427",2015,41.504,54.707,11.328,83.008,1,0,-0.28716090677738,-0.235164364337819,-0.176972650470595,-0.288722866954131,5.842
"Myotis","427",2016,41.504,54.707,11.328,83.008,1,0,-0.28716090677738,-0.235164364337819,-0.176972650470595,-0.288722866954131,5.842
"Myotis","427",2017,41.504,54.707,11.328,83.008,1,NA,-0.28716090677738,-0.235164364337819,-0.176972650470595,-0.288722866954131,5.842
"Myotis","427",2018,41.504,54.707,11.328,83.008,1,0,-0.28716090677738,-0.235164364337819,-0.176972650470595,-0.288722866954131,5.842
"Myotis","427",2019,41.504,54.707,11.328,83.008,1,0,-0.28716090677738,-0.235164364337819,-0.176972650470595,-0.288722866954131,5.842
"Myotis","427",2020,41.504,54.707,11.328,83.008,1,0,-0.28716090677738,-0.235164364337819,-0.176972650470595,-0.288722866954131,5.842
"Myotis","427",2021,41.504,54.707,11.328,83.008,1,0,-0.28716090677738,-0.235164364337819,-0.176972650470595,-0.288722866954131,5.842
"Myotis","427",2022,41.504,54.707,11.328,83.008,1,0,-0.28716090677738,-0.235164364337819,-0.176972650470595,-0.288722866954131,5.842
"Myotis","427",2023,41.504,54.707,11.328,83.008,1,0,-0.28716090677738,-0.235164364337819,-0.176972650470595,-0.288722866954131,5.842
"Myotis","427",2024,41.504,54.707,11.328,83.008,1,0,-0.28716090677738,-0.235164364337819,-0.176972650470595,-0.288722866954131,5.842
"Myotis","427",2025,41.504,54.707,11.328,83.008,1,0,-0.28716090677738,-0.235164364337819,-0.176972650470595,-0.288722866954131,5.842
"Myotis","43",2013,22.431,33.49,8.085,44.862,1,0,-0.634104338763432,-0.875855834209726,-0.938069671051664,-0.485463278655209,2.599
"Myotis","43",2014,22.431,33.49,8.085,44.862,1,0,-0.634104338763432,-0.875855834209726,-0.938069671051664,-0.485463278655209,2.599
"Myotis","43",2015,22.431,33.49,8.085,44.862,1,0,-0.634104338763432,-0.875855834209726,-0.938069671051664,-0.485463278655209,2.599
"Myotis","43",2016,22.431,33.49,8.085,44.862,1,0,-0.634104338763432,-0.875855834209726,-0.938069671051664,-0.485463278655209,2.599
"Myotis","43",2017,22.431,33.49,8.085,44.862,1,0,-0.634104338763432,-0.875855834209726,-0.938069671051664,-0.485463278655209,2.599
"Myotis","43",2018,22.431,33.49,8.085,44.862,1,0,-0.634104338763432,-0.875855834209726,-0.938069671051664,-0.485463278655209,2.599
"Myotis","43",2019,22.431,33.49,8.085,44.862,1,0,-0.634104338763432,-0.875855834209726,-0.938069671051664,-0.485463278655209,2.599
"Myotis","43",2020,22.431,33.49,8.085,44.862,1,0,-0.634104338763432,-0.875855834209726,-0.938069671051664,-0.485463278655209,2.599
"Myotis","43",2021,22.431,33.49,8.085,44.862,1,0,-0.634104338763432,-0.875855834209726,-0.938069671051664,-0.485463278655209,2.599
"Myotis","43",2022,22.431,33.49,8.085,44.862,1,0,-0.634104338763432,-0.875855834209726,-0.938069671051664,-0.485463278655209,2.599
"Myotis","43",2023,22.431,33.49,8.085,44.862,1,0,-0.634104338763432,-0.875855834209726,-0.938069671051664,-0.485463278655209,2.599
"Myotis","43",2024,22.431,33.49,8.085,44.862,1,0,-0.634104338763432,-0.875855834209726,-0.938069671051664,-0.485463278655209,2.599
"Myotis","43",2025,22.431,33.49,8.085,44.862,1,0,-0.634104338763432,-0.875855834209726,-0.938069671051664,-0.485463278655209,2.599
"Myotis","69",2013,38.787,55.045,11.75,74.85891,1,0,-0.336583929097209,-0.22495775092326,-0.0779338152300117,-0.330752314906449,6.264
"Myotis","69",2014,38.787,55.045,11.75,74.85891,1,0,-0.336583929097209,-0.22495775092326,-0.0779338152300117,-0.330752314906449,6.264
"Myotis","69",2015,38.787,55.045,11.75,74.85891,1,0,-0.336583929097209,-0.22495775092326,-0.0779338152300117,-0.330752314906449,6.264
"Myotis","69",2016,38.787,55.045,11.75,74.85891,1,0,-0.336583929097209,-0.22495775092326,-0.0779338152300117,-0.330752314906449,6.264
"Myotis","69",2017,38.787,55.045,11.75,74.85891,1,NA,-0.336583929097209,-0.22495775092326,-0.0779338152300117,-0.330752314906449,6.264
"Myotis","69",2018,38.787,55.045,11.75,74.85891,1,0,-0.336583929097209,-0.22495775092326,-0.0779338152300117,-0.330752314906449,6.264
"Myotis","69",2019,38.787,55.045,11.75,74.85891,1,0,-0.336583929097209,-0.22495775092326,-0.0779338152300117,-0.330752314906449,6.264
"Myotis","69",2020,38.787,55.045,11.75,74.85891,1,0,-0.336583929097209,-0.22495775092326,-0.0779338152300117,-0.330752314906449,6.264
"Myotis","69",2021,38.787,55.045,11.75,74.85891,1,0,-0.336583929097209,-0.22495775092326,-0.0779338152300117,-0.330752314906449,6.264
"Myotis","69",2022,38.787,55.045,11.75,74.85891,1,0,-0.336583929097209,-0.22495775092326,-0.0779338152300117,-0.330752314906449,6.264
"Myotis","69",2023,38.787,55.045,11.75,74.85891,1,0,-0.336583929097209,-0.22495775092326,-0.0779338152300117,-0.330752314906449,6.264
"Myotis","69",2024,38.787,55.045,11.75,74.85891,1,0,-0.336583929097209,-0.22495775092326,-0.0779338152300117,-0.330752314906449,6.264
"Myotis","69",2025,38.787,55.045,11.75,74.85891,1,0,-0.336583929097209,-0.22495775092326,-0.0779338152300117,-0.330752314906449,6.264
"Myotis","7",2013,176.048,184.846,25.985,441.139,4,43,2.16023368836399,3.69465357399749,3.26286670526691,1.55836045457156,20.499
"Myotis","7",2014,176.048,184.846,25.985,441.139,4,57,2.16023368836399,3.69465357399749,3.26286670526691,1.55836045457156,20.499
"Myotis","7",2015,176.048,184.846,25.985,441.139,4,31,2.16023368836399,3.69465357399749,3.26286670526691,1.55836045457156,20.499
"Myotis","7",2016,176.048,184.846,25.985,441.139,4,36,2.16023368836399,3.69465357399749,3.26286670526691,1.55836045457156,20.499
"Myotis","7",2017,176.048,184.846,25.985,441.139,4,63,2.16023368836399,3.69465357399749,3.26286670526691,1.55836045457156,20.499
"Myotis","7",2018,176.048,184.846,25.985,441.139,4,50,2.16023368836399,3.69465357399749,3.26286670526691,1.55836045457156,20.499
"Myotis","7",2019,176.048,184.846,25.985,441.139,4,54,2.16023368836399,3.69465357399749,3.26286670526691,1.55836045457156,20.499
"Myotis","7",2020,176.048,184.846,25.985,441.139,4,65,2.16023368836399,3.69465357399749,3.26286670526691,1.55836045457156,20.499
"Myotis","7",2021,176.048,184.846,25.985,441.139,4,59,2.16023368836399,3.69465357399749,3.26286670526691,1.55836045457156,20.499
"Myotis","7",2022,176.048,184.846,25.985,441.139,4,67,2.16023368836399,3.69465357399749,3.26286670526691,1.55836045457156,20.499
"Myotis","7",2023,176.048,184.846,25.985,441.139,4,47,2.16023368836399,3.69465357399749,3.26286670526691,1.55836045457156,20.499
"Myotis","7",2024,176.048,184.846,25.985,441.139,4,43,2.16023368836399,3.69465357399749,3.26286670526691,1.55836045457156,20.499
"Myotis","7",2025,176.048,184.846,25.985,441.139,4,72,2.16023368836399,3.69465357399749,3.26286670526691,1.55836045457156,20.499
"Myotis","70",2013,47.005,56.461,11.786,94.01,2,0,-0.18709611259947,-0.1821986840741,-0.0694850046407677,-0.231979354933597,6.3
"Myotis","70",2014,47.005,56.461,11.786,94.01,2,0,-0.18709611259947,-0.1821986840741,-0.0694850046407677,-0.231979354933597,6.3
"Myotis","70",2015,47.005,56.461,11.786,94.01,2,0,-0.18709611259947,-0.1821986840741,-0.0694850046407677,-0.231979354933597,6.3
"Myotis","70",2016,47.005,56.461,11.786,94.01,2,0,-0.18709611259947,-0.1821986840741,-0.0694850046407677,-0.231979354933597,6.3
"Myotis","70",2017,47.005,56.461,11.786,94.01,2,NA,-0.18709611259947,-0.1821986840741,-0.0694850046407677,-0.231979354933597,6.3
"Myotis","70",2018,47.005,56.461,11.786,94.01,2,0,-0.18709611259947,-0.1821986840741,-0.0694850046407677,-0.231979354933597,6.3
"Myotis","70",2019,47.005,56.461,11.786,94.01,2,0,-0.18709611259947,-0.1821986840741,-0.0694850046407677,-0.231979354933597,6.3
"Myotis","70",2020,47.005,56.461,11.786,94.01,2,0,-0.18709611259947,-0.1821986840741,-0.0694850046407677,-0.231979354933597,6.3
"Myotis","70",2021,47.005,56.461,11.786,94.01,2,0,-0.18709611259947,-0.1821986840741,-0.0694850046407677,-0.231979354933597,6.3
"Myotis","70",2022,47.005,56.461,11.786,94.01,2,0,-0.18709611259947,-0.1821986840741,-0.0694850046407677,-0.231979354933597,6.3
"Myotis","70",2023,47.005,56.461,11.786,94.01,2,0,-0.18709611259947,-0.1821986840741,-0.0694850046407677,-0.231979354933597,6.3
"Myotis","70",2024,47.005,56.461,11.786,94.01,2,0,-0.18709611259947,-0.1821986840741,-0.0694850046407677,-0.231979354933597,6.3
"Myotis","70",2025,47.005,56.461,11.786,94.01,2,0,-0.18709611259947,-0.1821986840741,-0.0694850046407677,-0.231979354933597,6.3
"Myotis","72",2013,42.27,52.591,10.996,81.5811,1,0,-0.273227143399762,-0.299061387962693,-0.254889459238068,-0.296082194103931,5.51
"Myotis","72",2014,42.27,52.591,10.996,81.5811,1,0,-0.273227143399762,-0.299061387962693,-0.254889459238068,-0.296082194103931,5.51
"Myotis","72",2015,42.27,52.591,10.996,81.5811,1,0,-0.273227143399762,-0.299061387962693,-0.254889459238068,-0.296082194103931,5.51
"Myotis","72",2016,42.27,52.591,10.996,81.5811,1,0,-0.273227143399762,-0.299061387962693,-0.254889459238068,-0.296082194103931,5.51
"Myotis","72",2017,42.27,52.591,10.996,81.5811,1,NA,-0.273227143399762,-0.299061387962693,-0.254889459238068,-0.296082194103931,5.51
"Myotis","72",2018,42.27,52.591,10.996,81.5811,1,0,-0.273227143399762,-0.299061387962693,-0.254889459238068,-0.296082194103931,5.51
"Myotis","72",2019,42.27,52.591,10.996,81.5811,1,0,-0.273227143399762,-0.299061387962693,-0.254889459238068,-0.296082194103931,5.51
"Myotis","72",2020,42.27,52.591,10.996,81.5811,1,0,-0.273227143399762,-0.299061387962693,-0.254889459238068,-0.296082194103931,5.51
"Myotis","72",2021,42.27,52.591,10.996,81.5811,1,0,-0.273227143399762,-0.299061387962693,-0.254889459238068,-0.296082194103931,5.51
"Myotis","72",2022,42.27,52.591,10.996,81.5811,1,0,-0.273227143399762,-0.299061387962693,-0.254889459238068,-0.296082194103931,5.51
"Myotis","72",2023,42.27,52.591,10.996,81.5811,1,0,-0.273227143399762,-0.299061387962693,-0.254889459238068,-0.296082194103931,5.51
"Myotis","72",2024,42.27,52.591,10.996,81.5811,1,0,-0.273227143399762,-0.299061387962693,-0.254889459238068,-0.296082194103931,5.51
"Myotis","72",2025,42.27,52.591,10.996,81.5811,1,0,-0.273227143399762,-0.299061387962693,-0.254889459238068,-0.296082194103931,5.51
"Myotis","73",2013,49.906,56.184,21.589,96.81764,1,0,-0.134326076622354,-0.190563275541061,2.231173056647,-0.217498773758417,16.103
"Myotis","73",2014,49.906,56.184,21.589,96.81764,1,0,-0.134326076622354,-0.190563275541061,2.231173056647,-0.217498773758417,16.103
"Myotis","73",2015,49.906,56.184,21.589,96.81764,1,0,-0.134326076622354,-0.190563275541061,2.231173056647,-0.217498773758417,16.103
"Myotis","73",2016,49.906,56.184,21.589,96.81764,1,0,-0.134326076622354,-0.190563275541061,2.231173056647,-0.217498773758417,16.103
"Myotis","73",2017,49.906,56.184,21.589,96.81764,1,NA,-0.134326076622354,-0.190563275541061,2.231173056647,-0.217498773758417,16.103
"Myotis","73",2018,49.906,56.184,21.589,96.81764,1,0,-0.134326076622354,-0.190563275541061,2.231173056647,-0.217498773758417,16.103
"Myotis","73",2019,49.906,56.184,21.589,96.81764,1,0,-0.134326076622354,-0.190563275541061,2.231173056647,-0.217498773758417,16.103
"Myotis","73",2020,49.906,56.184,21.589,96.81764,1,0,-0.134326076622354,-0.190563275541061,2.231173056647,-0.217498773758417,16.103
"Myotis","73",2021,49.906,56.184,21.589,96.81764,1,0,-0.134326076622354,-0.190563275541061,2.231173056647,-0.217498773758417,16.103
"Myotis","73",2022,49.906,56.184,21.589,96.81764,1,0,-0.134326076622354,-0.190563275541061,2.231173056647,-0.217498773758417,16.103
"Myotis","73",2023,49.906,56.184,21.589,96.81764,1,0,-0.134326076622354,-0.190563275541061,2.231173056647,-0.217498773758417,16.103
"Myotis","73",2024,49.906,56.184,21.589,96.81764,1,0,-0.134326076622354,-0.190563275541061,2.231173056647,-0.217498773758417,16.103
"Myotis","73",2025,49.906,56.184,21.589,96.81764,1,0,-0.134326076622354,-0.190563275541061,2.231173056647,-0.217498773758417,16.103
"Myotis","77",2013,27.001,35.016,12.372,51.84192,1,NA,-0.55097470607973,-0.829775088438669,0.0680428566174829,-0.449463899049469,6.886
"Myotis","77",2014,27.001,35.016,12.372,51.84192,1,NA,-0.55097470607973,-0.829775088438669,0.0680428566174829,-0.449463899049469,6.886
"Myotis","77",2015,27.001,35.016,12.372,51.84192,1,NA,-0.55097470607973,-0.829775088438669,0.0680428566174829,-0.449463899049469,6.886
"Myotis","77",2016,27.001,35.016,12.372,51.84192,1,NA,-0.55097470607973,-0.829775088438669,0.0680428566174829,-0.449463899049469,6.886
"Myotis","77",2017,27.001,35.016,12.372,51.84192,1,NA,-0.55097470607973,-0.829775088438669,0.0680428566174829,-0.449463899049469,6.886
"Myotis","77",2018,27.001,35.016,12.372,51.84192,1,NA,-0.55097470607973,-0.829775088438669,0.0680428566174829,-0.449463899049469,6.886
"Myotis","77",2019,27.001,35.016,12.372,51.84192,1,NA,-0.55097470607973,-0.829775088438669,0.0680428566174829,-0.449463899049469,6.886
"Myotis","77",2020,27.001,35.016,12.372,51.84192,1,0,-0.55097470607973,-0.829775088438669,0.0680428566174829,-0.449463899049469,6.886
"Myotis","77",2021,27.001,35.016,12.372,51.84192,1,0,-0.55097470607973,-0.829775088438669,0.0680428566174829,-0.449463899049469,6.886
"Myotis","77",2022,27.001,35.016,12.372,51.84192,1,0,-0.55097470607973,-0.829775088438669,0.0680428566174829,-0.449463899049469,6.886
"Myotis","77",2023,27.001,35.016,12.372,51.84192,1,0,-0.55097470607973,-0.829775088438669,0.0680428566174829,-0.449463899049469,6.886
"Myotis","77",2024,27.001,35.016,12.372,51.84192,1,0,-0.55097470607973,-0.829775088438669,0.0680428566174829,-0.449463899049469,6.886
"Myotis","77",2025,27.001,35.016,12.372,51.84192,1,0,-0.55097470607973,-0.829775088438669,0.0680428566174829,-0.449463899049469,6.886
"Myotis","79",2013,36.865,55.823,9.119,68.93755,2,NA,-0.371545669582565,-0.201464421821108,-0.695401055793932,-0.361292104248197,3.633
"Myotis","79",2014,36.865,55.823,9.119,68.93755,2,NA,-0.371545669582565,-0.201464421821108,-0.695401055793932,-0.361292104248197,3.633
"Myotis","79",2015,36.865,55.823,9.119,68.93755,2,NA,-0.371545669582565,-0.201464421821108,-0.695401055793932,-0.361292104248197,3.633
"Myotis","79",2016,36.865,55.823,9.119,68.93755,2,NA,-0.371545669582565,-0.201464421821108,-0.695401055793932,-0.361292104248197,3.633
"Myotis","79",2017,36.865,55.823,9.119,68.93755,2,NA,-0.371545669582565,-0.201464421821108,-0.695401055793932,-0.361292104248197,3.633
"Myotis","79",2018,36.865,55.823,9.119,68.93755,2,NA,-0.371545669582565,-0.201464421821108,-0.695401055793932,-0.361292104248197,3.633
"Myotis","79",2019,36.865,55.823,9.119,68.93755,2,NA,-0.371545669582565,-0.201464421821108,-0.695401055793932,-0.361292104248197,3.633
"Myotis","79",2020,36.865,55.823,9.119,68.93755,2,0,-0.371545669582565,-0.201464421821108,-0.695401055793932,-0.361292104248197,3.633
"Myotis","79",2021,36.865,55.823,9.119,68.93755,2,0,-0.371545669582565,-0.201464421821108,-0.695401055793932,-0.361292104248197,3.633
"Myotis","79",2022,36.865,55.823,9.119,68.93755,2,0,-0.371545669582565,-0.201464421821108,-0.695401055793932,-0.361292104248197,3.633
"Myotis","79",2023,36.865,55.823,9.119,68.93755,2,0,-0.371545669582565,-0.201464421821108,-0.695401055793932,-0.361292104248197,3.633
"Myotis","79",2024,36.865,55.823,9.119,68.93755,2,0,-0.371545669582565,-0.201464421821108,-0.695401055793932,-0.361292104248197,3.633
"Myotis","79",2025,36.865,55.823,9.119,68.93755,2,0,-0.371545669582565,-0.201464421821108,-0.695401055793932,-0.361292104248197,3.633
"Myotis","80",2013,33.391,52.322,11.274,66.782,1,NA,-0.434738742655472,-0.307184402780789,-0.189645866354461,-0.372409489935877,5.788
"Myotis","80",2014,33.391,52.322,11.274,66.782,1,NA,-0.434738742655472,-0.307184402780789,-0.189645866354461,-0.372409489935877,5.788
"Myotis","80",2015,33.391,52.322,11.274,66.782,1,NA,-0.434738742655472,-0.307184402780789,-0.189645866354461,-0.372409489935877,5.788
"Myotis","80",2016,33.391,52.322,11.274,66.782,1,NA,-0.434738742655472,-0.307184402780789,-0.189645866354461,-0.372409489935877,5.788
"Myotis","80",2017,33.391,52.322,11.274,66.782,1,NA,-0.434738742655472,-0.307184402780789,-0.189645866354461,-0.372409489935877,5.788
"Myotis","80",2018,33.391,52.322,11.274,66.782,1,NA,-0.434738742655472,-0.307184402780789,-0.189645866354461,-0.372409489935877,5.788
"Myotis","80",2019,33.391,52.322,11.274,66.782,1,NA,-0.434738742655472,-0.307184402780789,-0.189645866354461,-0.372409489935877,5.788
"Myotis","80",2020,33.391,52.322,11.274,66.782,1,0,-0.434738742655472,-0.307184402780789,-0.189645866354461,-0.372409489935877,5.788
"Myotis","80",2021,33.391,52.322,11.274,66.782,1,0,-0.434738742655472,-0.307184402780789,-0.189645866354461,-0.372409489935877,5.788
"Myotis","80",2022,33.391,52.322,11.274,66.782,1,0,-0.434738742655472,-0.307184402780789,-0.189645866354461,-0.372409489935877,5.788
"Myotis","80",2023,33.391,52.322,11.274,66.782,1,0,-0.434738742655472,-0.307184402780789,-0.189645866354461,-0.372409489935877,5.788
"Myotis","80",2024,33.391,52.322,11.274,66.782,1,0,-0.434738742655472,-0.307184402780789,-0.189645866354461,-0.372409489935877,5.788
"Myotis","80",2025,33.391,52.322,11.274,66.782,1,0,-0.434738742655472,-0.307184402780789,-0.189645866354461,-0.372409489935877,5.788
"Myotis","82",2013,43.211,55.143,10.897,82.1009,1,0,-0.256110078989398,-0.22199843697466,-0.278123688358489,-0.29340129267253,5.411
"Myotis","82",2014,43.211,55.143,10.897,82.1009,1,0,-0.256110078989398,-0.22199843697466,-0.278123688358489,-0.29340129267253,5.411
"Myotis","82",2015,43.211,55.143,10.897,82.1009,1,0,-0.256110078989398,-0.22199843697466,-0.278123688358489,-0.29340129267253,5.411
"Myotis","82",2016,43.211,55.143,10.897,82.1009,1,0,-0.256110078989398,-0.22199843697466,-0.278123688358489,-0.29340129267253,5.411
"Myotis","82",2017,43.211,55.143,10.897,82.1009,1,NA,-0.256110078989398,-0.22199843697466,-0.278123688358489,-0.29340129267253,5.411
"Myotis","82",2018,43.211,55.143,10.897,82.1009,1,0,-0.256110078989398,-0.22199843697466,-0.278123688358489,-0.29340129267253,5.411
"Myotis","82",2019,43.211,55.143,10.897,82.1009,1,0,-0.256110078989398,-0.22199843697466,-0.278123688358489,-0.29340129267253,5.411
"Myotis","82",2020,43.211,55.143,10.897,82.1009,1,0,-0.256110078989398,-0.22199843697466,-0.278123688358489,-0.29340129267253,5.411
"Myotis","82",2021,43.211,55.143,10.897,82.1009,1,0,-0.256110078989398,-0.22199843697466,-0.278123688358489,-0.29340129267253,5.411
"Myotis","82",2022,43.211,55.143,10.897,82.1009,1,0,-0.256110078989398,-0.22199843697466,-0.278123688358489,-0.29340129267253,5.411
"Myotis","82",2023,43.211,55.143,10.897,82.1009,1,0,-0.256110078989398,-0.22199843697466,-0.278123688358489,-0.29340129267253,5.411
"Myotis","82",2024,43.211,55.143,10.897,82.1009,1,0,-0.256110078989398,-0.22199843697466,-0.278123688358489,-0.29340129267253,5.411
"Myotis","82",2025,43.211,55.143,10.897,82.1009,1,0,-0.256110078989398,-0.22199843697466,-0.278123688358489,-0.29340129267253,5.411
"Myotis","83",2013,26.195,35.122,8.101,55.0095,1,0,-0.565636081121976,-0.826574197841203,-0.934314644123111,-0.433126904520655,2.615
"Myotis","83",2014,26.195,35.122,8.101,55.0095,1,0,-0.565636081121976,-0.826574197841203,-0.934314644123111,-0.433126904520655,2.615
"Myotis","83",2015,26.195,35.122,8.101,55.0095,1,0,-0.565636081121976,-0.826574197841203,-0.934314644123111,-0.433126904520655,2.615
"Myotis","83",2016,26.195,35.122,8.101,55.0095,1,0,-0.565636081121976,-0.826574197841203,-0.934314644123111,-0.433126904520655,2.615
"Myotis","83",2017,26.195,35.122,8.101,55.0095,1,0,-0.565636081121976,-0.826574197841203,-0.934314644123111,-0.433126904520655,2.615
"Myotis","83",2018,26.195,35.122,8.101,55.0095,1,0,-0.565636081121976,-0.826574197841203,-0.934314644123111,-0.433126904520655,2.615
"Myotis","83",2019,26.195,35.122,8.101,55.0095,1,0,-0.565636081121976,-0.826574197841203,-0.934314644123111,-0.433126904520655,2.615
"Myotis","83",2020,26.195,35.122,8.101,55.0095,1,0,-0.565636081121976,-0.826574197841203,-0.934314644123111,-0.433126904520655,2.615
"Myotis","83",2021,26.195,35.122,8.101,55.0095,1,0,-0.565636081121976,-0.826574197841203,-0.934314644123111,-0.433126904520655,2.615
"Myotis","83",2022,26.195,35.122,8.101,55.0095,1,0,-0.565636081121976,-0.826574197841203,-0.934314644123111,-0.433126904520655,2.615
"Myotis","83",2023,26.195,35.122,8.101,55.0095,1,0,-0.565636081121976,-0.826574197841203,-0.934314644123111,-0.433126904520655,2.615
"Myotis","83",2024,26.195,35.122,8.101,55.0095,1,0,-0.565636081121976,-0.826574197841203,-0.934314644123111,-0.433126904520655,2.615
"Myotis","83",2025,26.195,35.122,8.101,55.0095,1,0,-0.565636081121976,-0.826574197841203,-0.934314644123111,-0.433126904520655,2.615
"Myotis","87",2013,24.631,28.62,11.208,49.262,1,NA,-0.594085697208914,-1.02291561920648,-0.205135352434742,-0.462769999897679,5.722
"Myotis","87",2014,24.631,28.62,11.208,49.262,1,NA,-0.594085697208914,-1.02291561920648,-0.205135352434742,-0.462769999897679,5.722
"Myotis","87",2015,24.631,28.62,11.208,49.262,1,NA,-0.594085697208914,-1.02291561920648,-0.205135352434742,-0.462769999897679,5.722
"Myotis","87",2016,24.631,28.62,11.208,49.262,1,NA,-0.594085697208914,-1.02291561920648,-0.205135352434742,-0.462769999897679,5.722
"Myotis","87",2017,24.631,28.62,11.208,49.262,1,NA,-0.594085697208914,-1.02291561920648,-0.205135352434742,-0.462769999897679,5.722
"Myotis","87",2018,24.631,28.62,11.208,49.262,1,0,-0.594085697208914,-1.02291561920648,-0.205135352434742,-0.462769999897679,5.722
"Myotis","87",2019,24.631,28.62,11.208,49.262,1,0,-0.594085697208914,-1.02291561920648,-0.205135352434742,-0.462769999897679,5.722
"Myotis","87",2020,24.631,28.62,11.208,49.262,1,0,-0.594085697208914,-1.02291561920648,-0.205135352434742,-0.462769999897679,5.722
"Myotis","87",2021,24.631,28.62,11.208,49.262,1,0,-0.594085697208914,-1.02291561920648,-0.205135352434742,-0.462769999897679,5.722
"Myotis","87",2022,24.631,28.62,11.208,49.262,1,0,-0.594085697208914,-1.02291561920648,-0.205135352434742,-0.462769999897679,5.722
"Myotis","87",2023,24.631,28.62,11.208,49.262,1,0,-0.594085697208914,-1.02291561920648,-0.205135352434742,-0.462769999897679,5.722
"Myotis","87",2024,24.631,28.62,11.208,49.262,1,0,-0.594085697208914,-1.02291561920648,-0.205135352434742,-0.462769999897679,5.722
"Myotis","87",2025,24.631,28.62,11.208,49.262,1,0,-0.594085697208914,-1.02291561920648,-0.205135352434742,-0.462769999897679,5.722
"Myotis","92",2013,32.409,37.144,12.438,63.84573,1,0,-0.452601609022079,-0.765515699840497,0.0835323426977639,-0.38755348848528,6.952
"Myotis","92",2014,32.409,37.144,12.438,63.84573,1,0,-0.452601609022079,-0.765515699840497,0.0835323426977639,-0.38755348848528,6.952
"Myotis","92",2015,32.409,37.144,12.438,63.84573,1,0,-0.452601609022079,-0.765515699840497,0.0835323426977639,-0.38755348848528,6.952
"Myotis","92",2016,32.409,37.144,12.438,63.84573,1,0,-0.452601609022079,-0.765515699840497,0.0835323426977639,-0.38755348848528,6.952
"Myotis","92",2017,32.409,37.144,12.438,63.84573,1,0,-0.452601609022079,-0.765515699840497,0.0835323426977639,-0.38755348848528,6.952
"Myotis","92",2018,32.409,37.144,12.438,63.84573,1,0,-0.452601609022079,-0.765515699840497,0.0835323426977639,-0.38755348848528,6.952
"Myotis","92",2019,32.409,37.144,12.438,63.84573,1,0,-0.452601609022079,-0.765515699840497,0.0835323426977639,-0.38755348848528,6.952
"Myotis","92",2020,32.409,37.144,12.438,63.84573,1,0,-0.452601609022079,-0.765515699840497,0.0835323426977639,-0.38755348848528,6.952
"Myotis","92",2021,32.409,37.144,12.438,63.84573,1,0,-0.452601609022079,-0.765515699840497,0.0835323426977639,-0.38755348848528,6.952
"Myotis","92",2022,32.409,37.144,12.438,63.84573,1,0,-0.452601609022079,-0.765515699840497,0.0835323426977639,-0.38755348848528,6.952
"Myotis","92",2023,32.409,37.144,12.438,63.84573,1,0,-0.452601609022079,-0.765515699840497,0.0835323426977639,-0.38755348848528,6.952
"Myotis","92",2024,32.409,37.144,12.438,63.84573,1,0,-0.452601609022079,-0.765515699840497,0.0835323426977639,-0.38755348848528,6.952
"Myotis","92",2025,32.409,37.144,12.438,63.84573,1,0,-0.452601609022079,-0.765515699840497,0.0835323426977639,-0.38755348848528,6.952
"Myotis","93",2013,41.91,56.149,11.947,82.5627,1,0,-0.27977564838141,-0.191620173379847,-0.0317000461722041,-0.29101952991566,6.461
"Myotis","93",2014,41.91,56.149,11.947,82.5627,1,0,-0.27977564838141,-0.191620173379847,-0.0317000461722041,-0.29101952991566,6.461
"Myotis","93",2015,41.91,56.149,11.947,82.5627,1,0,-0.27977564838141,-0.191620173379847,-0.0317000461722041,-0.29101952991566,6.461
"Myotis","93",2016,41.91,56.149,11.947,82.5627,1,0,-0.27977564838141,-0.191620173379847,-0.0317000461722041,-0.29101952991566,6.461
"Myotis","93",2017,41.91,56.149,11.947,82.5627,1,0,-0.27977564838141,-0.191620173379847,-0.0317000461722041,-0.29101952991566,6.461
"Myotis","93",2018,41.91,56.149,11.947,82.5627,1,0,-0.27977564838141,-0.191620173379847,-0.0317000461722041,-0.29101952991566,6.461
"Myotis","93",2019,41.91,56.149,11.947,82.5627,1,0,-0.27977564838141,-0.191620173379847,-0.0317000461722041,-0.29101952991566,6.461
"Myotis","93",2020,41.91,56.149,11.947,82.5627,1,0,-0.27977564838141,-0.191620173379847,-0.0317000461722041,-0.29101952991566,6.461
"Myotis","93",2021,41.91,56.149,11.947,82.5627,1,0,-0.27977564838141,-0.191620173379847,-0.0317000461722041,-0.29101952991566,6.461
"Myotis","93",2022,41.91,56.149,11.947,82.5627,1,0,-0.27977564838141,-0.191620173379847,-0.0317000461722041,-0.29101952991566,6.461
"Myotis","93",2023,41.91,56.149,11.947,82.5627,1,0,-0.27977564838141,-0.191620173379847,-0.0317000461722041,-0.29101952991566,6.461
"Myotis","93",2024,41.91,56.149,11.947,82.5627,1,0,-0.27977564838141,-0.191620173379847,-0.0317000461722041,-0.29101952991566,6.461
"Myotis","93",2025,41.91,56.149,11.947,82.5627,1,0,-0.27977564838141,-0.191620173379847,-0.0317000461722041,-0.29101952991566,6.461
"Myotis","94",2013,42.669,54.276,11.677,81.0711,1,0,-0.265969217045102,-0.248179306295437,-0.0950661255915345,-0.298712551414463,6.191
"Myotis","94",2014,42.669,54.276,11.677,81.0711,1,0,-0.265969217045102,-0.248179306295437,-0.0950661255915345,-0.298712551414463,6.191
"Myotis","94",2015,42.669,54.276,11.677,81.0711,1,0,-0.265969217045102,-0.248179306295437,-0.0950661255915345,-0.298712551414463,6.191
"Myotis","94",2016,42.669,54.276,11.677,81.0711,1,0,-0.265969217045102,-0.248179306295437,-0.0950661255915345,-0.298712551414463,6.191
"Myotis","94",2017,42.669,54.276,11.677,81.0711,1,0,-0.265969217045102,-0.248179306295437,-0.0950661255915345,-0.298712551414463,6.191
"Myotis","94",2018,42.669,54.276,11.677,81.0711,1,0,-0.265969217045102,-0.248179306295437,-0.0950661255915345,-0.298712551414463,6.191
"Myotis","94",2019,42.669,54.276,11.677,81.0711,1,0,-0.265969217045102,-0.248179306295437,-0.0950661255915345,-0.298712551414463,6.191
"Myotis","94",2020,42.669,54.276,11.677,81.0711,1,0,-0.265969217045102,-0.248179306295437,-0.0950661255915345,-0.298712551414463,6.191
"Myotis","94",2021,42.669,54.276,11.677,81.0711,1,0,-0.265969217045102,-0.248179306295437,-0.0950661255915345,-0.298712551414463,6.191
"Myotis","94",2022,42.669,54.276,11.677,81.0711,1,0,-0.265969217045102,-0.248179306295437,-0.0950661255915345,-0.298712551414463,6.191
"Myotis","94",2023,42.669,54.276,11.677,81.0711,1,0,-0.265969217045102,-0.248179306295437,-0.0950661255915345,-0.298712551414463,6.191
"Myotis","94",2024,42.669,54.276,11.677,81.0711,1,0,-0.265969217045102,-0.248179306295437,-0.0950661255915345,-0.298712551414463,6.191
"Myotis","94",2025,42.669,54.276,11.677,81.0711,1,0,-0.265969217045102,-0.248179306295437,-0.0950661255915345,-0.298712551414463,6.191
"Myotis","96",2013,35.581,39.839,12.986,78.2782,1,0,-0.394902004017111,-0.684134566253996,0.212142015000701,-0.313117110105805,7.5
"Myotis","96",2014,35.581,39.839,12.986,78.2782,1,0,-0.394902004017111,-0.684134566253996,0.212142015000701,-0.313117110105805,7.5
"Myotis","96",2015,35.581,39.839,12.986,78.2782,1,0,-0.394902004017111,-0.684134566253996,0.212142015000701,-0.313117110105805,7.5
"Myotis","96",2016,35.581,39.839,12.986,78.2782,1,0,-0.394902004017111,-0.684134566253996,0.212142015000701,-0.313117110105805,7.5
"Myotis","96",2017,35.581,39.839,12.986,78.2782,1,0,-0.394902004017111,-0.684134566253996,0.212142015000701,-0.313117110105805,7.5
"Myotis","96",2018,35.581,39.839,12.986,78.2782,1,0,-0.394902004017111,-0.684134566253996,0.212142015000701,-0.313117110105805,7.5
"Myotis","96",2019,35.581,39.839,12.986,78.2782,1,0,-0.394902004017111,-0.684134566253996,0.212142015000701,-0.313117110105805,7.5
"Myotis","96",2020,35.581,39.839,12.986,78.2782,1,0,-0.394902004017111,-0.684134566253996,0.212142015000701,-0.313117110105805,7.5
"Myotis","96",2021,35.581,39.839,12.986,78.2782,1,0,-0.394902004017111,-0.684134566253996,0.212142015000701,-0.313117110105805,7.5
"Myotis","96",2022,35.581,39.839,12.986,78.2782,1,0,-0.394902004017111,-0.684134566253996,0.212142015000701,-0.313117110105805,7.5
"Myotis","96",2023,35.581,39.839,12.986,78.2782,1,NA,-0.394902004017111,-0.684134566253996,0.212142015000701,-0.313117110105805,7.5
"Myotis","96",2024,35.581,39.839,12.986,78.2782,1,0,-0.394902004017111,-0.684134566253996,0.212142015000701,-0.313117110105805,7.5
"Myotis","96",2025,35.581,39.839,12.986,78.2782,1,0,-0.394902004017111,-0.684134566253996,0.212142015000701,-0.313117110105805,7.5
"Myotis","99/335",2013,38.963,41.289,13.254,89.6149,1,0,-0.333382437772848,-0.640348798647158,0.275038716053962,-0.254647361630693,7.768
"Myotis","99/335",2014,38.963,41.289,13.254,89.6149,1,0,-0.333382437772848,-0.640348798647158,0.275038716053962,-0.254647361630693,7.768
"Myotis","99/335",2015,38.963,41.289,13.254,89.6149,1,0,-0.333382437772848,-0.640348798647158,0.275038716053962,-0.254647361630693,7.768
"Myotis","99/335",2016,38.963,41.289,13.254,89.6149,1,0,-0.333382437772848,-0.640348798647158,0.275038716053962,-0.254647361630693,7.768
"Myotis","99/335",2017,38.963,41.289,13.254,89.6149,1,0,-0.333382437772848,-0.640348798647158,0.275038716053962,-0.254647361630693,7.768
"Myotis","99/335",2018,38.963,41.289,13.254,89.6149,1,0,-0.333382437772848,-0.640348798647158,0.275038716053962,-0.254647361630693,7.768
"Myotis","99/335",2019,38.963,41.289,13.254,89.6149,1,0,-0.333382437772848,-0.640348798647158,0.275038716053962,-0.254647361630693,7.768
"Myotis","99/335",2020,38.963,41.289,13.254,89.6149,1,0,-0.333382437772848,-0.640348798647158,0.275038716053962,-0.254647361630693,7.768
"Myotis","99/335",2021,38.963,41.289,13.254,89.6149,1,0,-0.333382437772848,-0.640348798647158,0.275038716053962,-0.254647361630693,7.768
"Myotis","99/335",2022,38.963,41.289,13.254,89.6149,1,0,-0.333382437772848,-0.640348798647158,0.275038716053962,-0.254647361630693,7.768
"Myotis","99/335",2023,38.963,41.289,13.254,89.6149,1,0,-0.333382437772848,-0.640348798647158,0.275038716053962,-0.254647361630693,7.768
"Myotis","99/335",2024,38.963,41.289,13.254,89.6149,1,0,-0.333382437772848,-0.640348798647158,0.275038716053962,-0.254647361630693,7.768
"Myotis","99/335",2025,38.963,41.289,13.254,89.6149,1,0,-0.333382437772848,-0.640348798647158,0.275038716053962,-0.254647361630693,7.768
"Paur","1-180",2013,299.448,221.422,20.058,821.5596,4,0,4.40491567374012,4.79914201260968,1.87186391742109,3.52040380023221,14.572
"Paur","1-180",2014,299.448,221.422,20.058,821.5596,4,1,4.40491567374012,4.79914201260968,1.87186391742109,3.52040380023221,14.572
"Paur","1-180",2015,299.448,221.422,20.058,821.5596,4,2,4.40491567374012,4.79914201260968,1.87186391742109,3.52040380023221,14.572
"Paur","1-180",2016,299.448,221.422,20.058,821.5596,4,0,4.40491567374012,4.79914201260968,1.87186391742109,3.52040380023221,14.572
"Paur","1-180",2017,299.448,221.422,20.058,821.5596,4,0,4.40491567374012,4.79914201260968,1.87186391742109,3.52040380023221,14.572
"Paur","1-180",2018,299.448,221.422,20.058,821.5596,4,0,4.40491567374012,4.79914201260968,1.87186391742109,3.52040380023221,14.572
"Paur","1-180",2019,299.448,221.422,20.058,821.5596,4,0,4.40491567374012,4.79914201260968,1.87186391742109,3.52040380023221,14.572
"Paur","1-180",2020,299.448,221.422,20.058,821.5596,4,0,4.40491567374012,4.79914201260968,1.87186391742109,3.52040380023221,14.572
"Paur","1-180",2021,299.448,221.422,20.058,821.5596,4,0,4.40491567374012,4.79914201260968,1.87186391742109,3.52040380023221,14.572
"Paur","1-180",2022,299.448,221.422,20.058,821.5596,4,1,4.40491567374012,4.79914201260968,1.87186391742109,3.52040380023221,14.572
"Paur","1-180",2023,299.448,221.422,20.058,821.5596,4,1,4.40491567374012,4.79914201260968,1.87186391742109,3.52040380023221,14.572
"Paur","1-180",2024,299.448,221.422,20.058,821.5596,4,1,4.40491567374012,4.79914201260968,1.87186391742109,3.52040380023221,14.572
"Paur","1-180",2025,299.448,221.422,20.058,821.5596,4,0,4.40491567374012,4.79914201260968,1.87186391742109,3.52040380023221,14.572
"Paur","10",2013,43.527,65.822,8.097,82.7013,3,0,-0.25036194683884,0.10047619217942,-0.93525340085525,-0.290304691634798,2.611
"Paur","10",2014,43.527,65.822,8.097,82.7013,3,0,-0.25036194683884,0.10047619217942,-0.93525340085525,-0.290304691634798,2.611
"Paur","10",2015,43.527,65.822,8.097,82.7013,3,0,-0.25036194683884,0.10047619217942,-0.93525340085525,-0.290304691634798,2.611
"Paur","10",2016,43.527,65.822,8.097,82.7013,3,0,-0.25036194683884,0.10047619217942,-0.93525340085525,-0.290304691634798,2.611
"Paur","10",2017,43.527,65.822,8.097,82.7013,3,0,-0.25036194683884,0.10047619217942,-0.93525340085525,-0.290304691634798,2.611
"Paur","10",2018,43.527,65.822,8.097,82.7013,3,0,-0.25036194683884,0.10047619217942,-0.93525340085525,-0.290304691634798,2.611
"Paur","10",2019,43.527,65.822,8.097,82.7013,3,0,-0.25036194683884,0.10047619217942,-0.93525340085525,-0.290304691634798,2.611
"Paur","10",2020,43.527,65.822,8.097,82.7013,3,0,-0.25036194683884,0.10047619217942,-0.93525340085525,-0.290304691634798,2.611
"Paur","10",2021,43.527,65.822,8.097,82.7013,3,0,-0.25036194683884,0.10047619217942,-0.93525340085525,-0.290304691634798,2.611
"Paur","10",2022,43.527,65.822,8.097,82.7013,3,0,-0.25036194683884,0.10047619217942,-0.93525340085525,-0.290304691634798,2.611
"Paur","10",2023,43.527,65.822,8.097,82.7013,3,NA,-0.25036194683884,0.10047619217942,-0.93525340085525,-0.290304691634798,2.611
"Paur","10",2024,43.527,65.822,8.097,82.7013,3,0,-0.25036194683884,0.10047619217942,-0.93525340085525,-0.290304691634798,2.611
"Paur","10",2025,43.527,65.822,8.097,82.7013,3,0,-0.25036194683884,0.10047619217942,-0.93525340085525,-0.290304691634798,2.611
"Paur","102",2013,42.91,54.67,11.891,85.82,1,0,-0.26158535676572,-0.236281656338821,-0.0448426404221391,-0.274219798802728,6.405
"Paur","102",2014,42.91,54.67,11.891,85.82,1,0,-0.26158535676572,-0.236281656338821,-0.0448426404221391,-0.274219798802728,6.405
"Paur","102",2015,42.91,54.67,11.891,85.82,1,0,-0.26158535676572,-0.236281656338821,-0.0448426404221391,-0.274219798802728,6.405
"Paur","102",2016,42.91,54.67,11.891,85.82,1,0,-0.26158535676572,-0.236281656338821,-0.0448426404221391,-0.274219798802728,6.405
"Paur","102",2017,42.91,54.67,11.891,85.82,1,0,-0.26158535676572,-0.236281656338821,-0.0448426404221391,-0.274219798802728,6.405
"Paur","102",2018,42.91,54.67,11.891,85.82,1,0,-0.26158535676572,-0.236281656338821,-0.0448426404221391,-0.274219798802728,6.405
"Paur","102",2019,42.91,54.67,11.891,85.82,1,0,-0.26158535676572,-0.236281656338821,-0.0448426404221391,-0.274219798802728,6.405
"Paur","102",2020,42.91,54.67,11.891,85.82,1,0,-0.26158535676572,-0.236281656338821,-0.0448426404221391,-0.274219798802728,6.405
"Paur","102",2021,42.91,54.67,11.891,85.82,1,0,-0.26158535676572,-0.236281656338821,-0.0448426404221391,-0.274219798802728,6.405
"Paur","102",2022,42.91,54.67,11.891,85.82,1,0,-0.26158535676572,-0.236281656338821,-0.0448426404221391,-0.274219798802728,6.405
"Paur","102",2023,42.91,54.67,11.891,85.82,1,0,-0.26158535676572,-0.236281656338821,-0.0448426404221391,-0.274219798802728,6.405
"Paur","102",2024,42.91,54.67,11.891,85.82,1,0,-0.26158535676572,-0.236281656338821,-0.0448426404221391,-0.274219798802728,6.405
"Paur","102",2025,42.91,54.67,11.891,85.82,1,0,-0.26158535676572,-0.236281656338821,-0.0448426404221391,-0.274219798802728,6.405
"Paur","103",2013,38.143,56.032,11.733,72.4717,1,0,-0.348298476897714,-0.195153231869502,-0.081923531341599,-0.343064501720714,6.247
"Paur","103",2014,38.143,56.032,11.733,72.4717,1,0,-0.348298476897714,-0.195153231869502,-0.081923531341599,-0.343064501720714,6.247
"Paur","103",2015,38.143,56.032,11.733,72.4717,1,0,-0.348298476897714,-0.195153231869502,-0.081923531341599,-0.343064501720714,6.247
"Paur","103",2016,38.143,56.032,11.733,72.4717,1,0,-0.348298476897714,-0.195153231869502,-0.081923531341599,-0.343064501720714,6.247
"Paur","103",2017,38.143,56.032,11.733,72.4717,1,0,-0.348298476897714,-0.195153231869502,-0.081923531341599,-0.343064501720714,6.247
"Paur","103",2018,38.143,56.032,11.733,72.4717,1,0,-0.348298476897714,-0.195153231869502,-0.081923531341599,-0.343064501720714,6.247
"Paur","103",2019,38.143,56.032,11.733,72.4717,1,0,-0.348298476897714,-0.195153231869502,-0.081923531341599,-0.343064501720714,6.247
"Paur","103",2020,38.143,56.032,11.733,72.4717,1,0,-0.348298476897714,-0.195153231869502,-0.081923531341599,-0.343064501720714,6.247
"Paur","103",2021,38.143,56.032,11.733,72.4717,1,0,-0.348298476897714,-0.195153231869502,-0.081923531341599,-0.343064501720714,6.247
"Paur","103",2022,38.143,56.032,11.733,72.4717,1,0,-0.348298476897714,-0.195153231869502,-0.081923531341599,-0.343064501720714,6.247
"Paur","103",2023,38.143,56.032,11.733,72.4717,1,0,-0.348298476897714,-0.195153231869502,-0.081923531341599,-0.343064501720714,6.247
"Paur","103",2024,38.143,56.032,11.733,72.4717,1,0,-0.348298476897714,-0.195153231869502,-0.081923531341599,-0.343064501720714,6.247
"Paur","103",2025,38.143,56.032,11.733,72.4717,1,0,-0.348298476897714,-0.195153231869502,-0.081923531341599,-0.343064501720714,6.247
"Paur","104",2013,44.584,61.481,9.808,84.7096,3,0,-0.231134808601055,-0.0306093369111186,-0.533700208683122,-0.279946757150991,4.322
"Paur","104",2014,44.584,61.481,9.808,84.7096,3,0,-0.231134808601055,-0.0306093369111186,-0.533700208683122,-0.279946757150991,4.322
"Paur","104",2015,44.584,61.481,9.808,84.7096,3,0,-0.231134808601055,-0.0306093369111186,-0.533700208683122,-0.279946757150991,4.322
"Paur","104",2016,44.584,61.481,9.808,84.7096,3,0,-0.231134808601055,-0.0306093369111186,-0.533700208683122,-0.279946757150991,4.322
"Paur","104",2017,44.584,61.481,9.808,84.7096,3,0,-0.231134808601055,-0.0306093369111186,-0.533700208683122,-0.279946757150991,4.322
"Paur","104",2018,44.584,61.481,9.808,84.7096,3,0,-0.231134808601055,-0.0306093369111186,-0.533700208683122,-0.279946757150991,4.322
"Paur","104",2019,44.584,61.481,9.808,84.7096,3,NA,-0.231134808601055,-0.0306093369111186,-0.533700208683122,-0.279946757150991,4.322
"Paur","104",2020,44.584,61.481,9.808,84.7096,3,0,-0.231134808601055,-0.0306093369111186,-0.533700208683122,-0.279946757150991,4.322
"Paur","104",2021,44.584,61.481,9.808,84.7096,3,0,-0.231134808601055,-0.0306093369111186,-0.533700208683122,-0.279946757150991,4.322
"Paur","104",2022,44.584,61.481,9.808,84.7096,3,0,-0.231134808601055,-0.0306093369111186,-0.533700208683122,-0.279946757150991,4.322
"Paur","104",2023,44.584,61.481,9.808,84.7096,3,0,-0.231134808601055,-0.0306093369111186,-0.533700208683122,-0.279946757150991,4.322
"Paur","104",2024,44.584,61.481,9.808,84.7096,3,0,-0.231134808601055,-0.0306093369111186,-0.533700208683122,-0.279946757150991,4.322
"Paur","104",2025,44.584,61.481,9.808,84.7096,3,0,-0.231134808601055,-0.0306093369111186,-0.533700208683122,-0.279946757150991,4.322
"Paur","106",2013,42.563,54.138,11.693,80.8697,1,0,-0.267897387956365,-0.252346503488364,-0.0913110986629816,-0.299751284673955,6.207
"Paur","106",2014,42.563,54.138,11.693,80.8697,1,0,-0.267897387956365,-0.252346503488364,-0.0913110986629816,-0.299751284673955,6.207
"Paur","106",2015,42.563,54.138,11.693,80.8697,1,0,-0.267897387956365,-0.252346503488364,-0.0913110986629816,-0.299751284673955,6.207
"Paur","106",2016,42.563,54.138,11.693,80.8697,1,0,-0.267897387956365,-0.252346503488364,-0.0913110986629816,-0.299751284673955,6.207
"Paur","106",2017,42.563,54.138,11.693,80.8697,1,0,-0.267897387956365,-0.252346503488364,-0.0913110986629816,-0.299751284673955,6.207
"Paur","106",2018,42.563,54.138,11.693,80.8697,1,0,-0.267897387956365,-0.252346503488364,-0.0913110986629816,-0.299751284673955,6.207
"Paur","106",2019,42.563,54.138,11.693,80.8697,1,0,-0.267897387956365,-0.252346503488364,-0.0913110986629816,-0.299751284673955,6.207
"Paur","106",2020,42.563,54.138,11.693,80.8697,1,0,-0.267897387956365,-0.252346503488364,-0.0913110986629816,-0.299751284673955,6.207
"Paur","106",2021,42.563,54.138,11.693,80.8697,1,0,-0.267897387956365,-0.252346503488364,-0.0913110986629816,-0.299751284673955,6.207
"Paur","106",2022,42.563,54.138,11.693,80.8697,1,0,-0.267897387956365,-0.252346503488364,-0.0913110986629816,-0.299751284673955,6.207
"Paur","106",2023,42.563,54.138,11.693,80.8697,1,0,-0.267897387956365,-0.252346503488364,-0.0913110986629816,-0.299751284673955,6.207
"Paur","106",2024,42.563,54.138,11.693,80.8697,1,0,-0.267897387956365,-0.252346503488364,-0.0913110986629816,-0.299751284673955,6.207
"Paur","106",2025,42.563,54.138,11.693,80.8697,1,0,-0.267897387956365,-0.252346503488364,-0.0913110986629816,-0.299751284673955,6.207
"Paur","108",2013,36.457,55.689,8.91,72.914,2,NA,-0.378967308561767,-0.205510830689602,-0.744451095048155,-0.340783311449247,3.424
"Paur","108",2014,36.457,55.689,8.91,72.914,2,NA,-0.378967308561767,-0.205510830689602,-0.744451095048155,-0.340783311449247,3.424
"Paur","108",2015,36.457,55.689,8.91,72.914,2,NA,-0.378967308561767,-0.205510830689602,-0.744451095048155,-0.340783311449247,3.424
"Paur","108",2016,36.457,55.689,8.91,72.914,2,NA,-0.378967308561767,-0.205510830689602,-0.744451095048155,-0.340783311449247,3.424
"Paur","108",2017,36.457,55.689,8.91,72.914,2,NA,-0.378967308561767,-0.205510830689602,-0.744451095048155,-0.340783311449247,3.424
"Paur","108",2018,36.457,55.689,8.91,72.914,2,NA,-0.378967308561767,-0.205510830689602,-0.744451095048155,-0.340783311449247,3.424
"Paur","108",2019,36.457,55.689,8.91,72.914,2,NA,-0.378967308561767,-0.205510830689602,-0.744451095048155,-0.340783311449247,3.424
"Paur","108",2020,36.457,55.689,8.91,72.914,2,NA,-0.378967308561767,-0.205510830689602,-0.744451095048155,-0.340783311449247,3.424
"Paur","108",2021,36.457,55.689,8.91,72.914,2,NA,-0.378967308561767,-0.205510830689602,-0.744451095048155,-0.340783311449247,3.424
"Paur","108",2022,36.457,55.689,8.91,72.914,2,0,-0.378967308561767,-0.205510830689602,-0.744451095048155,-0.340783311449247,3.424
"Paur","108",2023,36.457,55.689,8.91,72.914,2,NA,-0.378967308561767,-0.205510830689602,-0.744451095048155,-0.340783311449247,3.424
"Paur","108",2024,36.457,55.689,8.91,72.914,2,0,-0.378967308561767,-0.205510830689602,-0.744451095048155,-0.340783311449247,3.424
"Paur","108",2025,36.457,55.689,8.91,72.914,2,0,-0.378967308561767,-0.205510830689602,-0.744451095048155,-0.340783311449247,3.424
"Paur","11",2013,94.067,95.21,21.93,231.8301,2,0,0.668975391418124,0.987908011786132,2.31120206806178,0.478836542268831,16.444
"Paur","11",2014,94.067,95.21,21.93,231.8301,2,0,0.668975391418124,0.987908011786132,2.31120206806178,0.478836542268831,16.444
"Paur","11",2015,94.067,95.21,21.93,231.8301,2,0,0.668975391418124,0.987908011786132,2.31120206806178,0.478836542268831,16.444
"Paur","11",2016,94.067,95.21,21.93,231.8301,2,0,0.668975391418124,0.987908011786132,2.31120206806178,0.478836542268831,16.444
"Paur","11",2017,94.067,95.21,21.93,231.8301,2,0,0.668975391418124,0.987908011786132,2.31120206806178,0.478836542268831,16.444
"Paur","11",2018,94.067,95.21,21.93,231.8301,2,0,0.668975391418124,0.987908011786132,2.31120206806178,0.478836542268831,16.444
"Paur","11",2019,94.067,95.21,21.93,231.8301,2,1,0.668975391418124,0.987908011786132,2.31120206806178,0.478836542268831,16.444
"Paur","11",2020,94.067,95.21,21.93,231.8301,2,3,0.668975391418124,0.987908011786132,2.31120206806178,0.478836542268831,16.444
"Paur","11",2021,94.067,95.21,21.93,231.8301,2,1,0.668975391418124,0.987908011786132,2.31120206806178,0.478836542268831,16.444
"Paur","11",2022,94.067,95.21,21.93,231.8301,2,0,0.668975391418124,0.987908011786132,2.31120206806178,0.478836542268831,16.444
"Paur","11",2023,94.067,95.21,21.93,231.8301,2,0,0.668975391418124,0.987908011786132,2.31120206806178,0.478836542268831,16.444
"Paur","11",2024,94.067,95.21,21.93,231.8301,2,2,0.668975391418124,0.987908011786132,2.31120206806178,0.478836542268831,16.444
"Paur","11",2025,94.067,95.21,21.93,231.8301,2,2,0.668975391418124,0.987908011786132,2.31120206806178,0.478836542268831,16.444
"Paur","121",2013,39.524,49.808,10.063,75.0956,1,NA,-0.323177684176446,-0.383099864686713,-0.47385446700931,-0.329531571236195,4.577
"Paur","121",2014,39.524,49.808,10.063,75.0956,1,NA,-0.323177684176446,-0.383099864686713,-0.47385446700931,-0.329531571236195,4.577
"Paur","121",2015,39.524,49.808,10.063,75.0956,1,NA,-0.323177684176446,-0.383099864686713,-0.47385446700931,-0.329531571236195,4.577
"Paur","121",2016,39.524,49.808,10.063,75.0956,1,NA,-0.323177684176446,-0.383099864686713,-0.47385446700931,-0.329531571236195,4.577
"Paur","121",2017,39.524,49.808,10.063,75.0956,1,NA,-0.323177684176446,-0.383099864686713,-0.47385446700931,-0.329531571236195,4.577
"Paur","121",2018,39.524,49.808,10.063,75.0956,1,NA,-0.323177684176446,-0.383099864686713,-0.47385446700931,-0.329531571236195,4.577
"Paur","121",2019,39.524,49.808,10.063,75.0956,1,NA,-0.323177684176446,-0.383099864686713,-0.47385446700931,-0.329531571236195,4.577
"Paur","121",2020,39.524,49.808,10.063,75.0956,1,0,-0.323177684176446,-0.383099864686713,-0.47385446700931,-0.329531571236195,4.577
"Paur","121",2021,39.524,49.808,10.063,75.0956,1,0,-0.323177684176446,-0.383099864686713,-0.47385446700931,-0.329531571236195,4.577
"Paur","121",2022,39.524,49.808,10.063,75.0956,1,0,-0.323177684176446,-0.383099864686713,-0.47385446700931,-0.329531571236195,4.577
"Paur","121",2023,39.524,49.808,10.063,75.0956,1,NA,-0.323177684176446,-0.383099864686713,-0.47385446700931,-0.329531571236195,4.577
"Paur","121",2024,39.524,49.808,10.063,75.0956,1,0,-0.323177684176446,-0.383099864686713,-0.47385446700931,-0.329531571236195,4.577
"Paur","121",2025,39.524,49.808,10.063,75.0956,1,0,-0.323177684176446,-0.383099864686713,-0.47385446700931,-0.329531571236195,4.577
"Paur","140",2013,39.458,54.502,8.232,78.916,3,NA,-0.324378243423081,-0.241354765964992,-0.903570361145585,-0.309827616198634,2.746
"Paur","140",2014,39.458,54.502,8.232,78.916,3,NA,-0.324378243423081,-0.241354765964992,-0.903570361145585,-0.309827616198634,2.746
"Paur","140",2015,39.458,54.502,8.232,78.916,3,NA,-0.324378243423081,-0.241354765964992,-0.903570361145585,-0.309827616198634,2.746
"Paur","140",2016,39.458,54.502,8.232,78.916,3,NA,-0.324378243423081,-0.241354765964992,-0.903570361145585,-0.309827616198634,2.746
"Paur","140",2017,39.458,54.502,8.232,78.916,3,NA,-0.324378243423081,-0.241354765964992,-0.903570361145585,-0.309827616198634,2.746
"Paur","140",2018,39.458,54.502,8.232,78.916,3,NA,-0.324378243423081,-0.241354765964992,-0.903570361145585,-0.309827616198634,2.746
"Paur","140",2019,39.458,54.502,8.232,78.916,3,NA,-0.324378243423081,-0.241354765964992,-0.903570361145585,-0.309827616198634,2.746
"Paur","140",2020,39.458,54.502,8.232,78.916,3,0,-0.324378243423081,-0.241354765964992,-0.903570361145585,-0.309827616198634,2.746
"Paur","140",2021,39.458,54.502,8.232,78.916,3,NA,-0.324378243423081,-0.241354765964992,-0.903570361145585,-0.309827616198634,2.746
"Paur","140",2022,39.458,54.502,8.232,78.916,3,NA,-0.324378243423081,-0.241354765964992,-0.903570361145585,-0.309827616198634,2.746
"Paur","140",2023,39.458,54.502,8.232,78.916,3,NA,-0.324378243423081,-0.241354765964992,-0.903570361145585,-0.309827616198634,2.746
"Paur","140",2024,39.458,54.502,8.232,78.916,3,0,-0.324378243423081,-0.241354765964992,-0.903570361145585,-0.309827616198634,2.746
"Paur","140",2025,39.458,54.502,8.232,78.916,3,0,-0.324378243423081,-0.241354765964992,-0.903570361145585,-0.309827616198634,2.746
"Paur","141",2013,35.924,51.778,10.191,67.53712,1,NA,-0.388662733992929,-0.32361161490363,-0.443814251580886,-0.368514910696017,4.705
"Paur","141",2014,35.924,51.778,10.191,67.53712,1,NA,-0.388662733992929,-0.32361161490363,-0.443814251580886,-0.368514910696017,4.705
"Paur","141",2015,35.924,51.778,10.191,67.53712,1,NA,-0.388662733992929,-0.32361161490363,-0.443814251580886,-0.368514910696017,4.705
"Paur","141",2016,35.924,51.778,10.191,67.53712,1,NA,-0.388662733992929,-0.32361161490363,-0.443814251580886,-0.368514910696017,4.705
"Paur","141",2017,35.924,51.778,10.191,67.53712,1,NA,-0.388662733992929,-0.32361161490363,-0.443814251580886,-0.368514910696017,4.705
"Paur","141",2018,35.924,51.778,10.191,67.53712,1,NA,-0.388662733992929,-0.32361161490363,-0.443814251580886,-0.368514910696017,4.705
"Paur","141",2019,35.924,51.778,10.191,67.53712,1,NA,-0.388662733992929,-0.32361161490363,-0.443814251580886,-0.368514910696017,4.705
"Paur","141",2020,35.924,51.778,10.191,67.53712,1,0,-0.388662733992929,-0.32361161490363,-0.443814251580886,-0.368514910696017,4.705
"Paur","141",2021,35.924,51.778,10.191,67.53712,1,0,-0.388662733992929,-0.32361161490363,-0.443814251580886,-0.368514910696017,4.705
"Paur","141",2022,35.924,51.778,10.191,67.53712,1,0,-0.388662733992929,-0.32361161490363,-0.443814251580886,-0.368514910696017,4.705
"Paur","141",2023,35.924,51.778,10.191,67.53712,1,0,-0.388662733992929,-0.32361161490363,-0.443814251580886,-0.368514910696017,4.705
"Paur","141",2024,35.924,51.778,10.191,67.53712,1,0,-0.388662733992929,-0.32361161490363,-0.443814251580886,-0.368514910696017,4.705
"Paur","141",2025,35.924,51.778,10.191,67.53712,1,0,-0.388662733992929,-0.32361161490363,-0.443814251580886,-0.368514910696017,4.705
"Paur","142",2013,36.774,57.779,9.781,72.44478,2,NA,-0.373200986119593,-0.14239893117354,-0.540036816625055,-0.343203343326203,4.295
"Paur","142",2014,36.774,57.779,9.781,72.44478,2,NA,-0.373200986119593,-0.14239893117354,-0.540036816625055,-0.343203343326203,4.295
"Paur","142",2015,36.774,57.779,9.781,72.44478,2,NA,-0.373200986119593,-0.14239893117354,-0.540036816625055,-0.343203343326203,4.295
"Paur","142",2016,36.774,57.779,9.781,72.44478,2,NA,-0.373200986119593,-0.14239893117354,-0.540036816625055,-0.343203343326203,4.295
"Paur","142",2017,36.774,57.779,9.781,72.44478,2,NA,-0.373200986119593,-0.14239893117354,-0.540036816625055,-0.343203343326203,4.295
"Paur","142",2018,36.774,57.779,9.781,72.44478,2,NA,-0.373200986119593,-0.14239893117354,-0.540036816625055,-0.343203343326203,4.295
"Paur","142",2019,36.774,57.779,9.781,72.44478,2,NA,-0.373200986119593,-0.14239893117354,-0.540036816625055,-0.343203343326203,4.295
"Paur","142",2020,36.774,57.779,9.781,72.44478,2,0,-0.373200986119593,-0.14239893117354,-0.540036816625055,-0.343203343326203,4.295
"Paur","142",2021,36.774,57.779,9.781,72.44478,2,0,-0.373200986119593,-0.14239893117354,-0.540036816625055,-0.343203343326203,4.295
"Paur","142",2022,36.774,57.779,9.781,72.44478,2,0,-0.373200986119593,-0.14239893117354,-0.540036816625055,-0.343203343326203,4.295
"Paur","142",2023,36.774,57.779,9.781,72.44478,2,0,-0.373200986119593,-0.14239893117354,-0.540036816625055,-0.343203343326203,4.295
"Paur","142",2024,36.774,57.779,9.781,72.44478,2,0,-0.373200986119593,-0.14239893117354,-0.540036816625055,-0.343203343326203,4.295
"Paur","142",2025,36.774,57.779,9.781,72.44478,2,0,-0.373200986119593,-0.14239893117354,-0.540036816625055,-0.343203343326203,4.295
"Paur","143",2013,34.438,55.611,9.18,66.12096,2,NA,-0.415693507333844,-0.207866203016039,-0.681085015628824,-0.375818845615395,3.694
"Paur","143",2014,34.438,55.611,9.18,66.12096,2,NA,-0.415693507333844,-0.207866203016039,-0.681085015628824,-0.375818845615395,3.694
"Paur","143",2015,34.438,55.611,9.18,66.12096,2,NA,-0.415693507333844,-0.207866203016039,-0.681085015628824,-0.375818845615395,3.694
"Paur","143",2016,34.438,55.611,9.18,66.12096,2,NA,-0.415693507333844,-0.207866203016039,-0.681085015628824,-0.375818845615395,3.694
"Paur","143",2017,34.438,55.611,9.18,66.12096,2,NA,-0.415693507333844,-0.207866203016039,-0.681085015628824,-0.375818845615395,3.694
"Paur","143",2018,34.438,55.611,9.18,66.12096,2,NA,-0.415693507333844,-0.207866203016039,-0.681085015628824,-0.375818845615395,3.694
"Paur","143",2019,34.438,55.611,9.18,66.12096,2,NA,-0.415693507333844,-0.207866203016039,-0.681085015628824,-0.375818845615395,3.694
"Paur","143",2020,34.438,55.611,9.18,66.12096,2,0,-0.415693507333844,-0.207866203016039,-0.681085015628824,-0.375818845615395,3.694
"Paur","143",2021,34.438,55.611,9.18,66.12096,2,0,-0.415693507333844,-0.207866203016039,-0.681085015628824,-0.375818845615395,3.694
"Paur","143",2022,34.438,55.611,9.18,66.12096,2,0,-0.415693507333844,-0.207866203016039,-0.681085015628824,-0.375818845615395,3.694
"Paur","143",2023,34.438,55.611,9.18,66.12096,2,0,-0.415693507333844,-0.207866203016039,-0.681085015628824,-0.375818845615395,3.694
"Paur","143",2024,34.438,55.611,9.18,66.12096,2,0,-0.415693507333844,-0.207866203016039,-0.681085015628824,-0.375818845615395,3.694
"Paur","143",2025,34.438,55.611,9.18,66.12096,2,0,-0.415693507333844,-0.207866203016039,-0.681085015628824,-0.375818845615395,3.694
"Paur","144",2013,84.866,80.624,16.74,238.2972,3,1,0.501606518262162,0.547453386742457,1.09316520811243,0.512191020235382,11.254
"Paur","144",2014,84.866,80.624,16.74,238.2972,3,1,0.501606518262162,0.547453386742457,1.09316520811243,0.512191020235382,11.254
"Paur","144",2015,84.866,80.624,16.74,238.2972,3,1,0.501606518262162,0.547453386742457,1.09316520811243,0.512191020235382,11.254
"Paur","144",2016,84.866,80.624,16.74,238.2972,3,0,0.501606518262162,0.547453386742457,1.09316520811243,0.512191020235382,11.254
"Paur","144",2017,84.866,80.624,16.74,238.2972,3,0,0.501606518262162,0.547453386742457,1.09316520811243,0.512191020235382,11.254
"Paur","144",2018,84.866,80.624,16.74,238.2972,3,0,0.501606518262162,0.547453386742457,1.09316520811243,0.512191020235382,11.254
"Paur","144",2019,84.866,80.624,16.74,238.2972,3,1,0.501606518262162,0.547453386742457,1.09316520811243,0.512191020235382,11.254
"Paur","144",2020,84.866,80.624,16.74,238.2972,3,0,0.501606518262162,0.547453386742457,1.09316520811243,0.512191020235382,11.254
"Paur","144",2021,84.866,80.624,16.74,238.2972,3,0,0.501606518262162,0.547453386742457,1.09316520811243,0.512191020235382,11.254
"Paur","144",2022,84.866,80.624,16.74,238.2972,3,1,0.501606518262162,0.547453386742457,1.09316520811243,0.512191020235382,11.254
"Paur","144",2023,84.866,80.624,16.74,238.2972,3,1,0.501606518262162,0.547453386742457,1.09316520811243,0.512191020235382,11.254
"Paur","144",2024,84.866,80.624,16.74,238.2972,3,0,0.501606518262162,0.547453386742457,1.09316520811243,0.512191020235382,11.254
"Paur","144",2025,84.866,80.624,16.74,238.2972,3,0,0.501606518262162,0.547453386742457,1.09316520811243,0.512191020235382,11.254
"Paur","151",2013,40.207,57.161,9.364,80.414,2,NA,-0.31075371500293,-0.161060727298385,-0.637902205950465,-0.302101586294366,3.878
"Paur","151",2014,40.207,57.161,9.364,80.414,2,NA,-0.31075371500293,-0.161060727298385,-0.637902205950465,-0.302101586294366,3.878
"Paur","151",2015,40.207,57.161,9.364,80.414,2,NA,-0.31075371500293,-0.161060727298385,-0.637902205950465,-0.302101586294366,3.878
"Paur","151",2016,40.207,57.161,9.364,80.414,2,NA,-0.31075371500293,-0.161060727298385,-0.637902205950465,-0.302101586294366,3.878
"Paur","151",2017,40.207,57.161,9.364,80.414,2,NA,-0.31075371500293,-0.161060727298385,-0.637902205950465,-0.302101586294366,3.878
"Paur","151",2018,40.207,57.161,9.364,80.414,2,NA,-0.31075371500293,-0.161060727298385,-0.637902205950465,-0.302101586294366,3.878
"Paur","151",2019,40.207,57.161,9.364,80.414,2,NA,-0.31075371500293,-0.161060727298385,-0.637902205950465,-0.302101586294366,3.878
"Paur","151",2020,40.207,57.161,9.364,80.414,2,0,-0.31075371500293,-0.161060727298385,-0.637902205950465,-0.302101586294366,3.878
"Paur","151",2021,40.207,57.161,9.364,80.414,2,0,-0.31075371500293,-0.161060727298385,-0.637902205950465,-0.302101586294366,3.878
"Paur","151",2022,40.207,57.161,9.364,80.414,2,0,-0.31075371500293,-0.161060727298385,-0.637902205950465,-0.302101586294366,3.878
"Paur","151",2023,40.207,57.161,9.364,80.414,2,0,-0.31075371500293,-0.161060727298385,-0.637902205950465,-0.302101586294366,3.878
"Paur","151",2024,40.207,57.161,9.364,80.414,2,0,-0.31075371500293,-0.161060727298385,-0.637902205950465,-0.302101586294366,3.878
"Paur","151",2025,40.207,57.161,9.364,80.414,2,0,-0.31075371500293,-0.161060727298385,-0.637902205950465,-0.302101586294366,3.878
"Paur","152",2013,43.884,51.194,12.904,87.768,1,0,-0.243868012732038,-0.341246710270798,0.192897501991867,-0.264172865389166,7.418
"Paur","152",2014,43.884,51.194,12.904,87.768,1,0,-0.243868012732038,-0.341246710270798,0.192897501991867,-0.264172865389166,7.418
"Paur","152",2015,43.884,51.194,12.904,87.768,1,0,-0.243868012732038,-0.341246710270798,0.192897501991867,-0.264172865389166,7.418
"Paur","152",2016,43.884,51.194,12.904,87.768,1,0,-0.243868012732038,-0.341246710270798,0.192897501991867,-0.264172865389166,7.418
"Paur","152",2017,43.884,51.194,12.904,87.768,1,NA,-0.243868012732038,-0.341246710270798,0.192897501991867,-0.264172865389166,7.418
"Paur","152",2018,43.884,51.194,12.904,87.768,1,0,-0.243868012732038,-0.341246710270798,0.192897501991867,-0.264172865389166,7.418
"Paur","152",2019,43.884,51.194,12.904,87.768,1,0,-0.243868012732038,-0.341246710270798,0.192897501991867,-0.264172865389166,7.418
"Paur","152",2020,43.884,51.194,12.904,87.768,1,0,-0.243868012732038,-0.341246710270798,0.192897501991867,-0.264172865389166,7.418
"Paur","152",2021,43.884,51.194,12.904,87.768,1,0,-0.243868012732038,-0.341246710270798,0.192897501991867,-0.264172865389166,7.418
"Paur","152",2022,43.884,51.194,12.904,87.768,1,0,-0.243868012732038,-0.341246710270798,0.192897501991867,-0.264172865389166,7.418
"Paur","152",2023,43.884,51.194,12.904,87.768,1,0,-0.243868012732038,-0.341246710270798,0.192897501991867,-0.264172865389166,7.418
"Paur","152",2024,43.884,51.194,12.904,87.768,1,0,-0.243868012732038,-0.341246710270798,0.192897501991867,-0.264172865389166,7.418
"Paur","152",2025,43.884,51.194,12.904,87.768,1,0,-0.243868012732038,-0.341246710270798,0.192897501991867,-0.264172865389166,7.418
"Paur","153",2013,39.199,54.259,7.9,77.61402,3,0,-0.329089528951545,-0.248692656674276,-0.981487169913057,-0.316542660534254,2.414
"Paur","153",2014,39.199,54.259,7.9,77.61402,3,0,-0.329089528951545,-0.248692656674276,-0.981487169913057,-0.316542660534254,2.414
"Paur","153",2015,39.199,54.259,7.9,77.61402,3,0,-0.329089528951545,-0.248692656674276,-0.981487169913057,-0.316542660534254,2.414
"Paur","153",2016,39.199,54.259,7.9,77.61402,3,0,-0.329089528951545,-0.248692656674276,-0.981487169913057,-0.316542660534254,2.414
"Paur","153",2017,39.199,54.259,7.9,77.61402,3,NA,-0.329089528951545,-0.248692656674276,-0.981487169913057,-0.316542660534254,2.414
"Paur","153",2018,39.199,54.259,7.9,77.61402,3,0,-0.329089528951545,-0.248692656674276,-0.981487169913057,-0.316542660534254,2.414
"Paur","153",2019,39.199,54.259,7.9,77.61402,3,0,-0.329089528951545,-0.248692656674276,-0.981487169913057,-0.316542660534254,2.414
"Paur","153",2020,39.199,54.259,7.9,77.61402,3,0,-0.329089528951545,-0.248692656674276,-0.981487169913057,-0.316542660534254,2.414
"Paur","153",2021,39.199,54.259,7.9,77.61402,3,0,-0.329089528951545,-0.248692656674276,-0.981487169913057,-0.316542660534254,2.414
"Paur","153",2022,39.199,54.259,7.9,77.61402,3,0,-0.329089528951545,-0.248692656674276,-0.981487169913057,-0.316542660534254,2.414
"Paur","153",2023,39.199,54.259,7.9,77.61402,3,0,-0.329089528951545,-0.248692656674276,-0.981487169913057,-0.316542660534254,2.414
"Paur","153",2024,39.199,54.259,7.9,77.61402,3,0,-0.329089528951545,-0.248692656674276,-0.981487169913057,-0.316542660534254,2.414
"Paur","153",2025,39.199,54.259,7.9,77.61402,3,0,-0.329089528951545,-0.248692656674276,-0.981487169913057,-0.316542660534254,2.414
"Paur","155",2013,38.06,56.063,9.069,74.217,2,0,-0.349808271101816,-0.194217122355149,-0.70713551494566,-0.334063006399005,3.583
"Paur","155",2014,38.06,56.063,9.069,74.217,2,0,-0.349808271101816,-0.194217122355149,-0.70713551494566,-0.334063006399005,3.583
"Paur","155",2015,38.06,56.063,9.069,74.217,2,0,-0.349808271101816,-0.194217122355149,-0.70713551494566,-0.334063006399005,3.583
"Paur","155",2016,38.06,56.063,9.069,74.217,2,0,-0.349808271101816,-0.194217122355149,-0.70713551494566,-0.334063006399005,3.583
"Paur","155",2017,38.06,56.063,9.069,74.217,2,NA,-0.349808271101816,-0.194217122355149,-0.70713551494566,-0.334063006399005,3.583
"Paur","155",2018,38.06,56.063,9.069,74.217,2,0,-0.349808271101816,-0.194217122355149,-0.70713551494566,-0.334063006399005,3.583
"Paur","155",2019,38.06,56.063,9.069,74.217,2,0,-0.349808271101816,-0.194217122355149,-0.70713551494566,-0.334063006399005,3.583
"Paur","155",2020,38.06,56.063,9.069,74.217,2,0,-0.349808271101816,-0.194217122355149,-0.70713551494566,-0.334063006399005,3.583
"Paur","155",2021,38.06,56.063,9.069,74.217,2,0,-0.349808271101816,-0.194217122355149,-0.70713551494566,-0.334063006399005,3.583
"Paur","155",2022,38.06,56.063,9.069,74.217,2,0,-0.349808271101816,-0.194217122355149,-0.70713551494566,-0.334063006399005,3.583
"Paur","155",2023,38.06,56.063,9.069,74.217,2,0,-0.349808271101816,-0.194217122355149,-0.70713551494566,-0.334063006399005,3.583
"Paur","155",2024,38.06,56.063,9.069,74.217,2,0,-0.349808271101816,-0.194217122355149,-0.70713551494566,-0.334063006399005,3.583
"Paur","155",2025,38.06,56.063,9.069,74.217,2,0,-0.349808271101816,-0.194217122355149,-0.70713551494566,-0.334063006399005,3.583
"Paur","158",2013,49.989,61.873,8.592,94.9791,3,NA,-0.132816282418252,-0.0187720811167186,-0.819082255253144,-0.226981160287251,3.106
"Paur","158",2014,49.989,61.873,8.592,94.9791,3,NA,-0.132816282418252,-0.0187720811167186,-0.819082255253144,-0.226981160287251,3.106
"Paur","158",2015,49.989,61.873,8.592,94.9791,3,0,-0.132816282418252,-0.0187720811167186,-0.819082255253144,-0.226981160287251,3.106
"Paur","158",2016,49.989,61.873,8.592,94.9791,3,NA,-0.132816282418252,-0.0187720811167186,-0.819082255253144,-0.226981160287251,3.106
"Paur","158",2017,49.989,61.873,8.592,94.9791,3,0,-0.132816282418252,-0.0187720811167186,-0.819082255253144,-0.226981160287251,3.106
"Paur","158",2018,49.989,61.873,8.592,94.9791,3,NA,-0.132816282418252,-0.0187720811167186,-0.819082255253144,-0.226981160287251,3.106
"Paur","158",2019,49.989,61.873,8.592,94.9791,3,0,-0.132816282418252,-0.0187720811167186,-0.819082255253144,-0.226981160287251,3.106
"Paur","158",2020,49.989,61.873,8.592,94.9791,3,NA,-0.132816282418252,-0.0187720811167186,-0.819082255253144,-0.226981160287251,3.106
"Paur","158",2021,49.989,61.873,8.592,94.9791,3,NA,-0.132816282418252,-0.0187720811167186,-0.819082255253144,-0.226981160287251,3.106
"Paur","158",2022,49.989,61.873,8.592,94.9791,3,0,-0.132816282418252,-0.0187720811167186,-0.819082255253144,-0.226981160287251,3.106
"Paur","158",2023,49.989,61.873,8.592,94.9791,3,0,-0.132816282418252,-0.0187720811167186,-0.819082255253144,-0.226981160287251,3.106
"Paur","158",2024,49.989,61.873,8.592,94.9791,3,0,-0.132816282418252,-0.0187720811167186,-0.819082255253144,-0.226981160287251,3.106
"Paur","158",2025,49.989,61.873,8.592,94.9791,3,0,-0.132816282418252,-0.0187720811167186,-0.819082255253144,-0.226981160287251,3.106
"Paur","160",2013,103.377,93.452,24.267,294.504,3,0,0.838327006360196,0.93482154319798,2.85967068881354,0.802081152160097,18.781
"Paur","160",2014,103.377,93.452,24.267,294.504,3,1,0.838327006360196,0.93482154319798,2.85967068881354,0.802081152160097,18.781
"Paur","160",2015,103.377,93.452,24.267,294.504,3,0,0.838327006360196,0.93482154319798,2.85967068881354,0.802081152160097,18.781
"Paur","160",2016,103.377,93.452,24.267,294.504,3,0,0.838327006360196,0.93482154319798,2.85967068881354,0.802081152160097,18.781
"Paur","160",2017,103.377,93.452,24.267,294.504,3,NA,0.838327006360196,0.93482154319798,2.85967068881354,0.802081152160097,18.781
"Paur","160",2018,103.377,93.452,24.267,294.504,3,0,0.838327006360196,0.93482154319798,2.85967068881354,0.802081152160097,18.781
"Paur","160",2019,103.377,93.452,24.267,294.504,3,0,0.838327006360196,0.93482154319798,2.85967068881354,0.802081152160097,18.781
"Paur","160",2020,103.377,93.452,24.267,294.504,3,0,0.838327006360196,0.93482154319798,2.85967068881354,0.802081152160097,18.781
"Paur","160",2021,103.377,93.452,24.267,294.504,3,0,0.838327006360196,0.93482154319798,2.85967068881354,0.802081152160097,18.781
"Paur","160",2022,103.377,93.452,24.267,294.504,3,0,0.838327006360196,0.93482154319798,2.85967068881354,0.802081152160097,18.781
"Paur","160",2023,103.377,93.452,24.267,294.504,3,1,0.838327006360196,0.93482154319798,2.85967068881354,0.802081152160097,18.781
"Paur","160",2024,103.377,93.452,24.267,294.504,3,1,0.838327006360196,0.93482154319798,2.85967068881354,0.802081152160097,18.781
"Paur","160",2025,103.377,93.452,24.267,294.504,3,1,0.838327006360196,0.93482154319798,2.85967068881354,0.802081152160097,18.781
"Paur","164-164 A",2013,35.188,49.542,14.685,73.8948,2,0,-0.402050788622077,-0.391132288261484,0.610878936976414,-0.335724773311659,9.199
"Paur","164-164 A",2014,35.188,49.542,14.685,73.8948,2,0,-0.402050788622077,-0.391132288261484,0.610878936976414,-0.335724773311659,9.199
"Paur","164-164 A",2015,35.188,49.542,14.685,73.8948,2,0,-0.402050788622077,-0.391132288261484,0.610878936976414,-0.335724773311659,9.199
"Paur","164-164 A",2016,35.188,49.542,14.685,73.8948,2,0,-0.402050788622077,-0.391132288261484,0.610878936976414,-0.335724773311659,9.199
"Paur","164-164 A",2017,35.188,49.542,14.685,73.8948,2,0,-0.402050788622077,-0.391132288261484,0.610878936976414,-0.335724773311659,9.199
"Paur","164-164 A",2018,35.188,49.542,14.685,73.8948,2,0,-0.402050788622077,-0.391132288261484,0.610878936976414,-0.335724773311659,9.199
"Paur","164-164 A",2019,35.188,49.542,14.685,73.8948,2,0,-0.402050788622077,-0.391132288261484,0.610878936976414,-0.335724773311659,9.199
"Paur","164-164 A",2020,35.188,49.542,14.685,73.8948,2,0,-0.402050788622077,-0.391132288261484,0.610878936976414,-0.335724773311659,9.199
"Paur","164-164 A",2021,35.188,49.542,14.685,73.8948,2,0,-0.402050788622077,-0.391132288261484,0.610878936976414,-0.335724773311659,9.199
"Paur","164-164 A",2022,35.188,49.542,14.685,73.8948,2,0,-0.402050788622077,-0.391132288261484,0.610878936976414,-0.335724773311659,9.199
"Paur","164-164 A",2023,35.188,49.542,14.685,73.8948,2,0,-0.402050788622077,-0.391132288261484,0.610878936976414,-0.335724773311659,9.199
"Paur","164-164 A",2024,35.188,49.542,14.685,73.8948,2,0,-0.402050788622077,-0.391132288261484,0.610878936976414,-0.335724773311659,9.199
"Paur","164-164 A",2025,35.188,49.542,14.685,73.8948,2,0,-0.402050788622077,-0.391132288261484,0.610878936976414,-0.335724773311659,9.199
"Paur","167",2013,248.389,122.728,21.122,848.4209,3,0,3.47613757413461,1.81887128972058,2.12157320816986,3.65894265675259,15.636
"Paur","167",2014,248.389,122.728,21.122,848.4209,3,0,3.47613757413461,1.81887128972058,2.12157320816986,3.65894265675259,15.636
"Paur","167",2015,248.389,122.728,21.122,848.4209,3,0,3.47613757413461,1.81887128972058,2.12157320816986,3.65894265675259,15.636
"Paur","167",2016,248.389,122.728,21.122,848.4209,3,1,3.47613757413461,1.81887128972058,2.12157320816986,3.65894265675259,15.636
"Paur","167",2017,248.389,122.728,21.122,848.4209,3,1,3.47613757413461,1.81887128972058,2.12157320816986,3.65894265675259,15.636
"Paur","167",2018,248.389,122.728,21.122,848.4209,3,1,3.47613757413461,1.81887128972058,2.12157320816986,3.65894265675259,15.636
"Paur","167",2019,248.389,122.728,21.122,848.4209,3,1,3.47613757413461,1.81887128972058,2.12157320816986,3.65894265675259,15.636
"Paur","167",2020,248.389,122.728,21.122,848.4209,3,1,3.47613757413461,1.81887128972058,2.12157320816986,3.65894265675259,15.636
"Paur","167",2021,248.389,122.728,21.122,848.4209,3,0,3.47613757413461,1.81887128972058,2.12157320816986,3.65894265675259,15.636
"Paur","167",2022,248.389,122.728,21.122,848.4209,3,0,3.47613757413461,1.81887128972058,2.12157320816986,3.65894265675259,15.636
"Paur","167",2023,248.389,122.728,21.122,848.4209,3,0,3.47613757413461,1.81887128972058,2.12157320816986,3.65894265675259,15.636
"Paur","167",2024,248.389,122.728,21.122,848.4209,3,0,3.47613757413461,1.81887128972058,2.12157320816986,3.65894265675259,15.636
"Paur","167",2025,248.389,122.728,21.122,848.4209,3,2,3.47613757413461,1.81887128972058,2.12157320816986,3.65894265675259,15.636
"Paur","17",2013,192.665,116.888,20.022,589.5532,3,0,2.46250176414191,1.6425203360489,1.86341510683185,2.32381609370243,14.536
"Paur","17",2014,192.665,116.888,20.022,589.5532,3,0,2.46250176414191,1.6425203360489,1.86341510683185,2.32381609370243,14.536
"Paur","17",2015,192.665,116.888,20.022,589.5532,3,0,2.46250176414191,1.6425203360489,1.86341510683185,2.32381609370243,14.536
"Paur","17",2016,192.665,116.888,20.022,589.5532,3,0,2.46250176414191,1.6425203360489,1.86341510683185,2.32381609370243,14.536
"Paur","17",2017,192.665,116.888,20.022,589.5532,3,0,2.46250176414191,1.6425203360489,1.86341510683185,2.32381609370243,14.536
"Paur","17",2018,192.665,116.888,20.022,589.5532,3,0,2.46250176414191,1.6425203360489,1.86341510683185,2.32381609370243,14.536
"Paur","17",2019,192.665,116.888,20.022,589.5532,3,1,2.46250176414191,1.6425203360489,1.86341510683185,2.32381609370243,14.536
"Paur","17",2020,192.665,116.888,20.022,589.5532,3,1,2.46250176414191,1.6425203360489,1.86341510683185,2.32381609370243,14.536
"Paur","17",2021,192.665,116.888,20.022,589.5532,3,1,2.46250176414191,1.6425203360489,1.86341510683185,2.32381609370243,14.536
"Paur","17",2022,192.665,116.888,20.022,589.5532,3,0,2.46250176414191,1.6425203360489,1.86341510683185,2.32381609370243,14.536
"Paur","17",2023,192.665,116.888,20.022,589.5532,3,1,2.46250176414191,1.6425203360489,1.86341510683185,2.32381609370243,14.536
"Paur","17",2024,192.665,116.888,20.022,589.5532,3,NA,2.46250176414191,1.6425203360489,1.86341510683185,2.32381609370243,14.536
"Paur","17",2025,192.665,116.888,20.022,589.5532,3,0,2.46250176414191,1.6425203360489,1.86341510683185,2.32381609370243,14.536
"Paur","170-171",2013,45.954,61.215,9.967,91.908,3,0,-0.20621410908756,-0.03864176048589,-0.496384628580627,-0.242820553103672,4.481
"Paur","170-171",2014,45.954,61.215,9.967,91.908,3,0,-0.20621410908756,-0.03864176048589,-0.496384628580627,-0.242820553103672,4.481
"Paur","170-171",2015,45.954,61.215,9.967,91.908,3,0,-0.20621410908756,-0.03864176048589,-0.496384628580627,-0.242820553103672,4.481
"Paur","170-171",2016,45.954,61.215,9.967,91.908,3,0,-0.20621410908756,-0.03864176048589,-0.496384628580627,-0.242820553103672,4.481
"Paur","170-171",2017,45.954,61.215,9.967,91.908,3,0,-0.20621410908756,-0.03864176048589,-0.496384628580627,-0.242820553103672,4.481
"Paur","170-171",2018,45.954,61.215,9.967,91.908,3,0,-0.20621410908756,-0.03864176048589,-0.496384628580627,-0.242820553103672,4.481
"Paur","170-171",2019,45.954,61.215,9.967,91.908,3,0,-0.20621410908756,-0.03864176048589,-0.496384628580627,-0.242820553103672,4.481
"Paur","170-171",2020,45.954,61.215,9.967,91.908,3,0,-0.20621410908756,-0.03864176048589,-0.496384628580627,-0.242820553103672,4.481
"Paur","170-171",2021,45.954,61.215,9.967,91.908,3,0,-0.20621410908756,-0.03864176048589,-0.496384628580627,-0.242820553103672,4.481
"Paur","170-171",2022,45.954,61.215,9.967,91.908,3,0,-0.20621410908756,-0.03864176048589,-0.496384628580627,-0.242820553103672,4.481
"Paur","170-171",2023,45.954,61.215,9.967,91.908,3,0,-0.20621410908756,-0.03864176048589,-0.496384628580627,-0.242820553103672,4.481
"Paur","170-171",2024,45.954,61.215,9.967,91.908,3,0,-0.20621410908756,-0.03864176048589,-0.496384628580627,-0.242820553103672,4.481
"Paur","170-171",2025,45.954,61.215,9.967,91.908,3,0,-0.20621410908756,-0.03864176048589,-0.496384628580627,-0.242820553103672,4.481
"Paur","173",2013,37.908,53.56,11.247,75.816,1,0,-0.352573195427401,-0.269800416368883,-0.195982474296394,-0.325816062595985,5.761
"Paur","173",2014,37.908,53.56,11.247,75.816,1,0,-0.352573195427401,-0.269800416368883,-0.195982474296394,-0.325816062595985,5.761
"Paur","173",2015,37.908,53.56,11.247,75.816,1,0,-0.352573195427401,-0.269800416368883,-0.195982474296394,-0.325816062595985,5.761
"Paur","173",2016,37.908,53.56,11.247,75.816,1,0,-0.352573195427401,-0.269800416368883,-0.195982474296394,-0.325816062595985,5.761
"Paur","173",2017,37.908,53.56,11.247,75.816,1,0,-0.352573195427401,-0.269800416368883,-0.195982474296394,-0.325816062595985,5.761
"Paur","173",2018,37.908,53.56,11.247,75.816,1,0,-0.352573195427401,-0.269800416368883,-0.195982474296394,-0.325816062595985,5.761
"Paur","173",2019,37.908,53.56,11.247,75.816,1,0,-0.352573195427401,-0.269800416368883,-0.195982474296394,-0.325816062595985,5.761
"Paur","173",2020,37.908,53.56,11.247,75.816,1,0,-0.352573195427401,-0.269800416368883,-0.195982474296394,-0.325816062595985,5.761
"Paur","173",2021,37.908,53.56,11.247,75.816,1,0,-0.352573195427401,-0.269800416368883,-0.195982474296394,-0.325816062595985,5.761
"Paur","173",2022,37.908,53.56,11.247,75.816,1,0,-0.352573195427401,-0.269800416368883,-0.195982474296394,-0.325816062595985,5.761
"Paur","173",2023,37.908,53.56,11.247,75.816,1,0,-0.352573195427401,-0.269800416368883,-0.195982474296394,-0.325816062595985,5.761
"Paur","173",2024,37.908,53.56,11.247,75.816,1,0,-0.352573195427401,-0.269800416368883,-0.195982474296394,-0.325816062595985,5.761
"Paur","173",2025,37.908,53.56,11.247,75.816,1,0,-0.352573195427401,-0.269800416368883,-0.195982474296394,-0.325816062595985,5.761
"Paur","186",2013,37.654,53.4,13.835,75.308,3,NA,-0.357193529497786,-0.274631949346189,0.411393131397041,-0.328436104779809,8.349
"Paur","186",2014,37.654,53.4,13.835,75.308,3,NA,-0.357193529497786,-0.274631949346189,0.411393131397041,-0.328436104779809,8.349
"Paur","186",2015,37.654,53.4,13.835,75.308,3,NA,-0.357193529497786,-0.274631949346189,0.411393131397041,-0.328436104779809,8.349
"Paur","186",2016,37.654,53.4,13.835,75.308,3,NA,-0.357193529497786,-0.274631949346189,0.411393131397041,-0.328436104779809,8.349
"Paur","186",2017,37.654,53.4,13.835,75.308,3,NA,-0.357193529497786,-0.274631949346189,0.411393131397041,-0.328436104779809,8.349
"Paur","186",2018,37.654,53.4,13.835,75.308,3,0,-0.357193529497786,-0.274631949346189,0.411393131397041,-0.328436104779809,8.349
"Paur","186",2019,37.654,53.4,13.835,75.308,3,0,-0.357193529497786,-0.274631949346189,0.411393131397041,-0.328436104779809,8.349
"Paur","186",2020,37.654,53.4,13.835,75.308,3,NA,-0.357193529497786,-0.274631949346189,0.411393131397041,-0.328436104779809,8.349
"Paur","186",2021,37.654,53.4,13.835,75.308,3,0,-0.357193529497786,-0.274631949346189,0.411393131397041,-0.328436104779809,8.349
"Paur","186",2022,37.654,53.4,13.835,75.308,3,0,-0.357193529497786,-0.274631949346189,0.411393131397041,-0.328436104779809,8.349
"Paur","186",2023,37.654,53.4,13.835,75.308,3,0,-0.357193529497786,-0.274631949346189,0.411393131397041,-0.328436104779809,8.349
"Paur","186",2024,37.654,53.4,13.835,75.308,3,0,-0.357193529497786,-0.274631949346189,0.411393131397041,-0.328436104779809,8.349
"Paur","186",2025,37.654,53.4,13.835,75.308,3,0,-0.357193529497786,-0.274631949346189,0.411393131397041,-0.328436104779809,8.349
"Paur","2",2013,116.3,92.954,16.608,311.4932,2,0,1.07340014490976,0.919783396806115,1.06218623595187,0.889704027493604,11.122
"Paur","2",2014,116.3,92.954,16.608,311.4932,2,0,1.07340014490976,0.919783396806115,1.06218623595187,0.889704027493604,11.122
"Paur","2",2015,116.3,92.954,16.608,311.4932,2,1,1.07340014490976,0.919783396806115,1.06218623595187,0.889704027493604,11.122
"Paur","2",2016,116.3,92.954,16.608,311.4932,2,0,1.07340014490976,0.919783396806115,1.06218623595187,0.889704027493604,11.122
"Paur","2",2017,116.3,92.954,16.608,311.4932,2,3,1.07340014490976,0.919783396806115,1.06218623595187,0.889704027493604,11.122
"Paur","2",2018,116.3,92.954,16.608,311.4932,2,1,1.07340014490976,0.919783396806115,1.06218623595187,0.889704027493604,11.122
"Paur","2",2019,116.3,92.954,16.608,311.4932,2,0,1.07340014490976,0.919783396806115,1.06218623595187,0.889704027493604,11.122
"Paur","2",2020,116.3,92.954,16.608,311.4932,2,0,1.07340014490976,0.919783396806115,1.06218623595187,0.889704027493604,11.122
"Paur","2",2021,116.3,92.954,16.608,311.4932,2,0,1.07340014490976,0.919783396806115,1.06218623595187,0.889704027493604,11.122
"Paur","2",2022,116.3,92.954,16.608,311.4932,2,1,1.07340014490976,0.919783396806115,1.06218623595187,0.889704027493604,11.122
"Paur","2",2023,116.3,92.954,16.608,311.4932,2,0,1.07340014490976,0.919783396806115,1.06218623595187,0.889704027493604,11.122
"Paur","2",2024,116.3,92.954,16.608,311.4932,2,0,1.07340014490976,0.919783396806115,1.06218623595187,0.889704027493604,11.122
"Paur","2",2025,116.3,92.954,16.608,311.4932,2,0,1.07340014490976,0.919783396806115,1.06218623595187,0.889704027493604,11.122
"Paur","20",2013,14.56,26.402,5.486,26.208,2,NA,-0.777280124070527,-1.08989274510439,-1.54802685775848,-0.581672465460429,0
"Paur","20",2014,14.56,26.402,5.486,26.208,2,NA,-0.777280124070527,-1.08989274510439,-1.54802685775848,-0.581672465460429,0
"Paur","20",2015,14.56,26.402,5.486,26.208,2,NA,-0.777280124070527,-1.08989274510439,-1.54802685775848,-0.581672465460429,0
"Paur","20",2016,14.56,26.402,5.486,26.208,2,NA,-0.777280124070527,-1.08989274510439,-1.54802685775848,-0.581672465460429,0
"Paur","20",2017,14.56,26.402,5.486,26.208,2,NA,-0.777280124070527,-1.08989274510439,-1.54802685775848,-0.581672465460429,0
"Paur","20",2018,14.56,26.402,5.486,26.208,2,NA,-0.777280124070527,-1.08989274510439,-1.54802685775848,-0.581672465460429,0
"Paur","20",2019,14.56,26.402,5.486,26.208,2,0,-0.777280124070527,-1.08989274510439,-1.54802685775848,-0.581672465460429,0
"Paur","20",2020,14.56,26.402,5.486,26.208,2,NA,-0.777280124070527,-1.08989274510439,-1.54802685775848,-0.581672465460429,0
"Paur","20",2021,14.56,26.402,5.486,26.208,2,0,-0.777280124070527,-1.08989274510439,-1.54802685775848,-0.581672465460429,0
"Paur","20",2022,14.56,26.402,5.486,26.208,2,0,-0.777280124070527,-1.08989274510439,-1.54802685775848,-0.581672465460429,0
"Paur","20",2023,14.56,26.402,5.486,26.208,2,NA,-0.777280124070527,-1.08989274510439,-1.54802685775848,-0.581672465460429,0
"Paur","20",2024,14.56,26.402,5.486,26.208,2,NA,-0.777280124070527,-1.08989274510439,-1.54802685775848,-0.581672465460429,0
"Paur","20",2025,14.56,26.402,5.486,26.208,2,0,-0.777280124070527,-1.08989274510439,-1.54802685775848,-0.581672465460429,0
"Paur","23",2013,58.978,66.053,17.641,117.956,3,NA,0.0306962489151839,0.107451717915405,1.30462016202657,-0.108476342859093,12.155
"Paur","23",2014,58.978,66.053,17.641,117.956,3,NA,0.0306962489151839,0.107451717915405,1.30462016202657,-0.108476342859093,12.155
"Paur","23",2015,58.978,66.053,17.641,117.956,3,NA,0.0306962489151839,0.107451717915405,1.30462016202657,-0.108476342859093,12.155
"Paur","23",2016,58.978,66.053,17.641,117.956,3,NA,0.0306962489151839,0.107451717915405,1.30462016202657,-0.108476342859093,12.155
"Paur","23",2017,58.978,66.053,17.641,117.956,3,NA,0.0306962489151839,0.107451717915405,1.30462016202657,-0.108476342859093,12.155
"Paur","23",2018,58.978,66.053,17.641,117.956,3,NA,0.0306962489151839,0.107451717915405,1.30462016202657,-0.108476342859093,12.155
"Paur","23",2019,58.978,66.053,17.641,117.956,3,NA,0.0306962489151839,0.107451717915405,1.30462016202657,-0.108476342859093,12.155
"Paur","23",2020,58.978,66.053,17.641,117.956,3,0,0.0306962489151839,0.107451717915405,1.30462016202657,-0.108476342859093,12.155
"Paur","23",2021,58.978,66.053,17.641,117.956,3,NA,0.0306962489151839,0.107451717915405,1.30462016202657,-0.108476342859093,12.155
"Paur","23",2022,58.978,66.053,17.641,117.956,3,NA,0.0306962489151839,0.107451717915405,1.30462016202657,-0.108476342859093,12.155
"Paur","23",2023,58.978,66.053,17.641,117.956,3,NA,0.0306962489151839,0.107451717915405,1.30462016202657,-0.108476342859093,12.155
"Paur","23",2024,58.978,66.053,17.641,117.956,3,0,0.0306962489151839,0.107451717915405,1.30462016202657,-0.108476342859093,12.155
"Paur","23",2025,58.978,66.053,17.641,117.956,3,1,0.0306962489151839,0.107451717915405,1.30462016202657,-0.108476342859093,12.155
"Paur","240",2013,275.961,168.265,19.166,1143.2191,4,0,3.97768029456241,3.19395577214303,1.66252116615427,5.17938304989307,13.68
"Paur","240",2014,275.961,168.265,19.166,1143.2191,4,0,3.97768029456241,3.19395577214303,1.66252116615427,5.17938304989307,13.68
"Paur","240",2015,275.961,168.265,19.166,1143.2191,4,0,3.97768029456241,3.19395577214303,1.66252116615427,5.17938304989307,13.68
"Paur","240",2016,275.961,168.265,19.166,1143.2191,4,0,3.97768029456241,3.19395577214303,1.66252116615427,5.17938304989307,13.68
"Paur","240",2017,275.961,168.265,19.166,1143.2191,4,0,3.97768029456241,3.19395577214303,1.66252116615427,5.17938304989307,13.68
"Paur","240",2018,275.961,168.265,19.166,1143.2191,4,0,3.97768029456241,3.19395577214303,1.66252116615427,5.17938304989307,13.68
"Paur","240",2019,275.961,168.265,19.166,1143.2191,4,0,3.97768029456241,3.19395577214303,1.66252116615427,5.17938304989307,13.68
"Paur","240",2020,275.961,168.265,19.166,1143.2191,4,0,3.97768029456241,3.19395577214303,1.66252116615427,5.17938304989307,13.68
"Paur","240",2021,275.961,168.265,19.166,1143.2191,4,0,3.97768029456241,3.19395577214303,1.66252116615427,5.17938304989307,13.68
"Paur","240",2022,275.961,168.265,19.166,1143.2191,4,0,3.97768029456241,3.19395577214303,1.66252116615427,5.17938304989307,13.68
"Paur","240",2023,275.961,168.265,19.166,1143.2191,4,0,3.97768029456241,3.19395577214303,1.66252116615427,5.17938304989307,13.68
"Paur","240",2024,275.961,168.265,19.166,1143.2191,4,0,3.97768029456241,3.19395577214303,1.66252116615427,5.17938304989307,13.68
"Paur","240",2025,275.961,168.265,19.166,1143.2191,4,0,3.97768029456241,3.19395577214303,1.66252116615427,5.17938304989307,13.68
"Paur","241",2013,28.698,38.497,6.987,57.396,2,0,-0.520105781207904,-0.724659049101151,-1.19575839402361,-0.420818379576372,1.501
"Paur","241",2014,28.698,38.497,6.987,57.396,2,0,-0.520105781207904,-0.724659049101151,-1.19575839402361,-0.420818379576372,1.501
"Paur","241",2015,28.698,38.497,6.987,57.396,2,0,-0.520105781207904,-0.724659049101151,-1.19575839402361,-0.420818379576372,1.501
"Paur","241",2016,28.698,38.497,6.987,57.396,2,0,-0.520105781207904,-0.724659049101151,-1.19575839402361,-0.420818379576372,1.501
"Paur","241",2017,28.698,38.497,6.987,57.396,2,0,-0.520105781207904,-0.724659049101151,-1.19575839402361,-0.420818379576372,1.501
"Paur","241",2018,28.698,38.497,6.987,57.396,2,NA,-0.520105781207904,-0.724659049101151,-1.19575839402361,-0.420818379576372,1.501
"Paur","241",2019,28.698,38.497,6.987,57.396,2,0,-0.520105781207904,-0.724659049101151,-1.19575839402361,-0.420818379576372,1.501
"Paur","241",2020,28.698,38.497,6.987,57.396,2,0,-0.520105781207904,-0.724659049101151,-1.19575839402361,-0.420818379576372,1.501
"Paur","241",2021,28.698,38.497,6.987,57.396,2,0,-0.520105781207904,-0.724659049101151,-1.19575839402361,-0.420818379576372,1.501
"Paur","241",2022,28.698,38.497,6.987,57.396,2,0,-0.520105781207904,-0.724659049101151,-1.19575839402361,-0.420818379576372,1.501
"Paur","241",2023,28.698,38.497,6.987,57.396,2,0,-0.520105781207904,-0.724659049101151,-1.19575839402361,-0.420818379576372,1.501
"Paur","241",2024,28.698,38.497,6.987,57.396,2,0,-0.520105781207904,-0.724659049101151,-1.19575839402361,-0.420818379576372,1.501
"Paur","241",2025,28.698,38.497,6.987,57.396,2,0,-0.520105781207904,-0.724659049101151,-1.19575839402361,-0.420818379576372,1.501
"Paur","244",2013,49.648,57.343,11.595,99.296,1,1,-0.139019171859202,-0.1555648585367,-0.114310638600368,-0.204716475044437,6.109
"Paur","244",2014,49.648,57.343,11.595,99.296,1,0,-0.139019171859202,-0.1555648585367,-0.114310638600368,-0.204716475044437,6.109
"Paur","244",2015,49.648,57.343,11.595,99.296,1,0,-0.139019171859202,-0.1555648585367,-0.114310638600368,-0.204716475044437,6.109
"Paur","244",2016,49.648,57.343,11.595,99.296,1,0,-0.139019171859202,-0.1555648585367,-0.114310638600368,-0.204716475044437,6.109
"Paur","244",2017,49.648,57.343,11.595,99.296,1,NA,-0.139019171859202,-0.1555648585367,-0.114310638600368,-0.204716475044437,6.109
"Paur","244",2018,49.648,57.343,11.595,99.296,1,0,-0.139019171859202,-0.1555648585367,-0.114310638600368,-0.204716475044437,6.109
"Paur","244",2019,49.648,57.343,11.595,99.296,1,0,-0.139019171859202,-0.1555648585367,-0.114310638600368,-0.204716475044437,6.109
"Paur","244",2020,49.648,57.343,11.595,99.296,1,1,-0.139019171859202,-0.1555648585367,-0.114310638600368,-0.204716475044437,6.109
"Paur","244",2021,49.648,57.343,11.595,99.296,1,0,-0.139019171859202,-0.1555648585367,-0.114310638600368,-0.204716475044437,6.109
"Paur","244",2022,49.648,57.343,11.595,99.296,1,NA,-0.139019171859202,-0.1555648585367,-0.114310638600368,-0.204716475044437,6.109
"Paur","244",2023,49.648,57.343,11.595,99.296,1,0,-0.139019171859202,-0.1555648585367,-0.114310638600368,-0.204716475044437,6.109
"Paur","244",2024,49.648,57.343,11.595,99.296,1,1,-0.139019171859202,-0.1555648585367,-0.114310638600368,-0.204716475044437,6.109
"Paur","244",2025,49.648,57.343,11.595,99.296,1,0,-0.139019171859202,-0.1555648585367,-0.114310638600368,-0.204716475044437,6.109
"Paur","252",2013,23.559,31.012,6.392,47.118,1,0,-0.613585689820934,-0.950684201195756,-1.33539845792917,-0.473827815728621,0.906000000000001
"Paur","252",2014,23.559,31.012,6.392,47.118,1,0,-0.613585689820934,-0.950684201195756,-1.33539845792917,-0.473827815728621,0.906000000000001
"Paur","252",2015,23.559,31.012,6.392,47.118,1,0,-0.613585689820934,-0.950684201195756,-1.33539845792917,-0.473827815728621,0.906000000000001
"Paur","252",2016,23.559,31.012,6.392,47.118,1,0,-0.613585689820934,-0.950684201195756,-1.33539845792917,-0.473827815728621,0.906000000000001
"Paur","252",2017,23.559,31.012,6.392,47.118,1,NA,-0.613585689820934,-0.950684201195756,-1.33539845792917,-0.473827815728621,0.906000000000001
"Paur","252",2018,23.559,31.012,6.392,47.118,1,0,-0.613585689820934,-0.950684201195756,-1.33539845792917,-0.473827815728621,0.906000000000001
"Paur","252",2019,23.559,31.012,6.392,47.118,1,0,-0.613585689820934,-0.950684201195756,-1.33539845792917,-0.473827815728621,0.906000000000001
"Paur","252",2020,23.559,31.012,6.392,47.118,1,0,-0.613585689820934,-0.950684201195756,-1.33539845792917,-0.473827815728621,0.906000000000001
"Paur","252",2021,23.559,31.012,6.392,47.118,1,0,-0.613585689820934,-0.950684201195756,-1.33539845792917,-0.473827815728621,0.906000000000001
"Paur","252",2022,23.559,31.012,6.392,47.118,1,0,-0.613585689820934,-0.950684201195756,-1.33539845792917,-0.473827815728621,0.906000000000001
"Paur","252",2023,23.559,31.012,6.392,47.118,1,0,-0.613585689820934,-0.950684201195756,-1.33539845792917,-0.473827815728621,0.906000000000001
"Paur","252",2024,23.559,31.012,6.392,47.118,1,0,-0.613585689820934,-0.950684201195756,-1.33539845792917,-0.473827815728621,0.906000000000001
"Paur","252",2025,23.559,31.012,6.392,47.118,1,0,-0.613585689820934,-0.950684201195756,-1.33539845792917,-0.473827815728621,0.906000000000001
"Paur","272",2013,42.23,51.212,11.066,84.46,1,0,-0.273954755064389,-0.340703162810851,-0.238461216425649,-0.281234084964146,5.58
"Paur","272",2014,42.23,51.212,11.066,84.46,1,0,-0.273954755064389,-0.340703162810851,-0.238461216425649,-0.281234084964146,5.58
"Paur","272",2015,42.23,51.212,11.066,84.46,1,0,-0.273954755064389,-0.340703162810851,-0.238461216425649,-0.281234084964146,5.58
"Paur","272",2016,42.23,51.212,11.066,84.46,1,0,-0.273954755064389,-0.340703162810851,-0.238461216425649,-0.281234084964146,5.58
"Paur","272",2017,42.23,51.212,11.066,84.46,1,0,-0.273954755064389,-0.340703162810851,-0.238461216425649,-0.281234084964146,5.58
"Paur","272",2018,42.23,51.212,11.066,84.46,1,0,-0.273954755064389,-0.340703162810851,-0.238461216425649,-0.281234084964146,5.58
"Paur","272",2019,42.23,51.212,11.066,84.46,1,0,-0.273954755064389,-0.340703162810851,-0.238461216425649,-0.281234084964146,5.58
"Paur","272",2020,42.23,51.212,11.066,84.46,1,0,-0.273954755064389,-0.340703162810851,-0.238461216425649,-0.281234084964146,5.58
"Paur","272",2021,42.23,51.212,11.066,84.46,1,0,-0.273954755064389,-0.340703162810851,-0.238461216425649,-0.281234084964146,5.58
"Paur","272",2022,42.23,51.212,11.066,84.46,1,0,-0.273954755064389,-0.340703162810851,-0.238461216425649,-0.281234084964146,5.58
"Paur","272",2023,42.23,51.212,11.066,84.46,1,0,-0.273954755064389,-0.340703162810851,-0.238461216425649,-0.281234084964146,5.58
"Paur","272",2024,42.23,51.212,11.066,84.46,1,0,-0.273954755064389,-0.340703162810851,-0.238461216425649,-0.281234084964146,5.58
"Paur","272",2025,42.23,51.212,11.066,84.46,1,0,-0.273954755064389,-0.340703162810851,-0.238461216425649,-0.281234084964146,5.58
"Paur","278",2013,25.798,30.485,12.206,51.596,1,NA,-0.572857626893404,-0.966598062939758,0.0290844522337463,-0.45073224702948,6.72
"Paur","278",2014,25.798,30.485,12.206,51.596,1,NA,-0.572857626893404,-0.966598062939758,0.0290844522337463,-0.45073224702948,6.72
"Paur","278",2015,25.798,30.485,12.206,51.596,1,NA,-0.572857626893404,-0.966598062939758,0.0290844522337463,-0.45073224702948,6.72
"Paur","278",2016,25.798,30.485,12.206,51.596,1,NA,-0.572857626893404,-0.966598062939758,0.0290844522337463,-0.45073224702948,6.72
"Paur","278",2017,25.798,30.485,12.206,51.596,1,NA,-0.572857626893404,-0.966598062939758,0.0290844522337463,-0.45073224702948,6.72
"Paur","278",2018,25.798,30.485,12.206,51.596,1,NA,-0.572857626893404,-0.966598062939758,0.0290844522337463,-0.45073224702948,6.72
"Paur","278",2019,25.798,30.485,12.206,51.596,1,NA,-0.572857626893404,-0.966598062939758,0.0290844522337463,-0.45073224702948,6.72
"Paur","278",2020,25.798,30.485,12.206,51.596,1,NA,-0.572857626893404,-0.966598062939758,0.0290844522337463,-0.45073224702948,6.72
"Paur","278",2021,25.798,30.485,12.206,51.596,1,NA,-0.572857626893404,-0.966598062939758,0.0290844522337463,-0.45073224702948,6.72
"Paur","278",2022,25.798,30.485,12.206,51.596,1,NA,-0.572857626893404,-0.966598062939758,0.0290844522337463,-0.45073224702948,6.72
"Paur","278",2023,25.798,30.485,12.206,51.596,1,0,-0.572857626893404,-0.966598062939758,0.0290844522337463,-0.45073224702948,6.72
"Paur","278",2024,25.798,30.485,12.206,51.596,1,0,-0.572857626893404,-0.966598062939758,0.0290844522337463,-0.45073224702948,6.72
"Paur","278",2025,25.798,30.485,12.206,51.596,1,0,-0.572857626893404,-0.966598062939758,0.0290844522337463,-0.45073224702948,6.72
"Paur","28-172",2013,38.186,54.052,11.529,76.372,1,0,-0.347516294358239,-0.254943452463666,-0.129800124680649,-0.32294845737117,6.043
"Paur","28-172",2014,38.186,54.052,11.529,76.372,1,0,-0.347516294358239,-0.254943452463666,-0.129800124680649,-0.32294845737117,6.043
"Paur","28-172",2015,38.186,54.052,11.529,76.372,1,0,-0.347516294358239,-0.254943452463666,-0.129800124680649,-0.32294845737117,6.043
"Paur","28-172",2016,38.186,54.052,11.529,76.372,1,0,-0.347516294358239,-0.254943452463666,-0.129800124680649,-0.32294845737117,6.043
"Paur","28-172",2017,38.186,54.052,11.529,76.372,1,0,-0.347516294358239,-0.254943452463666,-0.129800124680649,-0.32294845737117,6.043
"Paur","28-172",2018,38.186,54.052,11.529,76.372,1,0,-0.347516294358239,-0.254943452463666,-0.129800124680649,-0.32294845737117,6.043
"Paur","28-172",2019,38.186,54.052,11.529,76.372,1,0,-0.347516294358239,-0.254943452463666,-0.129800124680649,-0.32294845737117,6.043
"Paur","28-172",2020,38.186,54.052,11.529,76.372,1,0,-0.347516294358239,-0.254943452463666,-0.129800124680649,-0.32294845737117,6.043
"Paur","28-172",2021,38.186,54.052,11.529,76.372,1,0,-0.347516294358239,-0.254943452463666,-0.129800124680649,-0.32294845737117,6.043
"Paur","28-172",2022,38.186,54.052,11.529,76.372,1,0,-0.347516294358239,-0.254943452463666,-0.129800124680649,-0.32294845737117,6.043
"Paur","28-172",2023,38.186,54.052,11.529,76.372,1,0,-0.347516294358239,-0.254943452463666,-0.129800124680649,-0.32294845737117,6.043
"Paur","28-172",2024,38.186,54.052,11.529,76.372,1,0,-0.347516294358239,-0.254943452463666,-0.129800124680649,-0.32294845737117,6.043
"Paur","28-172",2025,38.186,54.052,11.529,76.372,1,0,-0.347516294358239,-0.254943452463666,-0.129800124680649,-0.32294845737117,6.043
"Paur","30",2013,35.788,53.37,10.697,67.63932,1,NA,-0.391136613652663,-0.275537861779434,-0.325061524965401,-0.36798780772124,5.211
"Paur","30",2014,35.788,53.37,10.697,67.63932,1,NA,-0.391136613652663,-0.275537861779434,-0.325061524965401,-0.36798780772124,5.211
"Paur","30",2015,35.788,53.37,10.697,67.63932,1,NA,-0.391136613652663,-0.275537861779434,-0.325061524965401,-0.36798780772124,5.211
"Paur","30",2016,35.788,53.37,10.697,67.63932,1,NA,-0.391136613652663,-0.275537861779434,-0.325061524965401,-0.36798780772124,5.211
"Paur","30",2017,35.788,53.37,10.697,67.63932,1,NA,-0.391136613652663,-0.275537861779434,-0.325061524965401,-0.36798780772124,5.211
"Paur","30",2018,35.788,53.37,10.697,67.63932,1,NA,-0.391136613652663,-0.275537861779434,-0.325061524965401,-0.36798780772124,5.211
"Paur","30",2019,35.788,53.37,10.697,67.63932,1,NA,-0.391136613652663,-0.275537861779434,-0.325061524965401,-0.36798780772124,5.211
"Paur","30",2020,35.788,53.37,10.697,67.63932,1,0,-0.391136613652663,-0.275537861779434,-0.325061524965401,-0.36798780772124,5.211
"Paur","30",2021,35.788,53.37,10.697,67.63932,1,0,-0.391136613652663,-0.275537861779434,-0.325061524965401,-0.36798780772124,5.211
"Paur","30",2022,35.788,53.37,10.697,67.63932,1,0,-0.391136613652663,-0.275537861779434,-0.325061524965401,-0.36798780772124,5.211
"Paur","30",2023,35.788,53.37,10.697,67.63932,1,0,-0.391136613652663,-0.275537861779434,-0.325061524965401,-0.36798780772124,5.211
"Paur","30",2024,35.788,53.37,10.697,67.63932,1,0,-0.391136613652663,-0.275537861779434,-0.325061524965401,-0.36798780772124,5.211
"Paur","30",2025,35.788,53.37,10.697,67.63932,1,1,-0.391136613652663,-0.275537861779434,-0.325061524965401,-0.36798780772124,5.211
"Paur","304",2013,36.38,57.859,9.654,72.76,2,0,-0.380367961016175,-0.139983164684887,-0.569842342870444,-0.34157757620576,4.168
"Paur","304",2014,36.38,57.859,9.654,72.76,2,0,-0.380367961016175,-0.139983164684887,-0.569842342870444,-0.34157757620576,4.168
"Paur","304",2015,36.38,57.859,9.654,72.76,2,0,-0.380367961016175,-0.139983164684887,-0.569842342870444,-0.34157757620576,4.168
"Paur","304",2016,36.38,57.859,9.654,72.76,2,0,-0.380367961016175,-0.139983164684887,-0.569842342870444,-0.34157757620576,4.168
"Paur","304",2017,36.38,57.859,9.654,72.76,2,0,-0.380367961016175,-0.139983164684887,-0.569842342870444,-0.34157757620576,4.168
"Paur","304",2018,36.38,57.859,9.654,72.76,2,0,-0.380367961016175,-0.139983164684887,-0.569842342870444,-0.34157757620576,4.168
"Paur","304",2019,36.38,57.859,9.654,72.76,2,0,-0.380367961016175,-0.139983164684887,-0.569842342870444,-0.34157757620576,4.168
"Paur","304",2020,36.38,57.859,9.654,72.76,2,0,-0.380367961016175,-0.139983164684887,-0.569842342870444,-0.34157757620576,4.168
"Paur","304",2021,36.38,57.859,9.654,72.76,2,0,-0.380367961016175,-0.139983164684887,-0.569842342870444,-0.34157757620576,4.168
"Paur","304",2022,36.38,57.859,9.654,72.76,2,0,-0.380367961016175,-0.139983164684887,-0.569842342870444,-0.34157757620576,4.168
"Paur","304",2023,36.38,57.859,9.654,72.76,2,0,-0.380367961016175,-0.139983164684887,-0.569842342870444,-0.34157757620576,4.168
"Paur","304",2024,36.38,57.859,9.654,72.76,2,0,-0.380367961016175,-0.139983164684887,-0.569842342870444,-0.34157757620576,4.168
"Paur","304",2025,36.38,57.859,9.654,72.76,2,0,-0.380367961016175,-0.139983164684887,-0.569842342870444,-0.34157757620576,4.168
"Paur","306",2013,44.796,58.496,8.832,89.592,2,0,-0.227278466778529,-0.120747624018987,-0.76275685132485,-0.254765469831499,3.346
"Paur","306",2014,44.796,58.496,8.832,89.592,2,0,-0.227278466778529,-0.120747624018987,-0.76275685132485,-0.254765469831499,3.346
"Paur","306",2015,44.796,58.496,8.832,89.592,2,0,-0.227278466778529,-0.120747624018987,-0.76275685132485,-0.254765469831499,3.346
"Paur","306",2016,44.796,58.496,8.832,89.592,2,0,-0.227278466778529,-0.120747624018987,-0.76275685132485,-0.254765469831499,3.346
"Paur","306",2017,44.796,58.496,8.832,89.592,2,NA,-0.227278466778529,-0.120747624018987,-0.76275685132485,-0.254765469831499,3.346
"Paur","306",2018,44.796,58.496,8.832,89.592,2,NA,-0.227278466778529,-0.120747624018987,-0.76275685132485,-0.254765469831499,3.346
"Paur","306",2019,44.796,58.496,8.832,89.592,2,0,-0.227278466778529,-0.120747624018987,-0.76275685132485,-0.254765469831499,3.346
"Paur","306",2020,44.796,58.496,8.832,89.592,2,0,-0.227278466778529,-0.120747624018987,-0.76275685132485,-0.254765469831499,3.346
"Paur","306",2021,44.796,58.496,8.832,89.592,2,0,-0.227278466778529,-0.120747624018987,-0.76275685132485,-0.254765469831499,3.346
"Paur","306",2022,44.796,58.496,8.832,89.592,2,0,-0.227278466778529,-0.120747624018987,-0.76275685132485,-0.254765469831499,3.346
"Paur","306",2023,44.796,58.496,8.832,89.592,2,0,-0.227278466778529,-0.120747624018987,-0.76275685132485,-0.254765469831499,3.346
"Paur","306",2024,44.796,58.496,8.832,89.592,2,0,-0.227278466778529,-0.120747624018987,-0.76275685132485,-0.254765469831499,3.346
"Paur","306",2025,44.796,58.496,8.832,89.592,2,0,-0.227278466778529,-0.120747624018987,-0.76275685132485,-0.254765469831499,3.346
"Paur","308",2013,72.474,80.904,10.944,144.948,3,1,0.276192424560534,0.555908569452743,-0.267093296755865,0.0307366071916462,5.458
"Paur","308",2014,72.474,80.904,10.944,144.948,3,0,0.276192424560534,0.555908569452743,-0.267093296755865,0.0307366071916462,5.458
"Paur","308",2015,72.474,80.904,10.944,144.948,3,1,0.276192424560534,0.555908569452743,-0.267093296755865,0.0307366071916462,5.458
"Paur","308",2016,72.474,80.904,10.944,144.948,3,0,0.276192424560534,0.555908569452743,-0.267093296755865,0.0307366071916462,5.458
"Paur","308",2017,72.474,80.904,10.944,144.948,3,0,0.276192424560534,0.555908569452743,-0.267093296755865,0.0307366071916462,5.458
"Paur","308",2018,72.474,80.904,10.944,144.948,3,1,0.276192424560534,0.555908569452743,-0.267093296755865,0.0307366071916462,5.458
"Paur","308",2019,72.474,80.904,10.944,144.948,3,2,0.276192424560534,0.555908569452743,-0.267093296755865,0.0307366071916462,5.458
"Paur","308",2020,72.474,80.904,10.944,144.948,3,0,0.276192424560534,0.555908569452743,-0.267093296755865,0.0307366071916462,5.458
"Paur","308",2021,72.474,80.904,10.944,144.948,3,0,0.276192424560534,0.555908569452743,-0.267093296755865,0.0307366071916462,5.458
"Paur","308",2022,72.474,80.904,10.944,144.948,3,1,0.276192424560534,0.555908569452743,-0.267093296755865,0.0307366071916462,5.458
"Paur","308",2023,72.474,80.904,10.944,144.948,3,0,0.276192424560534,0.555908569452743,-0.267093296755865,0.0307366071916462,5.458
"Paur","308",2024,72.474,80.904,10.944,144.948,3,0,0.276192424560534,0.555908569452743,-0.267093296755865,0.0307366071916462,5.458
"Paur","308",2025,72.474,80.904,10.944,144.948,3,0,0.276192424560534,0.555908569452743,-0.267093296755865,0.0307366071916462,5.458
"Paur","309",2013,37.953,47.839,8.916,75.906,1,0,-0.351754632304695,-0.442557917388687,-0.743042959949947,-0.325351881894126,3.43
"Paur","309",2014,37.953,47.839,8.916,75.906,1,0,-0.351754632304695,-0.442557917388687,-0.743042959949947,-0.325351881894126,3.43
"Paur","309",2015,37.953,47.839,8.916,75.906,1,0,-0.351754632304695,-0.442557917388687,-0.743042959949947,-0.325351881894126,3.43
"Paur","309",2016,37.953,47.839,8.916,75.906,1,0,-0.351754632304695,-0.442557917388687,-0.743042959949947,-0.325351881894126,3.43
"Paur","309",2017,37.953,47.839,8.916,75.906,1,1,-0.351754632304695,-0.442557917388687,-0.743042959949947,-0.325351881894126,3.43
"Paur","309",2018,37.953,47.839,8.916,75.906,1,1,-0.351754632304695,-0.442557917388687,-0.743042959949947,-0.325351881894126,3.43
"Paur","309",2019,37.953,47.839,8.916,75.906,1,0,-0.351754632304695,-0.442557917388687,-0.743042959949947,-0.325351881894126,3.43
"Paur","309",2020,37.953,47.839,8.916,75.906,1,0,-0.351754632304695,-0.442557917388687,-0.743042959949947,-0.325351881894126,3.43
"Paur","309",2021,37.953,47.839,8.916,75.906,1,0,-0.351754632304695,-0.442557917388687,-0.743042959949947,-0.325351881894126,3.43
"Paur","309",2022,37.953,47.839,8.916,75.906,1,0,-0.351754632304695,-0.442557917388687,-0.743042959949947,-0.325351881894126,3.43
"Paur","309",2023,37.953,47.839,8.916,75.906,1,0,-0.351754632304695,-0.442557917388687,-0.743042959949947,-0.325351881894126,3.43
"Paur","309",2024,37.953,47.839,8.916,75.906,1,0,-0.351754632304695,-0.442557917388687,-0.743042959949947,-0.325351881894126,3.43
"Paur","309",2025,37.953,47.839,8.916,75.906,1,0,-0.351754632304695,-0.442557917388687,-0.743042959949947,-0.325351881894126,3.43
"Paur","31",2013,39.998,55.005,7.743,79.996,3,NA,-0.314555485950609,-0.226165634167586,-1.01833337164948,-0.304257447776331,2.257
"Paur","31",2014,39.998,55.005,7.743,79.996,3,NA,-0.314555485950609,-0.226165634167586,-1.01833337164948,-0.304257447776331,2.257
"Paur","31",2015,39.998,55.005,7.743,79.996,3,NA,-0.314555485950609,-0.226165634167586,-1.01833337164948,-0.304257447776331,2.257
"Paur","31",2016,39.998,55.005,7.743,79.996,3,NA,-0.314555485950609,-0.226165634167586,-1.01833337164948,-0.304257447776331,2.257
"Paur","31",2017,39.998,55.005,7.743,79.996,3,NA,-0.314555485950609,-0.226165634167586,-1.01833337164948,-0.304257447776331,2.257
"Paur","31",2018,39.998,55.005,7.743,79.996,3,NA,-0.314555485950609,-0.226165634167586,-1.01833337164948,-0.304257447776331,2.257
"Paur","31",2019,39.998,55.005,7.743,79.996,3,NA,-0.314555485950609,-0.226165634167586,-1.01833337164948,-0.304257447776331,2.257
"Paur","31",2020,39.998,55.005,7.743,79.996,3,0,-0.314555485950609,-0.226165634167586,-1.01833337164948,-0.304257447776331,2.257
"Paur","31",2021,39.998,55.005,7.743,79.996,3,NA,-0.314555485950609,-0.226165634167586,-1.01833337164948,-0.304257447776331,2.257
"Paur","31",2022,39.998,55.005,7.743,79.996,3,NA,-0.314555485950609,-0.226165634167586,-1.01833337164948,-0.304257447776331,2.257
"Paur","31",2023,39.998,55.005,7.743,79.996,3,NA,-0.314555485950609,-0.226165634167586,-1.01833337164948,-0.304257447776331,2.257
"Paur","31",2024,39.998,55.005,7.743,79.996,3,0,-0.314555485950609,-0.226165634167586,-1.01833337164948,-0.304257447776331,2.257
"Paur","31",2025,39.998,55.005,7.743,79.996,3,0,-0.314555485950609,-0.226165634167586,-1.01833337164948,-0.304257447776331,2.257
"Paur","312",2013,42.042,50.393,10.597,84.084,1,0,-0.277374529888139,-0.365434572238437,-0.348530443268856,-0.283173328785244,5.111
"Paur","312",2014,42.042,50.393,10.597,84.084,1,0,-0.277374529888139,-0.365434572238437,-0.348530443268856,-0.283173328785244,5.111
"Paur","312",2015,42.042,50.393,10.597,84.084,1,0,-0.277374529888139,-0.365434572238437,-0.348530443268856,-0.283173328785244,5.111
"Paur","312",2016,42.042,50.393,10.597,84.084,1,0,-0.277374529888139,-0.365434572238437,-0.348530443268856,-0.283173328785244,5.111
"Paur","312",2017,42.042,50.393,10.597,84.084,1,0,-0.277374529888139,-0.365434572238437,-0.348530443268856,-0.283173328785244,5.111
"Paur","312",2018,42.042,50.393,10.597,84.084,1,0,-0.277374529888139,-0.365434572238437,-0.348530443268856,-0.283173328785244,5.111
"Paur","312",2019,42.042,50.393,10.597,84.084,1,2,-0.277374529888139,-0.365434572238437,-0.348530443268856,-0.283173328785244,5.111
"Paur","312",2020,42.042,50.393,10.597,84.084,1,0,-0.277374529888139,-0.365434572238437,-0.348530443268856,-0.283173328785244,5.111
"Paur","312",2021,42.042,50.393,10.597,84.084,1,0,-0.277374529888139,-0.365434572238437,-0.348530443268856,-0.283173328785244,5.111
"Paur","312",2022,42.042,50.393,10.597,84.084,1,NA,-0.277374529888139,-0.365434572238437,-0.348530443268856,-0.283173328785244,5.111
"Paur","312",2023,42.042,50.393,10.597,84.084,1,0,-0.277374529888139,-0.365434572238437,-0.348530443268856,-0.283173328785244,5.111
"Paur","312",2024,42.042,50.393,10.597,84.084,1,0,-0.277374529888139,-0.365434572238437,-0.348530443268856,-0.283173328785244,5.111
"Paur","312",2025,42.042,50.393,10.597,84.084,1,0,-0.277374529888139,-0.365434572238437,-0.348530443268856,-0.283173328785244,5.111
"Paur","314",2013,48.58,65.034,12.959,97.16,1,0,-0.158446403304759,0.0766808922661869,0.205805407058768,-0.215733030368547,7.473
"Paur","314",2014,48.58,65.034,12.959,97.16,1,0,-0.158446403304759,0.0766808922661869,0.205805407058768,-0.215733030368547,7.473
"Paur","314",2015,48.58,65.034,12.959,97.16,1,0,-0.158446403304759,0.0766808922661869,0.205805407058768,-0.215733030368547,7.473
"Paur","314",2016,48.58,65.034,12.959,97.16,1,0,-0.158446403304759,0.0766808922661869,0.205805407058768,-0.215733030368547,7.473
"Paur","314",2017,48.58,65.034,12.959,97.16,1,0,-0.158446403304759,0.0766808922661869,0.205805407058768,-0.215733030368547,7.473
"Paur","314",2018,48.58,65.034,12.959,97.16,1,0,-0.158446403304759,0.0766808922661869,0.205805407058768,-0.215733030368547,7.473
"Paur","314",2019,48.58,65.034,12.959,97.16,1,0,-0.158446403304759,0.0766808922661869,0.205805407058768,-0.215733030368547,7.473
"Paur","314",2020,48.58,65.034,12.959,97.16,1,0,-0.158446403304759,0.0766808922661869,0.205805407058768,-0.215733030368547,7.473
"Paur","314",2021,48.58,65.034,12.959,97.16,1,NA,-0.158446403304759,0.0766808922661869,0.205805407058768,-0.215733030368547,7.473
"Paur","314",2022,48.58,65.034,12.959,97.16,1,0,-0.158446403304759,0.0766808922661869,0.205805407058768,-0.215733030368547,7.473
"Paur","314",2023,48.58,65.034,12.959,97.16,1,0,-0.158446403304759,0.0766808922661869,0.205805407058768,-0.215733030368547,7.473
"Paur","314",2024,48.58,65.034,12.959,97.16,1,0,-0.158446403304759,0.0766808922661869,0.205805407058768,-0.215733030368547,7.473
"Paur","314",2025,48.58,65.034,12.959,97.16,1,0,-0.158446403304759,0.0766808922661869,0.205805407058768,-0.215733030368547,7.473
"Paur","316",2013,76.844,92.008,11.308,153.688,2,NA,0.355683998921098,0.891216958077792,-0.181666434131286,0.0758137109054674,5.822
"Paur","316",2014,76.844,92.008,11.308,153.688,2,NA,0.355683998921098,0.891216958077792,-0.181666434131286,0.0758137109054674,5.822
"Paur","316",2015,76.844,92.008,11.308,153.688,2,0,0.355683998921098,0.891216958077792,-0.181666434131286,0.0758137109054674,5.822
"Paur","316",2016,76.844,92.008,11.308,153.688,2,1,0.355683998921098,0.891216958077792,-0.181666434131286,0.0758137109054674,5.822
"Paur","316",2017,76.844,92.008,11.308,153.688,2,NA,0.355683998921098,0.891216958077792,-0.181666434131286,0.0758137109054674,5.822
"Paur","316",2018,76.844,92.008,11.308,153.688,2,2,0.355683998921098,0.891216958077792,-0.181666434131286,0.0758137109054674,5.822
"Paur","316",2019,76.844,92.008,11.308,153.688,2,0,0.355683998921098,0.891216958077792,-0.181666434131286,0.0758137109054674,5.822
"Paur","316",2020,76.844,92.008,11.308,153.688,2,NA,0.355683998921098,0.891216958077792,-0.181666434131286,0.0758137109054674,5.822
"Paur","316",2021,76.844,92.008,11.308,153.688,2,3,0.355683998921098,0.891216958077792,-0.181666434131286,0.0758137109054674,5.822
"Paur","316",2022,76.844,92.008,11.308,153.688,2,NA,0.355683998921098,0.891216958077792,-0.181666434131286,0.0758137109054674,5.822
"Paur","316",2023,76.844,92.008,11.308,153.688,2,NA,0.355683998921098,0.891216958077792,-0.181666434131286,0.0758137109054674,5.822
"Paur","316",2024,76.844,92.008,11.308,153.688,2,NA,0.355683998921098,0.891216958077792,-0.181666434131286,0.0758137109054674,5.822
"Paur","316",2025,76.844,92.008,11.308,153.688,2,2,0.355683998921098,0.891216958077792,-0.181666434131286,0.0758137109054674,5.822
"Paur","33",2013,36.519,58.996,6.607,73.038,3,NA,-0.377839510481594,-0.105649083464905,-1.28494028357674,-0.340143773593353,1.121
"Paur","33",2014,36.519,58.996,6.607,73.038,3,NA,-0.377839510481594,-0.105649083464905,-1.28494028357674,-0.340143773593353,1.121
"Paur","33",2015,36.519,58.996,6.607,73.038,3,NA,-0.377839510481594,-0.105649083464905,-1.28494028357674,-0.340143773593353,1.121
"Paur","33",2016,36.519,58.996,6.607,73.038,3,NA,-0.377839510481594,-0.105649083464905,-1.28494028357674,-0.340143773593353,1.121
"Paur","33",2017,36.519,58.996,6.607,73.038,3,NA,-0.377839510481594,-0.105649083464905,-1.28494028357674,-0.340143773593353,1.121
"Paur","33",2018,36.519,58.996,6.607,73.038,3,NA,-0.377839510481594,-0.105649083464905,-1.28494028357674,-0.340143773593353,1.121
"Paur","33",2019,36.519,58.996,6.607,73.038,3,NA,-0.377839510481594,-0.105649083464905,-1.28494028357674,-0.340143773593353,1.121
"Paur","33",2020,36.519,58.996,6.607,73.038,3,0,-0.377839510481594,-0.105649083464905,-1.28494028357674,-0.340143773593353,1.121
"Paur","33",2021,36.519,58.996,6.607,73.038,3,NA,-0.377839510481594,-0.105649083464905,-1.28494028357674,-0.340143773593353,1.121
"Paur","33",2022,36.519,58.996,6.607,73.038,3,NA,-0.377839510481594,-0.105649083464905,-1.28494028357674,-0.340143773593353,1.121
"Paur","33",2023,36.519,58.996,6.607,73.038,3,NA,-0.377839510481594,-0.105649083464905,-1.28494028357674,-0.340143773593353,1.121
"Paur","33",2024,36.519,58.996,6.607,73.038,3,0,-0.377839510481594,-0.105649083464905,-1.28494028357674,-0.340143773593353,1.121
"Paur","33",2025,36.519,58.996,6.607,73.038,3,0,-0.377839510481594,-0.105649083464905,-1.28494028357674,-0.340143773593353,1.121
"Paur","352",2013,43.122,63.694,7.816,77.6196,3,1,-0.257729014943194,0.0362168035812475,-1.00120106128796,-0.316513881330739,2.33
"Paur","352",2014,43.122,63.694,7.816,77.6196,3,0,-0.257729014943194,0.0362168035812475,-1.00120106128796,-0.316513881330739,2.33
"Paur","352",2015,43.122,63.694,7.816,77.6196,3,0,-0.257729014943194,0.0362168035812475,-1.00120106128796,-0.316513881330739,2.33
"Paur","352",2016,43.122,63.694,7.816,77.6196,3,1,-0.257729014943194,0.0362168035812475,-1.00120106128796,-0.316513881330739,2.33
"Paur","352",2017,43.122,63.694,7.816,77.6196,3,0,-0.257729014943194,0.0362168035812475,-1.00120106128796,-0.316513881330739,2.33
"Paur","352",2018,43.122,63.694,7.816,77.6196,3,0,-0.257729014943194,0.0362168035812475,-1.00120106128796,-0.316513881330739,2.33
"Paur","352",2019,43.122,63.694,7.816,77.6196,3,0,-0.257729014943194,0.0362168035812475,-1.00120106128796,-0.316513881330739,2.33
"Paur","352",2020,43.122,63.694,7.816,77.6196,3,0,-0.257729014943194,0.0362168035812475,-1.00120106128796,-0.316513881330739,2.33
"Paur","352",2021,43.122,63.694,7.816,77.6196,3,0,-0.257729014943194,0.0362168035812475,-1.00120106128796,-0.316513881330739,2.33
"Paur","352",2022,43.122,63.694,7.816,77.6196,3,0,-0.257729014943194,0.0362168035812475,-1.00120106128796,-0.316513881330739,2.33
"Paur","352",2023,43.122,63.694,7.816,77.6196,3,0,-0.257729014943194,0.0362168035812475,-1.00120106128796,-0.316513881330739,2.33
"Paur","352",2024,43.122,63.694,7.816,77.6196,3,NA,-0.257729014943194,0.0362168035812475,-1.00120106128796,-0.316513881330739,2.33
"Paur","352",2025,43.122,63.694,7.816,77.6196,3,0,-0.257729014943194,0.0362168035812475,-1.00120106128796,-0.316513881330739,2.33
"Paur","38",2013,26.275,33.583,14.835,52.55,1,NA,-0.56418085779272,-0.873047505666667,0.646082314431598,-0.445811931589779,9.349
"Paur","38",2014,26.275,33.583,14.835,52.55,1,NA,-0.56418085779272,-0.873047505666667,0.646082314431598,-0.445811931589779,9.349
"Paur","38",2015,26.275,33.583,14.835,52.55,1,NA,-0.56418085779272,-0.873047505666667,0.646082314431598,-0.445811931589779,9.349
"Paur","38",2016,26.275,33.583,14.835,52.55,1,NA,-0.56418085779272,-0.873047505666667,0.646082314431598,-0.445811931589779,9.349
"Paur","38",2017,26.275,33.583,14.835,52.55,1,NA,-0.56418085779272,-0.873047505666667,0.646082314431598,-0.445811931589779,9.349
"Paur","38",2018,26.275,33.583,14.835,52.55,1,NA,-0.56418085779272,-0.873047505666667,0.646082314431598,-0.445811931589779,9.349
"Paur","38",2019,26.275,33.583,14.835,52.55,1,0,-0.56418085779272,-0.873047505666667,0.646082314431598,-0.445811931589779,9.349
"Paur","38",2020,26.275,33.583,14.835,52.55,1,0,-0.56418085779272,-0.873047505666667,0.646082314431598,-0.445811931589779,9.349
"Paur","38",2021,26.275,33.583,14.835,52.55,1,0,-0.56418085779272,-0.873047505666667,0.646082314431598,-0.445811931589779,9.349
"Paur","38",2022,26.275,33.583,14.835,52.55,1,0,-0.56418085779272,-0.873047505666667,0.646082314431598,-0.445811931589779,9.349
"Paur","38",2023,26.275,33.583,14.835,52.55,1,0,-0.56418085779272,-0.873047505666667,0.646082314431598,-0.445811931589779,9.349
"Paur","38",2024,26.275,33.583,14.835,52.55,1,0,-0.56418085779272,-0.873047505666667,0.646082314431598,-0.445811931589779,9.349
"Paur","38",2025,26.275,33.583,14.835,52.55,1,0,-0.56418085779272,-0.873047505666667,0.646082314431598,-0.445811931589779,9.349
"Paur","384",2013,40.625,54.586,10.657,81.25,1,1,-0.303150173107571,-0.238818211151907,-0.334449092286783,-0.297789863330435,5.171
"Paur","384",2014,40.625,54.586,10.657,81.25,1,0,-0.303150173107571,-0.238818211151907,-0.334449092286783,-0.297789863330435,5.171
"Paur","384",2015,40.625,54.586,10.657,81.25,1,1,-0.303150173107571,-0.238818211151907,-0.334449092286783,-0.297789863330435,5.171
"Paur","384",2016,40.625,54.586,10.657,81.25,1,0,-0.303150173107571,-0.238818211151907,-0.334449092286783,-0.297789863330435,5.171
"Paur","384",2017,40.625,54.586,10.657,81.25,1,1,-0.303150173107571,-0.238818211151907,-0.334449092286783,-0.297789863330435,5.171
"Paur","384",2018,40.625,54.586,10.657,81.25,1,1,-0.303150173107571,-0.238818211151907,-0.334449092286783,-0.297789863330435,5.171
"Paur","384",2019,40.625,54.586,10.657,81.25,1,0,-0.303150173107571,-0.238818211151907,-0.334449092286783,-0.297789863330435,5.171
"Paur","384",2020,40.625,54.586,10.657,81.25,1,2,-0.303150173107571,-0.238818211151907,-0.334449092286783,-0.297789863330435,5.171
"Paur","384",2021,40.625,54.586,10.657,81.25,1,2,-0.303150173107571,-0.238818211151907,-0.334449092286783,-0.297789863330435,5.171
"Paur","384",2022,40.625,54.586,10.657,81.25,1,1,-0.303150173107571,-0.238818211151907,-0.334449092286783,-0.297789863330435,5.171
"Paur","384",2023,40.625,54.586,10.657,81.25,1,0,-0.303150173107571,-0.238818211151907,-0.334449092286783,-0.297789863330435,5.171
"Paur","384",2024,40.625,54.586,10.657,81.25,1,0,-0.303150173107571,-0.238818211151907,-0.334449092286783,-0.297789863330435,5.171
"Paur","384",2025,40.625,54.586,10.657,81.25,1,0,-0.303150173107571,-0.238818211151907,-0.334449092286783,-0.297789863330435,5.171
"Paur","40",2013,30.913,38.64,12.882,61.826,1,NA,-0.479814285279151,-0.720340866502684,0.187734339965107,-0.397970373918223,7.396
"Paur","40",2014,30.913,38.64,12.882,61.826,1,NA,-0.479814285279151,-0.720340866502684,0.187734339965107,-0.397970373918223,7.396
"Paur","40",2015,30.913,38.64,12.882,61.826,1,0,-0.479814285279151,-0.720340866502684,0.187734339965107,-0.397970373918223,7.396
"Paur","40",2016,30.913,38.64,12.882,61.826,1,0,-0.479814285279151,-0.720340866502684,0.187734339965107,-0.397970373918223,7.396
"Paur","40",2017,30.913,38.64,12.882,61.826,1,0,-0.479814285279151,-0.720340866502684,0.187734339965107,-0.397970373918223,7.396
"Paur","40",2018,30.913,38.64,12.882,61.826,1,NA,-0.479814285279151,-0.720340866502684,0.187734339965107,-0.397970373918223,7.396
"Paur","40",2019,30.913,38.64,12.882,61.826,1,0,-0.479814285279151,-0.720340866502684,0.187734339965107,-0.397970373918223,7.396
"Paur","40",2020,30.913,38.64,12.882,61.826,1,0,-0.479814285279151,-0.720340866502684,0.187734339965107,-0.397970373918223,7.396
"Paur","40",2021,30.913,38.64,12.882,61.826,1,0,-0.479814285279151,-0.720340866502684,0.187734339965107,-0.397970373918223,7.396
"Paur","40",2022,30.913,38.64,12.882,61.826,1,0,-0.479814285279151,-0.720340866502684,0.187734339965107,-0.397970373918223,7.396
"Paur","40",2023,30.913,38.64,12.882,61.826,1,0,-0.479814285279151,-0.720340866502684,0.187734339965107,-0.397970373918223,7.396
"Paur","40",2024,30.913,38.64,12.882,61.826,1,0,-0.479814285279151,-0.720340866502684,0.187734339965107,-0.397970373918223,7.396
"Paur","40",2025,30.913,38.64,12.882,61.826,1,0,-0.479814285279151,-0.720340866502684,0.187734339965107,-0.397970373918223,7.396
"Paur","420",2013,40.883,55.481,12.467,81.766,1,0,-0.298457077870723,-0.2117918235601,0.090338329005766,-0.295128560639779,6.981
"Paur","420",2014,40.883,55.481,12.467,81.766,1,0,-0.298457077870723,-0.2117918235601,0.090338329005766,-0.295128560639779,6.981
"Paur","420",2015,40.883,55.481,12.467,81.766,1,0,-0.298457077870723,-0.2117918235601,0.090338329005766,-0.295128560639779,6.981
"Paur","420",2016,40.883,55.481,12.467,81.766,1,0,-0.298457077870723,-0.2117918235601,0.090338329005766,-0.295128560639779,6.981
"Paur","420",2017,40.883,55.481,12.467,81.766,1,0,-0.298457077870723,-0.2117918235601,0.090338329005766,-0.295128560639779,6.981
"Paur","420",2018,40.883,55.481,12.467,81.766,1,0,-0.298457077870723,-0.2117918235601,0.090338329005766,-0.295128560639779,6.981
"Paur","420",2019,40.883,55.481,12.467,81.766,1,0,-0.298457077870723,-0.2117918235601,0.090338329005766,-0.295128560639779,6.981
"Paur","420",2020,40.883,55.481,12.467,81.766,1,0,-0.298457077870723,-0.2117918235601,0.090338329005766,-0.295128560639779,6.981
"Paur","420",2021,40.883,55.481,12.467,81.766,1,0,-0.298457077870723,-0.2117918235601,0.090338329005766,-0.295128560639779,6.981
"Paur","420",2022,40.883,55.481,12.467,81.766,1,0,-0.298457077870723,-0.2117918235601,0.090338329005766,-0.295128560639779,6.981
"Paur","420",2023,40.883,55.481,12.467,81.766,1,0,-0.298457077870723,-0.2117918235601,0.090338329005766,-0.295128560639779,6.981
"Paur","420",2024,40.883,55.481,12.467,81.766,1,0,-0.298457077870723,-0.2117918235601,0.090338329005766,-0.295128560639779,6.981
"Paur","420",2025,40.883,55.481,12.467,81.766,1,0,-0.298457077870723,-0.2117918235601,0.090338329005766,-0.295128560639779,6.981
"Paur","427",2013,41.504,54.707,11.328,83.008,1,0,-0.28716090677738,-0.235164364337819,-0.176972650470595,-0.288722866954131,5.842
"Paur","427",2014,41.504,54.707,11.328,83.008,1,0,-0.28716090677738,-0.235164364337819,-0.176972650470595,-0.288722866954131,5.842
"Paur","427",2015,41.504,54.707,11.328,83.008,1,0,-0.28716090677738,-0.235164364337819,-0.176972650470595,-0.288722866954131,5.842
"Paur","427",2016,41.504,54.707,11.328,83.008,1,0,-0.28716090677738,-0.235164364337819,-0.176972650470595,-0.288722866954131,5.842
"Paur","427",2017,41.504,54.707,11.328,83.008,1,NA,-0.28716090677738,-0.235164364337819,-0.176972650470595,-0.288722866954131,5.842
"Paur","427",2018,41.504,54.707,11.328,83.008,1,0,-0.28716090677738,-0.235164364337819,-0.176972650470595,-0.288722866954131,5.842
"Paur","427",2019,41.504,54.707,11.328,83.008,1,0,-0.28716090677738,-0.235164364337819,-0.176972650470595,-0.288722866954131,5.842
"Paur","427",2020,41.504,54.707,11.328,83.008,1,0,-0.28716090677738,-0.235164364337819,-0.176972650470595,-0.288722866954131,5.842
"Paur","427",2021,41.504,54.707,11.328,83.008,1,0,-0.28716090677738,-0.235164364337819,-0.176972650470595,-0.288722866954131,5.842
"Paur","427",2022,41.504,54.707,11.328,83.008,1,0,-0.28716090677738,-0.235164364337819,-0.176972650470595,-0.288722866954131,5.842
"Paur","427",2023,41.504,54.707,11.328,83.008,1,0,-0.28716090677738,-0.235164364337819,-0.176972650470595,-0.288722866954131,5.842
"Paur","427",2024,41.504,54.707,11.328,83.008,1,0,-0.28716090677738,-0.235164364337819,-0.176972650470595,-0.288722866954131,5.842
"Paur","427",2025,41.504,54.707,11.328,83.008,1,0,-0.28716090677738,-0.235164364337819,-0.176972650470595,-0.288722866954131,5.842
"Paur","43",2013,22.431,33.49,8.085,44.862,1,0,-0.634104338763432,-0.875855834209726,-0.938069671051664,-0.485463278655209,2.599
"Paur","43",2014,22.431,33.49,8.085,44.862,1,0,-0.634104338763432,-0.875855834209726,-0.938069671051664,-0.485463278655209,2.599
"Paur","43",2015,22.431,33.49,8.085,44.862,1,0,-0.634104338763432,-0.875855834209726,-0.938069671051664,-0.485463278655209,2.599
"Paur","43",2016,22.431,33.49,8.085,44.862,1,0,-0.634104338763432,-0.875855834209726,-0.938069671051664,-0.485463278655209,2.599
"Paur","43",2017,22.431,33.49,8.085,44.862,1,0,-0.634104338763432,-0.875855834209726,-0.938069671051664,-0.485463278655209,2.599
"Paur","43",2018,22.431,33.49,8.085,44.862,1,0,-0.634104338763432,-0.875855834209726,-0.938069671051664,-0.485463278655209,2.599
"Paur","43",2019,22.431,33.49,8.085,44.862,1,0,-0.634104338763432,-0.875855834209726,-0.938069671051664,-0.485463278655209,2.599
"Paur","43",2020,22.431,33.49,8.085,44.862,1,0,-0.634104338763432,-0.875855834209726,-0.938069671051664,-0.485463278655209,2.599
"Paur","43",2021,22.431,33.49,8.085,44.862,1,0,-0.634104338763432,-0.875855834209726,-0.938069671051664,-0.485463278655209,2.599
"Paur","43",2022,22.431,33.49,8.085,44.862,1,0,-0.634104338763432,-0.875855834209726,-0.938069671051664,-0.485463278655209,2.599
"Paur","43",2023,22.431,33.49,8.085,44.862,1,0,-0.634104338763432,-0.875855834209726,-0.938069671051664,-0.485463278655209,2.599
"Paur","43",2024,22.431,33.49,8.085,44.862,1,0,-0.634104338763432,-0.875855834209726,-0.938069671051664,-0.485463278655209,2.599
"Paur","43",2025,22.431,33.49,8.085,44.862,1,0,-0.634104338763432,-0.875855834209726,-0.938069671051664,-0.485463278655209,2.599
"Paur","69",2013,38.787,55.045,11.75,74.85891,1,0,-0.336583929097209,-0.22495775092326,-0.0779338152300117,-0.330752314906449,6.264
"Paur","69",2014,38.787,55.045,11.75,74.85891,1,0,-0.336583929097209,-0.22495775092326,-0.0779338152300117,-0.330752314906449,6.264
"Paur","69",2015,38.787,55.045,11.75,74.85891,1,0,-0.336583929097209,-0.22495775092326,-0.0779338152300117,-0.330752314906449,6.264
"Paur","69",2016,38.787,55.045,11.75,74.85891,1,0,-0.336583929097209,-0.22495775092326,-0.0779338152300117,-0.330752314906449,6.264
"Paur","69",2017,38.787,55.045,11.75,74.85891,1,NA,-0.336583929097209,-0.22495775092326,-0.0779338152300117,-0.330752314906449,6.264
"Paur","69",2018,38.787,55.045,11.75,74.85891,1,0,-0.336583929097209,-0.22495775092326,-0.0779338152300117,-0.330752314906449,6.264
"Paur","69",2019,38.787,55.045,11.75,74.85891,1,0,-0.336583929097209,-0.22495775092326,-0.0779338152300117,-0.330752314906449,6.264
"Paur","69",2020,38.787,55.045,11.75,74.85891,1,0,-0.336583929097209,-0.22495775092326,-0.0779338152300117,-0.330752314906449,6.264
"Paur","69",2021,38.787,55.045,11.75,74.85891,1,0,-0.336583929097209,-0.22495775092326,-0.0779338152300117,-0.330752314906449,6.264
"Paur","69",2022,38.787,55.045,11.75,74.85891,1,0,-0.336583929097209,-0.22495775092326,-0.0779338152300117,-0.330752314906449,6.264
"Paur","69",2023,38.787,55.045,11.75,74.85891,1,0,-0.336583929097209,-0.22495775092326,-0.0779338152300117,-0.330752314906449,6.264
"Paur","69",2024,38.787,55.045,11.75,74.85891,1,0,-0.336583929097209,-0.22495775092326,-0.0779338152300117,-0.330752314906449,6.264
"Paur","69",2025,38.787,55.045,11.75,74.85891,1,0,-0.336583929097209,-0.22495775092326,-0.0779338152300117,-0.330752314906449,6.264
"Paur","7",2013,176.048,184.846,25.985,441.139,4,1,2.16023368836399,3.69465357399749,3.26286670526691,1.55836045457156,20.499
"Paur","7",2014,176.048,184.846,25.985,441.139,4,2,2.16023368836399,3.69465357399749,3.26286670526691,1.55836045457156,20.499
"Paur","7",2015,176.048,184.846,25.985,441.139,4,1,2.16023368836399,3.69465357399749,3.26286670526691,1.55836045457156,20.499
"Paur","7",2016,176.048,184.846,25.985,441.139,4,2,2.16023368836399,3.69465357399749,3.26286670526691,1.55836045457156,20.499
"Paur","7",2017,176.048,184.846,25.985,441.139,4,3,2.16023368836399,3.69465357399749,3.26286670526691,1.55836045457156,20.499
"Paur","7",2018,176.048,184.846,25.985,441.139,4,2,2.16023368836399,3.69465357399749,3.26286670526691,1.55836045457156,20.499
"Paur","7",2019,176.048,184.846,25.985,441.139,4,2,2.16023368836399,3.69465357399749,3.26286670526691,1.55836045457156,20.499
"Paur","7",2020,176.048,184.846,25.985,441.139,4,3,2.16023368836399,3.69465357399749,3.26286670526691,1.55836045457156,20.499
"Paur","7",2021,176.048,184.846,25.985,441.139,4,4,2.16023368836399,3.69465357399749,3.26286670526691,1.55836045457156,20.499
"Paur","7",2022,176.048,184.846,25.985,441.139,4,2,2.16023368836399,3.69465357399749,3.26286670526691,1.55836045457156,20.499
"Paur","7",2023,176.048,184.846,25.985,441.139,4,4,2.16023368836399,3.69465357399749,3.26286670526691,1.55836045457156,20.499
"Paur","7",2024,176.048,184.846,25.985,441.139,4,4,2.16023368836399,3.69465357399749,3.26286670526691,1.55836045457156,20.499
"Paur","7",2025,176.048,184.846,25.985,441.139,4,2,2.16023368836399,3.69465357399749,3.26286670526691,1.55836045457156,20.499
"Paur","70",2013,47.005,56.461,11.786,94.01,2,0,-0.18709611259947,-0.1821986840741,-0.0694850046407677,-0.231979354933597,6.3
"Paur","70",2014,47.005,56.461,11.786,94.01,2,0,-0.18709611259947,-0.1821986840741,-0.0694850046407677,-0.231979354933597,6.3
"Paur","70",2015,47.005,56.461,11.786,94.01,2,0,-0.18709611259947,-0.1821986840741,-0.0694850046407677,-0.231979354933597,6.3
"Paur","70",2016,47.005,56.461,11.786,94.01,2,0,-0.18709611259947,-0.1821986840741,-0.0694850046407677,-0.231979354933597,6.3
"Paur","70",2017,47.005,56.461,11.786,94.01,2,NA,-0.18709611259947,-0.1821986840741,-0.0694850046407677,-0.231979354933597,6.3
"Paur","70",2018,47.005,56.461,11.786,94.01,2,0,-0.18709611259947,-0.1821986840741,-0.0694850046407677,-0.231979354933597,6.3
"Paur","70",2019,47.005,56.461,11.786,94.01,2,0,-0.18709611259947,-0.1821986840741,-0.0694850046407677,-0.231979354933597,6.3
"Paur","70",2020,47.005,56.461,11.786,94.01,2,0,-0.18709611259947,-0.1821986840741,-0.0694850046407677,-0.231979354933597,6.3
"Paur","70",2021,47.005,56.461,11.786,94.01,2,0,-0.18709611259947,-0.1821986840741,-0.0694850046407677,-0.231979354933597,6.3
"Paur","70",2022,47.005,56.461,11.786,94.01,2,0,-0.18709611259947,-0.1821986840741,-0.0694850046407677,-0.231979354933597,6.3
"Paur","70",2023,47.005,56.461,11.786,94.01,2,0,-0.18709611259947,-0.1821986840741,-0.0694850046407677,-0.231979354933597,6.3
"Paur","70",2024,47.005,56.461,11.786,94.01,2,0,-0.18709611259947,-0.1821986840741,-0.0694850046407677,-0.231979354933597,6.3
"Paur","70",2025,47.005,56.461,11.786,94.01,2,0,-0.18709611259947,-0.1821986840741,-0.0694850046407677,-0.231979354933597,6.3
"Paur","72",2013,42.27,52.591,10.996,81.5811,1,0,-0.273227143399762,-0.299061387962693,-0.254889459238068,-0.296082194103931,5.51
"Paur","72",2014,42.27,52.591,10.996,81.5811,1,0,-0.273227143399762,-0.299061387962693,-0.254889459238068,-0.296082194103931,5.51
"Paur","72",2015,42.27,52.591,10.996,81.5811,1,0,-0.273227143399762,-0.299061387962693,-0.254889459238068,-0.296082194103931,5.51
"Paur","72",2016,42.27,52.591,10.996,81.5811,1,0,-0.273227143399762,-0.299061387962693,-0.254889459238068,-0.296082194103931,5.51
"Paur","72",2017,42.27,52.591,10.996,81.5811,1,NA,-0.273227143399762,-0.299061387962693,-0.254889459238068,-0.296082194103931,5.51
"Paur","72",2018,42.27,52.591,10.996,81.5811,1,0,-0.273227143399762,-0.299061387962693,-0.254889459238068,-0.296082194103931,5.51
"Paur","72",2019,42.27,52.591,10.996,81.5811,1,0,-0.273227143399762,-0.299061387962693,-0.254889459238068,-0.296082194103931,5.51
"Paur","72",2020,42.27,52.591,10.996,81.5811,1,0,-0.273227143399762,-0.299061387962693,-0.254889459238068,-0.296082194103931,5.51
"Paur","72",2021,42.27,52.591,10.996,81.5811,1,0,-0.273227143399762,-0.299061387962693,-0.254889459238068,-0.296082194103931,5.51
"Paur","72",2022,42.27,52.591,10.996,81.5811,1,0,-0.273227143399762,-0.299061387962693,-0.254889459238068,-0.296082194103931,5.51
"Paur","72",2023,42.27,52.591,10.996,81.5811,1,0,-0.273227143399762,-0.299061387962693,-0.254889459238068,-0.296082194103931,5.51
"Paur","72",2024,42.27,52.591,10.996,81.5811,1,0,-0.273227143399762,-0.299061387962693,-0.254889459238068,-0.296082194103931,5.51
"Paur","72",2025,42.27,52.591,10.996,81.5811,1,0,-0.273227143399762,-0.299061387962693,-0.254889459238068,-0.296082194103931,5.51
"Paur","73",2013,49.906,56.184,21.589,96.81764,1,0,-0.134326076622354,-0.190563275541061,2.231173056647,-0.217498773758417,16.103
"Paur","73",2014,49.906,56.184,21.589,96.81764,1,0,-0.134326076622354,-0.190563275541061,2.231173056647,-0.217498773758417,16.103
"Paur","73",2015,49.906,56.184,21.589,96.81764,1,0,-0.134326076622354,-0.190563275541061,2.231173056647,-0.217498773758417,16.103
"Paur","73",2016,49.906,56.184,21.589,96.81764,1,0,-0.134326076622354,-0.190563275541061,2.231173056647,-0.217498773758417,16.103
"Paur","73",2017,49.906,56.184,21.589,96.81764,1,NA,-0.134326076622354,-0.190563275541061,2.231173056647,-0.217498773758417,16.103
"Paur","73",2018,49.906,56.184,21.589,96.81764,1,0,-0.134326076622354,-0.190563275541061,2.231173056647,-0.217498773758417,16.103
"Paur","73",2019,49.906,56.184,21.589,96.81764,1,0,-0.134326076622354,-0.190563275541061,2.231173056647,-0.217498773758417,16.103
"Paur","73",2020,49.906,56.184,21.589,96.81764,1,0,-0.134326076622354,-0.190563275541061,2.231173056647,-0.217498773758417,16.103
"Paur","73",2021,49.906,56.184,21.589,96.81764,1,0,-0.134326076622354,-0.190563275541061,2.231173056647,-0.217498773758417,16.103
"Paur","73",2022,49.906,56.184,21.589,96.81764,1,0,-0.134326076622354,-0.190563275541061,2.231173056647,-0.217498773758417,16.103
"Paur","73",2023,49.906,56.184,21.589,96.81764,1,0,-0.134326076622354,-0.190563275541061,2.231173056647,-0.217498773758417,16.103
"Paur","73",2024,49.906,56.184,21.589,96.81764,1,0,-0.134326076622354,-0.190563275541061,2.231173056647,-0.217498773758417,16.103
"Paur","73",2025,49.906,56.184,21.589,96.81764,1,0,-0.134326076622354,-0.190563275541061,2.231173056647,-0.217498773758417,16.103
"Paur","77",2013,27.001,35.016,12.372,51.84192,1,NA,-0.55097470607973,-0.829775088438669,0.0680428566174829,-0.449463899049469,6.886
"Paur","77",2014,27.001,35.016,12.372,51.84192,1,NA,-0.55097470607973,-0.829775088438669,0.0680428566174829,-0.449463899049469,6.886
"Paur","77",2015,27.001,35.016,12.372,51.84192,1,NA,-0.55097470607973,-0.829775088438669,0.0680428566174829,-0.449463899049469,6.886
"Paur","77",2016,27.001,35.016,12.372,51.84192,1,NA,-0.55097470607973,-0.829775088438669,0.0680428566174829,-0.449463899049469,6.886
"Paur","77",2017,27.001,35.016,12.372,51.84192,1,NA,-0.55097470607973,-0.829775088438669,0.0680428566174829,-0.449463899049469,6.886
"Paur","77",2018,27.001,35.016,12.372,51.84192,1,NA,-0.55097470607973,-0.829775088438669,0.0680428566174829,-0.449463899049469,6.886
"Paur","77",2019,27.001,35.016,12.372,51.84192,1,NA,-0.55097470607973,-0.829775088438669,0.0680428566174829,-0.449463899049469,6.886
"Paur","77",2020,27.001,35.016,12.372,51.84192,1,0,-0.55097470607973,-0.829775088438669,0.0680428566174829,-0.449463899049469,6.886
"Paur","77",2021,27.001,35.016,12.372,51.84192,1,0,-0.55097470607973,-0.829775088438669,0.0680428566174829,-0.449463899049469,6.886
"Paur","77",2022,27.001,35.016,12.372,51.84192,1,0,-0.55097470607973,-0.829775088438669,0.0680428566174829,-0.449463899049469,6.886
"Paur","77",2023,27.001,35.016,12.372,51.84192,1,0,-0.55097470607973,-0.829775088438669,0.0680428566174829,-0.449463899049469,6.886
"Paur","77",2024,27.001,35.016,12.372,51.84192,1,0,-0.55097470607973,-0.829775088438669,0.0680428566174829,-0.449463899049469,6.886
"Paur","77",2025,27.001,35.016,12.372,51.84192,1,0,-0.55097470607973,-0.829775088438669,0.0680428566174829,-0.449463899049469,6.886
"Paur","79",2013,36.865,55.823,9.119,68.93755,2,NA,-0.371545669582565,-0.201464421821108,-0.695401055793932,-0.361292104248197,3.633
"Paur","79",2014,36.865,55.823,9.119,68.93755,2,NA,-0.371545669582565,-0.201464421821108,-0.695401055793932,-0.361292104248197,3.633
"Paur","79",2015,36.865,55.823,9.119,68.93755,2,NA,-0.371545669582565,-0.201464421821108,-0.695401055793932,-0.361292104248197,3.633
"Paur","79",2016,36.865,55.823,9.119,68.93755,2,NA,-0.371545669582565,-0.201464421821108,-0.695401055793932,-0.361292104248197,3.633
"Paur","79",2017,36.865,55.823,9.119,68.93755,2,NA,-0.371545669582565,-0.201464421821108,-0.695401055793932,-0.361292104248197,3.633
"Paur","79",2018,36.865,55.823,9.119,68.93755,2,NA,-0.371545669582565,-0.201464421821108,-0.695401055793932,-0.361292104248197,3.633
"Paur","79",2019,36.865,55.823,9.119,68.93755,2,NA,-0.371545669582565,-0.201464421821108,-0.695401055793932,-0.361292104248197,3.633
"Paur","79",2020,36.865,55.823,9.119,68.93755,2,0,-0.371545669582565,-0.201464421821108,-0.695401055793932,-0.361292104248197,3.633
"Paur","79",2021,36.865,55.823,9.119,68.93755,2,0,-0.371545669582565,-0.201464421821108,-0.695401055793932,-0.361292104248197,3.633
"Paur","79",2022,36.865,55.823,9.119,68.93755,2,0,-0.371545669582565,-0.201464421821108,-0.695401055793932,-0.361292104248197,3.633
"Paur","79",2023,36.865,55.823,9.119,68.93755,2,0,-0.371545669582565,-0.201464421821108,-0.695401055793932,-0.361292104248197,3.633
"Paur","79",2024,36.865,55.823,9.119,68.93755,2,0,-0.371545669582565,-0.201464421821108,-0.695401055793932,-0.361292104248197,3.633
"Paur","79",2025,36.865,55.823,9.119,68.93755,2,0,-0.371545669582565,-0.201464421821108,-0.695401055793932,-0.361292104248197,3.633
"Paur","80",2013,33.391,52.322,11.274,66.782,1,NA,-0.434738742655472,-0.307184402780789,-0.189645866354461,-0.372409489935877,5.788
"Paur","80",2014,33.391,52.322,11.274,66.782,1,NA,-0.434738742655472,-0.307184402780789,-0.189645866354461,-0.372409489935877,5.788
"Paur","80",2015,33.391,52.322,11.274,66.782,1,NA,-0.434738742655472,-0.307184402780789,-0.189645866354461,-0.372409489935877,5.788
"Paur","80",2016,33.391,52.322,11.274,66.782,1,NA,-0.434738742655472,-0.307184402780789,-0.189645866354461,-0.372409489935877,5.788
"Paur","80",2017,33.391,52.322,11.274,66.782,1,NA,-0.434738742655472,-0.307184402780789,-0.189645866354461,-0.372409489935877,5.788
"Paur","80",2018,33.391,52.322,11.274,66.782,1,NA,-0.434738742655472,-0.307184402780789,-0.189645866354461,-0.372409489935877,5.788
"Paur","80",2019,33.391,52.322,11.274,66.782,1,NA,-0.434738742655472,-0.307184402780789,-0.189645866354461,-0.372409489935877,5.788
"Paur","80",2020,33.391,52.322,11.274,66.782,1,0,-0.434738742655472,-0.307184402780789,-0.189645866354461,-0.372409489935877,5.788
"Paur","80",2021,33.391,52.322,11.274,66.782,1,0,-0.434738742655472,-0.307184402780789,-0.189645866354461,-0.372409489935877,5.788
"Paur","80",2022,33.391,52.322,11.274,66.782,1,0,-0.434738742655472,-0.307184402780789,-0.189645866354461,-0.372409489935877,5.788
"Paur","80",2023,33.391,52.322,11.274,66.782,1,0,-0.434738742655472,-0.307184402780789,-0.189645866354461,-0.372409489935877,5.788
"Paur","80",2024,33.391,52.322,11.274,66.782,1,0,-0.434738742655472,-0.307184402780789,-0.189645866354461,-0.372409489935877,5.788
"Paur","80",2025,33.391,52.322,11.274,66.782,1,0,-0.434738742655472,-0.307184402780789,-0.189645866354461,-0.372409489935877,5.788
"Paur","82",2013,43.211,55.143,10.897,82.1009,1,0,-0.256110078989398,-0.22199843697466,-0.278123688358489,-0.29340129267253,5.411
"Paur","82",2014,43.211,55.143,10.897,82.1009,1,0,-0.256110078989398,-0.22199843697466,-0.278123688358489,-0.29340129267253,5.411
"Paur","82",2015,43.211,55.143,10.897,82.1009,1,0,-0.256110078989398,-0.22199843697466,-0.278123688358489,-0.29340129267253,5.411
"Paur","82",2016,43.211,55.143,10.897,82.1009,1,0,-0.256110078989398,-0.22199843697466,-0.278123688358489,-0.29340129267253,5.411
"Paur","82",2017,43.211,55.143,10.897,82.1009,1,NA,-0.256110078989398,-0.22199843697466,-0.278123688358489,-0.29340129267253,5.411
"Paur","82",2018,43.211,55.143,10.897,82.1009,1,0,-0.256110078989398,-0.22199843697466,-0.278123688358489,-0.29340129267253,5.411
"Paur","82",2019,43.211,55.143,10.897,82.1009,1,0,-0.256110078989398,-0.22199843697466,-0.278123688358489,-0.29340129267253,5.411
"Paur","82",2020,43.211,55.143,10.897,82.1009,1,0,-0.256110078989398,-0.22199843697466,-0.278123688358489,-0.29340129267253,5.411
"Paur","82",2021,43.211,55.143,10.897,82.1009,1,0,-0.256110078989398,-0.22199843697466,-0.278123688358489,-0.29340129267253,5.411
"Paur","82",2022,43.211,55.143,10.897,82.1009,1,0,-0.256110078989398,-0.22199843697466,-0.278123688358489,-0.29340129267253,5.411
"Paur","82",2023,43.211,55.143,10.897,82.1009,1,0,-0.256110078989398,-0.22199843697466,-0.278123688358489,-0.29340129267253,5.411
"Paur","82",2024,43.211,55.143,10.897,82.1009,1,0,-0.256110078989398,-0.22199843697466,-0.278123688358489,-0.29340129267253,5.411
"Paur","82",2025,43.211,55.143,10.897,82.1009,1,0,-0.256110078989398,-0.22199843697466,-0.278123688358489,-0.29340129267253,5.411
"Paur","83",2013,26.195,35.122,8.101,55.0095,1,0,-0.565636081121976,-0.826574197841203,-0.934314644123111,-0.433126904520655,2.615
"Paur","83",2014,26.195,35.122,8.101,55.0095,1,0,-0.565636081121976,-0.826574197841203,-0.934314644123111,-0.433126904520655,2.615
"Paur","83",2015,26.195,35.122,8.101,55.0095,1,0,-0.565636081121976,-0.826574197841203,-0.934314644123111,-0.433126904520655,2.615
"Paur","83",2016,26.195,35.122,8.101,55.0095,1,0,-0.565636081121976,-0.826574197841203,-0.934314644123111,-0.433126904520655,2.615
"Paur","83",2017,26.195,35.122,8.101,55.0095,1,0,-0.565636081121976,-0.826574197841203,-0.934314644123111,-0.433126904520655,2.615
"Paur","83",2018,26.195,35.122,8.101,55.0095,1,0,-0.565636081121976,-0.826574197841203,-0.934314644123111,-0.433126904520655,2.615
"Paur","83",2019,26.195,35.122,8.101,55.0095,1,0,-0.565636081121976,-0.826574197841203,-0.934314644123111,-0.433126904520655,2.615
"Paur","83",2020,26.195,35.122,8.101,55.0095,1,1,-0.565636081121976,-0.826574197841203,-0.934314644123111,-0.433126904520655,2.615
"Paur","83",2021,26.195,35.122,8.101,55.0095,1,0,-0.565636081121976,-0.826574197841203,-0.934314644123111,-0.433126904520655,2.615
"Paur","83",2022,26.195,35.122,8.101,55.0095,1,0,-0.565636081121976,-0.826574197841203,-0.934314644123111,-0.433126904520655,2.615
"Paur","83",2023,26.195,35.122,8.101,55.0095,1,0,-0.565636081121976,-0.826574197841203,-0.934314644123111,-0.433126904520655,2.615
"Paur","83",2024,26.195,35.122,8.101,55.0095,1,0,-0.565636081121976,-0.826574197841203,-0.934314644123111,-0.433126904520655,2.615
"Paur","83",2025,26.195,35.122,8.101,55.0095,1,0,-0.565636081121976,-0.826574197841203,-0.934314644123111,-0.433126904520655,2.615
"Paur","87",2013,24.631,28.62,11.208,49.262,1,NA,-0.594085697208914,-1.02291561920648,-0.205135352434742,-0.462769999897679,5.722
"Paur","87",2014,24.631,28.62,11.208,49.262,1,NA,-0.594085697208914,-1.02291561920648,-0.205135352434742,-0.462769999897679,5.722
"Paur","87",2015,24.631,28.62,11.208,49.262,1,NA,-0.594085697208914,-1.02291561920648,-0.205135352434742,-0.462769999897679,5.722
"Paur","87",2016,24.631,28.62,11.208,49.262,1,NA,-0.594085697208914,-1.02291561920648,-0.205135352434742,-0.462769999897679,5.722
"Paur","87",2017,24.631,28.62,11.208,49.262,1,NA,-0.594085697208914,-1.02291561920648,-0.205135352434742,-0.462769999897679,5.722
"Paur","87",2018,24.631,28.62,11.208,49.262,1,0,-0.594085697208914,-1.02291561920648,-0.205135352434742,-0.462769999897679,5.722
"Paur","87",2019,24.631,28.62,11.208,49.262,1,0,-0.594085697208914,-1.02291561920648,-0.205135352434742,-0.462769999897679,5.722
"Paur","87",2020,24.631,28.62,11.208,49.262,1,0,-0.594085697208914,-1.02291561920648,-0.205135352434742,-0.462769999897679,5.722
"Paur","87",2021,24.631,28.62,11.208,49.262,1,0,-0.594085697208914,-1.02291561920648,-0.205135352434742,-0.462769999897679,5.722
"Paur","87",2022,24.631,28.62,11.208,49.262,1,0,-0.594085697208914,-1.02291561920648,-0.205135352434742,-0.462769999897679,5.722
"Paur","87",2023,24.631,28.62,11.208,49.262,1,0,-0.594085697208914,-1.02291561920648,-0.205135352434742,-0.462769999897679,5.722
"Paur","87",2024,24.631,28.62,11.208,49.262,1,0,-0.594085697208914,-1.02291561920648,-0.205135352434742,-0.462769999897679,5.722
"Paur","87",2025,24.631,28.62,11.208,49.262,1,0,-0.594085697208914,-1.02291561920648,-0.205135352434742,-0.462769999897679,5.722
"Paur","92",2013,32.409,37.144,12.438,63.84573,1,0,-0.452601609022079,-0.765515699840497,0.0835323426977639,-0.38755348848528,6.952
"Paur","92",2014,32.409,37.144,12.438,63.84573,1,0,-0.452601609022079,-0.765515699840497,0.0835323426977639,-0.38755348848528,6.952
"Paur","92",2015,32.409,37.144,12.438,63.84573,1,0,-0.452601609022079,-0.765515699840497,0.0835323426977639,-0.38755348848528,6.952
"Paur","92",2016,32.409,37.144,12.438,63.84573,1,0,-0.452601609022079,-0.765515699840497,0.0835323426977639,-0.38755348848528,6.952
"Paur","92",2017,32.409,37.144,12.438,63.84573,1,0,-0.452601609022079,-0.765515699840497,0.0835323426977639,-0.38755348848528,6.952
"Paur","92",2018,32.409,37.144,12.438,63.84573,1,0,-0.452601609022079,-0.765515699840497,0.0835323426977639,-0.38755348848528,6.952
"Paur","92",2019,32.409,37.144,12.438,63.84573,1,0,-0.452601609022079,-0.765515699840497,0.0835323426977639,-0.38755348848528,6.952
"Paur","92",2020,32.409,37.144,12.438,63.84573,1,0,-0.452601609022079,-0.765515699840497,0.0835323426977639,-0.38755348848528,6.952
"Paur","92",2021,32.409,37.144,12.438,63.84573,1,0,-0.452601609022079,-0.765515699840497,0.0835323426977639,-0.38755348848528,6.952
"Paur","92",2022,32.409,37.144,12.438,63.84573,1,0,-0.452601609022079,-0.765515699840497,0.0835323426977639,-0.38755348848528,6.952
"Paur","92",2023,32.409,37.144,12.438,63.84573,1,0,-0.452601609022079,-0.765515699840497,0.0835323426977639,-0.38755348848528,6.952
"Paur","92",2024,32.409,37.144,12.438,63.84573,1,0,-0.452601609022079,-0.765515699840497,0.0835323426977639,-0.38755348848528,6.952
"Paur","92",2025,32.409,37.144,12.438,63.84573,1,0,-0.452601609022079,-0.765515699840497,0.0835323426977639,-0.38755348848528,6.952
"Paur","93",2013,41.91,56.149,11.947,82.5627,1,0,-0.27977564838141,-0.191620173379847,-0.0317000461722041,-0.29101952991566,6.461
"Paur","93",2014,41.91,56.149,11.947,82.5627,1,0,-0.27977564838141,-0.191620173379847,-0.0317000461722041,-0.29101952991566,6.461
"Paur","93",2015,41.91,56.149,11.947,82.5627,1,0,-0.27977564838141,-0.191620173379847,-0.0317000461722041,-0.29101952991566,6.461
"Paur","93",2016,41.91,56.149,11.947,82.5627,1,0,-0.27977564838141,-0.191620173379847,-0.0317000461722041,-0.29101952991566,6.461
"Paur","93",2017,41.91,56.149,11.947,82.5627,1,0,-0.27977564838141,-0.191620173379847,-0.0317000461722041,-0.29101952991566,6.461
"Paur","93",2018,41.91,56.149,11.947,82.5627,1,0,-0.27977564838141,-0.191620173379847,-0.0317000461722041,-0.29101952991566,6.461
"Paur","93",2019,41.91,56.149,11.947,82.5627,1,0,-0.27977564838141,-0.191620173379847,-0.0317000461722041,-0.29101952991566,6.461
"Paur","93",2020,41.91,56.149,11.947,82.5627,1,0,-0.27977564838141,-0.191620173379847,-0.0317000461722041,-0.29101952991566,6.461
"Paur","93",2021,41.91,56.149,11.947,82.5627,1,0,-0.27977564838141,-0.191620173379847,-0.0317000461722041,-0.29101952991566,6.461
"Paur","93",2022,41.91,56.149,11.947,82.5627,1,0,-0.27977564838141,-0.191620173379847,-0.0317000461722041,-0.29101952991566,6.461
"Paur","93",2023,41.91,56.149,11.947,82.5627,1,0,-0.27977564838141,-0.191620173379847,-0.0317000461722041,-0.29101952991566,6.461
"Paur","93",2024,41.91,56.149,11.947,82.5627,1,0,-0.27977564838141,-0.191620173379847,-0.0317000461722041,-0.29101952991566,6.461
"Paur","93",2025,41.91,56.149,11.947,82.5627,1,0,-0.27977564838141,-0.191620173379847,-0.0317000461722041,-0.29101952991566,6.461
"Paur","94",2013,42.669,54.276,11.677,81.0711,1,0,-0.265969217045102,-0.248179306295437,-0.0950661255915345,-0.298712551414463,6.191
"Paur","94",2014,42.669,54.276,11.677,81.0711,1,0,-0.265969217045102,-0.248179306295437,-0.0950661255915345,-0.298712551414463,6.191
"Paur","94",2015,42.669,54.276,11.677,81.0711,1,0,-0.265969217045102,-0.248179306295437,-0.0950661255915345,-0.298712551414463,6.191
"Paur","94",2016,42.669,54.276,11.677,81.0711,1,0,-0.265969217045102,-0.248179306295437,-0.0950661255915345,-0.298712551414463,6.191
"Paur","94",2017,42.669,54.276,11.677,81.0711,1,0,-0.265969217045102,-0.248179306295437,-0.0950661255915345,-0.298712551414463,6.191
"Paur","94",2018,42.669,54.276,11.677,81.0711,1,0,-0.265969217045102,-0.248179306295437,-0.0950661255915345,-0.298712551414463,6.191
"Paur","94",2019,42.669,54.276,11.677,81.0711,1,0,-0.265969217045102,-0.248179306295437,-0.0950661255915345,-0.298712551414463,6.191
"Paur","94",2020,42.669,54.276,11.677,81.0711,1,0,-0.265969217045102,-0.248179306295437,-0.0950661255915345,-0.298712551414463,6.191
"Paur","94",2021,42.669,54.276,11.677,81.0711,1,0,-0.265969217045102,-0.248179306295437,-0.0950661255915345,-0.298712551414463,6.191
"Paur","94",2022,42.669,54.276,11.677,81.0711,1,0,-0.265969217045102,-0.248179306295437,-0.0950661255915345,-0.298712551414463,6.191
"Paur","94",2023,42.669,54.276,11.677,81.0711,1,0,-0.265969217045102,-0.248179306295437,-0.0950661255915345,-0.298712551414463,6.191
"Paur","94",2024,42.669,54.276,11.677,81.0711,1,0,-0.265969217045102,-0.248179306295437,-0.0950661255915345,-0.298712551414463,6.191
"Paur","94",2025,42.669,54.276,11.677,81.0711,1,0,-0.265969217045102,-0.248179306295437,-0.0950661255915345,-0.298712551414463,6.191
"Paur","96",2013,35.581,39.839,12.986,78.2782,1,0,-0.394902004017111,-0.684134566253996,0.212142015000701,-0.313117110105805,7.5
"Paur","96",2014,35.581,39.839,12.986,78.2782,1,0,-0.394902004017111,-0.684134566253996,0.212142015000701,-0.313117110105805,7.5
"Paur","96",2015,35.581,39.839,12.986,78.2782,1,0,-0.394902004017111,-0.684134566253996,0.212142015000701,-0.313117110105805,7.5
"Paur","96",2016,35.581,39.839,12.986,78.2782,1,0,-0.394902004017111,-0.684134566253996,0.212142015000701,-0.313117110105805,7.5
"Paur","96",2017,35.581,39.839,12.986,78.2782,1,0,-0.394902004017111,-0.684134566253996,0.212142015000701,-0.313117110105805,7.5
"Paur","96",2018,35.581,39.839,12.986,78.2782,1,0,-0.394902004017111,-0.684134566253996,0.212142015000701,-0.313117110105805,7.5
"Paur","96",2019,35.581,39.839,12.986,78.2782,1,0,-0.394902004017111,-0.684134566253996,0.212142015000701,-0.313117110105805,7.5
"Paur","96",2020,35.581,39.839,12.986,78.2782,1,0,-0.394902004017111,-0.684134566253996,0.212142015000701,-0.313117110105805,7.5
"Paur","96",2021,35.581,39.839,12.986,78.2782,1,0,-0.394902004017111,-0.684134566253996,0.212142015000701,-0.313117110105805,7.5
"Paur","96",2022,35.581,39.839,12.986,78.2782,1,0,-0.394902004017111,-0.684134566253996,0.212142015000701,-0.313117110105805,7.5
"Paur","96",2023,35.581,39.839,12.986,78.2782,1,NA,-0.394902004017111,-0.684134566253996,0.212142015000701,-0.313117110105805,7.5
"Paur","96",2024,35.581,39.839,12.986,78.2782,1,0,-0.394902004017111,-0.684134566253996,0.212142015000701,-0.313117110105805,7.5
"Paur","96",2025,35.581,39.839,12.986,78.2782,1,0,-0.394902004017111,-0.684134566253996,0.212142015000701,-0.313117110105805,7.5
"Paur","99/335",2013,38.963,41.289,13.254,89.6149,1,0,-0.333382437772848,-0.640348798647158,0.275038716053962,-0.254647361630693,7.768
"Paur","99/335",2014,38.963,41.289,13.254,89.6149,1,0,-0.333382437772848,-0.640348798647158,0.275038716053962,-0.254647361630693,7.768
"Paur","99/335",2015,38.963,41.289,13.254,89.6149,1,0,-0.333382437772848,-0.640348798647158,0.275038716053962,-0.254647361630693,7.768
"Paur","99/335",2016,38.963,41.289,13.254,89.6149,1,0,-0.333382437772848,-0.640348798647158,0.275038716053962,-0.254647361630693,7.768
"Paur","99/335",2017,38.963,41.289,13.254,89.6149,1,0,-0.333382437772848,-0.640348798647158,0.275038716053962,-0.254647361630693,7.768
"Paur","99/335",2018,38.963,41.289,13.254,89.6149,1,0,-0.333382437772848,-0.640348798647158,0.275038716053962,-0.254647361630693,7.768
"Paur","99/335",2019,38.963,41.289,13.254,89.6149,1,0,-0.333382437772848,-0.640348798647158,0.275038716053962,-0.254647361630693,7.768
"Paur","99/335",2020,38.963,41.289,13.254,89.6149,1,0,-0.333382437772848,-0.640348798647158,0.275038716053962,-0.254647361630693,7.768
"Paur","99/335",2021,38.963,41.289,13.254,89.6149,1,0,-0.333382437772848,-0.640348798647158,0.275038716053962,-0.254647361630693,7.768
"Paur","99/335",2022,38.963,41.289,13.254,89.6149,1,0,-0.333382437772848,-0.640348798647158,0.275038716053962,-0.254647361630693,7.768
"Paur","99/335",2023,38.963,41.289,13.254,89.6149,1,0,-0.333382437772848,-0.640348798647158,0.275038716053962,-0.254647361630693,7.768
"Paur","99/335",2024,38.963,41.289,13.254,89.6149,1,0,-0.333382437772848,-0.640348798647158,0.275038716053962,-0.254647361630693,7.768
"Paur","99/335",2025,38.963,41.289,13.254,89.6149,1,0,-0.333382437772848,-0.640348798647158,0.275038716053962,-0.254647361630693,7.768
