"Year","ID","Bat_number","Distance","Species","Number_of_bats","Pinta_kolo","Height","Entrance_distance","Bunker_height","New_species","Relative_distance","Relative_height","Area","Perimeter","Volume","Entrances_number"
2024,"43",1,3.24,"Enil",1,NA,NA,8.085,2,"Enil",0.400742115027829,NA,22.431,33.49,44.862,1
2024,"43",1,3.24,"Enil",1,NA,NA,8.085,2,"Enil",0.400742115027829,NA,22.431,33.49,44.862,1
2024,"43",1,3.24,"Enil",1,NA,NA,8.085,2,"Enil",0.400742115027829,NA,22.431,33.49,44.862,1
2024,"40",1,3.965,"Enil",1,"pinta",1.8,12.882,2.1,"Enil",0.307793820835274,0.857142857142857,30.913,38.64,61.826,1
2024,"40",1,3.965,"Enil",1,"pinta",1.8,12.882,2.1,"Enil",0.307793820835274,0.857142857142857,30.913,38.64,61.826,1
2024,"40",1,3.965,"Enil",1,"pinta",1.8,12.882,2.1,"Enil",0.307793820835274,0.857142857142857,30.913,38.64,61.826,1
2024,"38",1,7.223,"Enil",1,"pinta",4.3,14.835,4.3,"Enil",0.486889113582743,1,26.275,33.583,52.55,1
2024,"38",1,7.223,"Enil",1,"pinta",4.3,14.835,4.3,"Enil",0.486889113582743,1,26.275,33.583,52.55,1
2024,"38",1,7.223,"Enil",1,"pinta",4.3,14.835,4.3,"Enil",0.486889113582743,1,26.275,33.583,52.55,1
2024,"38",2,10.394,"Enil",1,"pinta",1.7,14.835,2.2,"Enil",0.700640377485676,0.772727272727273,26.275,33.583,52.55,1
2024,"38",2,10.394,"Enil",1,"pinta",1.7,14.835,2.2,"Enil",0.700640377485676,0.772727272727273,26.275,33.583,52.55,1
2024,"38",2,10.394,"Enil",1,"pinta",1.7,14.835,2.2,"Enil",0.700640377485676,0.772727272727273,26.275,33.583,52.55,1
2024,"38",3,10.703,"Enil",1,"pinta",1.6,14.835,2.2,"Enil",0.721469497809235,0.727272727272727,26.275,33.583,52.55,1
2024,"38",3,10.703,"Enil",1,"pinta",1.6,14.835,2.2,"Enil",0.721469497809235,0.727272727272727,26.275,33.583,52.55,1
2024,"38",3,10.703,"Enil",1,"pinta",1.6,14.835,2.2,"Enil",0.721469497809235,0.727272727272727,26.275,33.583,52.55,1
2024,"38",4,10.3,"Enil",1,"pinta",2.2,14.835,2.2,"Enil",0.694304010785305,1,26.275,33.583,52.55,1
2024,"38",4,10.3,"Enil",1,"pinta",2.2,14.835,2.2,"Enil",0.694304010785305,1,26.275,33.583,52.55,1
2024,"38",4,10.3,"Enil",1,"pinta",2.2,14.835,2.2,"Enil",0.694304010785305,1,26.275,33.583,52.55,1
2024,"167",1,14.777,"Enil",1,"kolo",3,21.122,3.6,"Enil",0.699602310387274,0.833333333333333,248.389,122.728,848.4209,3
2024,"167",1,14.777,"Enil",1,"kolo",3,21.122,3.6,"Enil",0.699602310387274,0.833333333333333,248.389,122.728,848.4209,3
2024,"167",1,14.777,"Enil",1,"kolo",3,21.122,3.6,"Enil",0.699602310387274,0.833333333333333,248.389,122.728,848.4209,3
2024,"167",1,14.777,"Enil",1,"kolo",3,21.122,3.6,"Enil",0.699602310387274,0.833333333333333,248.389,122.728,848.4209,3
2024,"167",1,14.777,"Enil",1,"kolo",3,21.122,3.6,"Enil",0.699602310387274,0.833333333333333,248.389,122.728,848.4209,3
2024,"167",1,14.777,"Enil",1,"kolo",3,21.122,3.6,"Enil",0.699602310387274,0.833333333333333,248.389,122.728,848.4209,3
2024,"167",1,14.777,"Enil",1,"kolo",3,21.122,3.6,"Enil",0.699602310387274,0.833333333333333,248.389,122.728,848.4209,3
2024,"167",1,14.777,"Enil",1,"kolo",3,21.122,3.6,"Enil",0.699602310387274,0.833333333333333,248.389,122.728,848.4209,3
2024,"167",1,14.777,"Enil",1,"kolo",3,21.122,3.6,"Enil",0.699602310387274,0.833333333333333,248.389,122.728,848.4209,3
2024,"167",2,15.072,"Enil",1,"kolo",2.5,21.122,3.6,"Enil",0.713568790834201,0.694444444444444,248.389,122.728,848.4209,3
2024,"167",2,15.072,"Enil",1,"kolo",2.5,21.122,3.6,"Enil",0.713568790834201,0.694444444444444,248.389,122.728,848.4209,3
2024,"167",2,15.072,"Enil",1,"kolo",2.5,21.122,3.6,"Enil",0.713568790834201,0.694444444444444,248.389,122.728,848.4209,3
2024,"167",3,14.634,"Mmbra",1,"kolo",3,21.122,3.6,"Myotis",0.692832118170628,0.833333333333333,248.389,122.728,848.4209,3
2024,"167",3,14.634,"Mmbra",1,"kolo",3,21.122,3.6,"Myotis",0.692832118170628,0.833333333333333,248.389,122.728,848.4209,3
2024,"167",3,14.634,"Mmbra",1,"kolo",3,21.122,3.6,"Myotis",0.692832118170628,0.833333333333333,248.389,122.728,848.4209,3
2024,"173",1,6.137,"Enil",1,"pinta",1.8,11.247,2,"Enil",0.545656619542989,0.9,37.908,53.56,75.816,1
2024,"173",1,6.137,"Enil",1,"pinta",1.8,11.247,2,"Enil",0.545656619542989,0.9,37.908,53.56,75.816,1
2024,"173",1,6.137,"Enil",1,"pinta",1.8,11.247,2,"Enil",0.545656619542989,0.9,37.908,53.56,75.816,1
2024,"82",1,7.019,"Enil",1,"kolo",1.3,10.897,1.9,"Enil",0.644122235477654,0.684210526315789,43.211,55.143,82.1009,1
2024,"82",1,7.019,"Enil",1,"kolo",1.3,10.897,1.9,"Enil",0.644122235477654,0.684210526315789,43.211,55.143,82.1009,1
2024,"82",1,7.019,"Enil",1,"kolo",1.3,10.897,1.9,"Enil",0.644122235477654,0.684210526315789,43.211,55.143,82.1009,1
2024,"82",2,7.305,"Enil",1,"kolo",1.9,10.897,1.9,"Enil",0.670367991190236,1,43.211,55.143,82.1009,1
2024,"82",2,7.305,"Enil",1,"kolo",1.9,10.897,1.9,"Enil",0.670367991190236,1,43.211,55.143,82.1009,1
2024,"82",2,7.305,"Enil",1,"kolo",1.9,10.897,1.9,"Enil",0.670367991190236,1,43.211,55.143,82.1009,1
2024,"83",1,5.842,"Enil",1,"pinta",2.1,8.101,2.1,"Enil",0.721145537587952,1,26.195,35.122,55.0095,1
2024,"83",1,5.842,"Enil",1,"pinta",2.1,8.101,2.1,"Enil",0.721145537587952,1,26.195,35.122,55.0095,1
2024,"83",1,5.842,"Enil",1,"pinta",2.1,8.101,2.1,"Enil",0.721145537587952,1,26.195,35.122,55.0095,1
2024,"160",1,11.78,"Mmbra",1,"kolo",2.8,26.684,2.8,"Myotis",0.441463049018138,1,103.377,93.452,294.504,3
2024,"160",1,11.78,"Mmbra",1,"kolo",2.8,26.684,2.8,"Myotis",0.441463049018138,1,103.377,93.452,294.504,3
2024,"160",1,11.78,"Mmbra",1,"kolo",2.8,26.684,2.8,"Myotis",0.441463049018138,1,103.377,93.452,294.504,3
2024,"160",2,13.35,"Mmbra",1,"kolo",2,26.684,2.8,"Myotis",0.500299805126668,0.714285714285714,103.377,93.452,294.504,3
2024,"160",2,13.35,"Mmbra",1,"kolo",2,26.684,2.8,"Myotis",0.500299805126668,0.714285714285714,103.377,93.452,294.504,3
2024,"160",2,13.35,"Mmbra",1,"kolo",2,26.684,2.8,"Myotis",0.500299805126668,0.714285714285714,103.377,93.452,294.504,3
2024,"160",2,13.35,"Mmbra",1,"kolo",2,26.684,2.8,"Myotis",0.500299805126668,0.714285714285714,103.377,93.452,294.504,3
2024,"160",2,13.35,"Mmbra",1,"kolo",2,26.684,2.8,"Myotis",0.500299805126668,0.714285714285714,103.377,93.452,294.504,3
2024,"160",2,13.35,"Mmbra",1,"kolo",2,26.684,2.8,"Myotis",0.500299805126668,0.714285714285714,103.377,93.452,294.504,3
2024,"160",2,13.35,"Mmbra",1,"kolo",2,26.684,2.8,"Myotis",0.500299805126668,0.714285714285714,103.377,93.452,294.504,3
2024,"160",2,13.35,"Mmbra",1,"kolo",2,26.684,2.8,"Myotis",0.500299805126668,0.714285714285714,103.377,93.452,294.504,3
2024,"160",2,13.35,"Mmbra",1,"kolo",2,26.684,2.8,"Myotis",0.500299805126668,0.714285714285714,103.377,93.452,294.504,3
2024,"160",2,13.35,"Mmbra",1,"kolo",2,26.684,2.8,"Myotis",0.500299805126668,0.714285714285714,103.377,93.452,294.504,3
2024,"160",2,13.35,"Mmbra",1,"kolo",2,26.684,2.8,"Myotis",0.500299805126668,0.714285714285714,103.377,93.452,294.504,3
2024,"160",2,13.35,"Mmbra",1,"kolo",2,26.684,2.8,"Myotis",0.500299805126668,0.714285714285714,103.377,93.452,294.504,3
2024,"160",3,9.979,"Mmbra",1,"kolo",2.8,26.684,2.8,"Myotis",0.37396941987708,1,103.377,93.452,294.504,3
2024,"160",3,9.979,"Mmbra",1,"kolo",2.8,26.684,2.8,"Myotis",0.37396941987708,1,103.377,93.452,294.504,3
2024,"160",3,9.979,"Mmbra",1,"kolo",2.8,26.684,2.8,"Myotis",0.37396941987708,1,103.377,93.452,294.504,3
2024,"160",3,9.979,"Mmbra",1,"kolo",2.8,26.684,2.8,"Myotis",0.37396941987708,1,103.377,93.452,294.504,3
2024,"160",3,9.979,"Mmbra",1,"kolo",2.8,26.684,2.8,"Myotis",0.37396941987708,1,103.377,93.452,294.504,3
2024,"160",3,9.979,"Mmbra",1,"kolo",2.8,26.684,2.8,"Myotis",0.37396941987708,1,103.377,93.452,294.504,3
2024,"160",3,9.979,"Mmbra",1,"kolo",2.8,26.684,2.8,"Myotis",0.37396941987708,1,103.377,93.452,294.504,3
2024,"160",3,9.979,"Mmbra",1,"kolo",2.8,26.684,2.8,"Myotis",0.37396941987708,1,103.377,93.452,294.504,3
2024,"160",3,9.979,"Mmbra",1,"kolo",2.8,26.684,2.8,"Myotis",0.37396941987708,1,103.377,93.452,294.504,3
2024,"160",4,11.116,"Mmbra",1,"pinta",2.8,26.684,2.8,"Myotis",0.416579223504722,1,103.377,93.452,294.504,3
2024,"160",4,11.116,"Mmbra",1,"pinta",2.8,26.684,2.8,"Myotis",0.416579223504722,1,103.377,93.452,294.504,3
2024,"160",4,11.116,"Mmbra",1,"pinta",2.8,26.684,2.8,"Myotis",0.416579223504722,1,103.377,93.452,294.504,3
2024,"160",4,11.116,"Mmbra",1,"pinta",2.8,26.684,2.8,"Myotis",0.416579223504722,1,103.377,93.452,294.504,3
2024,"160",4,11.116,"Mmbra",1,"pinta",2.8,26.684,2.8,"Myotis",0.416579223504722,1,103.377,93.452,294.504,3
2024,"160",4,11.116,"Mmbra",1,"pinta",2.8,26.684,2.8,"Myotis",0.416579223504722,1,103.377,93.452,294.504,3
2024,"160",4,11.116,"Mmbra",1,"pinta",2.8,26.684,2.8,"Myotis",0.416579223504722,1,103.377,93.452,294.504,3
2024,"160",4,11.116,"Mmbra",1,"pinta",2.8,26.684,2.8,"Myotis",0.416579223504722,1,103.377,93.452,294.504,3
2024,"160",4,11.116,"Mmbra",1,"pinta",2.8,26.684,2.8,"Myotis",0.416579223504722,1,103.377,93.452,294.504,3
2024,"160",4,11.116,"Mmbra",1,"pinta",2.8,26.684,2.8,"Myotis",0.416579223504722,1,103.377,93.452,294.504,3
2024,"160",4,11.116,"Mmbra",1,"pinta",2.8,26.684,2.8,"Myotis",0.416579223504722,1,103.377,93.452,294.504,3
2024,"160",4,11.116,"Mmbra",1,"pinta",2.8,26.684,2.8,"Myotis",0.416579223504722,1,103.377,93.452,294.504,3
2024,"160",4,11.116,"Mmbra",1,"pinta",2.8,26.684,2.8,"Myotis",0.416579223504722,1,103.377,93.452,294.504,3
2024,"160",4,11.116,"Mmbra",1,"pinta",2.8,26.684,2.8,"Myotis",0.416579223504722,1,103.377,93.452,294.504,3
2024,"160",4,11.116,"Mmbra",1,"pinta",2.8,26.684,2.8,"Myotis",0.416579223504722,1,103.377,93.452,294.504,3
2024,"160",4,11.116,"Mmbra",1,"pinta",2.8,26.684,2.8,"Myotis",0.416579223504722,1,103.377,93.452,294.504,3
2024,"160",4,11.116,"Mmbra",1,"pinta",2.8,26.684,2.8,"Myotis",0.416579223504722,1,103.377,93.452,294.504,3
2024,"160",4,11.116,"Mmbra",1,"pinta",2.8,26.684,2.8,"Myotis",0.416579223504722,1,103.377,93.452,294.504,3
2024,"160",5,12.006,"Mmbra",1,"pinta",2.8,26.684,2.8,"Myotis",0.4499325438465,1,103.377,93.452,294.504,3
2024,"160",5,12.006,"Mmbra",1,"pinta",2.8,26.684,2.8,"Myotis",0.4499325438465,1,103.377,93.452,294.504,3
2024,"160",5,12.006,"Mmbra",1,"pinta",2.8,26.684,2.8,"Myotis",0.4499325438465,1,103.377,93.452,294.504,3
2024,"160",6,17.574,"Mmbra",1,"pinta",3,26.684,3,"Myotis",0.658596912007195,1,103.377,93.452,294.504,3
2024,"160",6,17.574,"Mmbra",1,"pinta",3,26.684,3,"Myotis",0.658596912007195,1,103.377,93.452,294.504,3
2024,"160",6,17.574,"Mmbra",1,"pinta",3,26.684,3,"Myotis",0.658596912007195,1,103.377,93.452,294.504,3
2024,"160",6,17.574,"Mmbra",1,"pinta",3,26.684,3,"Myotis",0.658596912007195,1,103.377,93.452,294.504,3
2024,"160",6,17.574,"Mmbra",1,"pinta",3,26.684,3,"Myotis",0.658596912007195,1,103.377,93.452,294.504,3
2024,"160",6,17.574,"Mmbra",1,"pinta",3,26.684,3,"Myotis",0.658596912007195,1,103.377,93.452,294.504,3
2024,"160",6,17.574,"Mmbra",1,"pinta",3,26.684,3,"Myotis",0.658596912007195,1,103.377,93.452,294.504,3
2024,"160",6,17.574,"Mmbra",1,"pinta",3,26.684,3,"Myotis",0.658596912007195,1,103.377,93.452,294.504,3
2024,"160",6,17.574,"Mmbra",1,"pinta",3,26.684,3,"Myotis",0.658596912007195,1,103.377,93.452,294.504,3
2024,"160",6,17.574,"Mmbra",1,"pinta",3,26.684,3,"Myotis",0.658596912007195,1,103.377,93.452,294.504,3
2024,"160",6,17.574,"Mmbra",1,"pinta",3,26.684,3,"Myotis",0.658596912007195,1,103.377,93.452,294.504,3
2024,"160",6,17.574,"Mmbra",1,"pinta",3,26.684,3,"Myotis",0.658596912007195,1,103.377,93.452,294.504,3
2024,"160",6,17.574,"Mmbra",1,"pinta",3,26.684,3,"Myotis",0.658596912007195,1,103.377,93.452,294.504,3
2024,"160",6,17.574,"Mmbra",1,"pinta",3,26.684,3,"Myotis",0.658596912007195,1,103.377,93.452,294.504,3
2024,"160",6,17.574,"Mmbra",1,"pinta",3,26.684,3,"Myotis",0.658596912007195,1,103.377,93.452,294.504,3
2024,"160",6,17.574,"Mmbra",1,"pinta",3,26.684,3,"Myotis",0.658596912007195,1,103.377,93.452,294.504,3
2024,"160",6,17.574,"Mmbra",1,"pinta",3,26.684,3,"Myotis",0.658596912007195,1,103.377,93.452,294.504,3
2024,"160",6,17.574,"Mmbra",1,"pinta",3,26.684,3,"Myotis",0.658596912007195,1,103.377,93.452,294.504,3
2024,"160",7,22.141,"Mdau",1,"pinta",1.5,26.684,3.3,"Myotis",0.829748163693599,0.454545454545455,103.377,93.452,294.504,3
2024,"160",7,22.141,"Mdau",1,"pinta",1.5,26.684,3.3,"Myotis",0.829748163693599,0.454545454545455,103.377,93.452,294.504,3
2024,"160",7,22.141,"Mdau",1,"pinta",1.5,26.684,3.3,"Myotis",0.829748163693599,0.454545454545455,103.377,93.452,294.504,3
2024,"160",8,23.125,"Mmbra",1,"pinta",3.3,26.684,3.3,"Myotis",0.866624194273722,1,103.377,93.452,294.504,3
2024,"160",8,23.125,"Mmbra",1,"pinta",3.3,26.684,3.3,"Myotis",0.866624194273722,1,103.377,93.452,294.504,3
2024,"160",8,23.125,"Mmbra",1,"pinta",3.3,26.684,3.3,"Myotis",0.866624194273722,1,103.377,93.452,294.504,3
2024,"160",8,23.125,"Mmbra",1,"pinta",3.3,26.684,3.3,"Myotis",0.866624194273722,1,103.377,93.452,294.504,3
2024,"160",8,23.125,"Mmbra",1,"pinta",3.3,26.684,3.3,"Myotis",0.866624194273722,1,103.377,93.452,294.504,3
2024,"160",8,23.125,"Mmbra",1,"pinta",3.3,26.684,3.3,"Myotis",0.866624194273722,1,103.377,93.452,294.504,3
2024,"160",8,23.125,"Mmbra",1,"pinta",3.3,26.684,3.3,"Myotis",0.866624194273722,1,103.377,93.452,294.504,3
2024,"160",8,23.125,"Mmbra",1,"pinta",3.3,26.684,3.3,"Myotis",0.866624194273722,1,103.377,93.452,294.504,3
2024,"160",8,23.125,"Mmbra",1,"pinta",3.3,26.684,3.3,"Myotis",0.866624194273722,1,103.377,93.452,294.504,3
2024,"160",8,23.125,"Mmbra",1,"pinta",3.3,26.684,3.3,"Myotis",0.866624194273722,1,103.377,93.452,294.504,3
2024,"160",8,23.125,"Mmbra",1,"pinta",3.3,26.684,3.3,"Myotis",0.866624194273722,1,103.377,93.452,294.504,3
2024,"160",8,23.125,"Mmbra",1,"pinta",3.3,26.684,3.3,"Myotis",0.866624194273722,1,103.377,93.452,294.504,3
2024,"160",8,23.125,"Mmbra",1,"pinta",3.3,26.684,3.3,"Myotis",0.866624194273722,1,103.377,93.452,294.504,3
2024,"160",8,23.125,"Mmbra",1,"pinta",3.3,26.684,3.3,"Myotis",0.866624194273722,1,103.377,93.452,294.504,3
2024,"160",8,23.125,"Mmbra",1,"pinta",3.3,26.684,3.3,"Myotis",0.866624194273722,1,103.377,93.452,294.504,3
2024,"160",8,23.125,"Mmbra",1,"pinta",3.3,26.684,3.3,"Myotis",0.866624194273722,1,103.377,93.452,294.504,3
2024,"160",8,23.125,"Mmbra",1,"pinta",3.3,26.684,3.3,"Myotis",0.866624194273722,1,103.377,93.452,294.504,3
2024,"160",8,23.125,"Mmbra",1,"pinta",3.3,26.684,3.3,"Myotis",0.866624194273722,1,103.377,93.452,294.504,3
2024,"160",8,23.125,"Mmbra",1,"pinta",3.3,26.684,3.3,"Myotis",0.866624194273722,1,103.377,93.452,294.504,3
2024,"160",8,23.125,"Mmbra",1,"pinta",3.3,26.684,3.3,"Myotis",0.866624194273722,1,103.377,93.452,294.504,3
2024,"160",8,23.125,"Mmbra",1,"pinta",3.3,26.684,3.3,"Myotis",0.866624194273722,1,103.377,93.452,294.504,3
2024,"160",8,23.125,"Mmbra",1,"pinta",3.3,26.684,3.3,"Myotis",0.866624194273722,1,103.377,93.452,294.504,3
2024,"160",8,23.125,"Mmbra",1,"pinta",3.3,26.684,3.3,"Myotis",0.866624194273722,1,103.377,93.452,294.504,3
2024,"160",8,23.125,"Mmbra",1,"pinta",3.3,26.684,3.3,"Myotis",0.866624194273722,1,103.377,93.452,294.504,3
2024,"160",8,23.125,"Mmbra",1,"pinta",3.3,26.684,3.3,"Myotis",0.866624194273722,1,103.377,93.452,294.504,3
2024,"160",8,23.125,"Mmbra",1,"pinta",3.3,26.684,3.3,"Myotis",0.866624194273722,1,103.377,93.452,294.504,3
2024,"160",8,23.125,"Mmbra",1,"pinta",3.3,26.684,3.3,"Myotis",0.866624194273722,1,103.377,93.452,294.504,3
2024,"160",8,23.125,"Mmbra",1,"pinta",3.3,26.684,3.3,"Myotis",0.866624194273722,1,103.377,93.452,294.504,3
2024,"160",8,23.125,"Mmbra",1,"pinta",3.3,26.684,3.3,"Myotis",0.866624194273722,1,103.377,93.452,294.504,3
2024,"160",8,23.125,"Mmbra",1,"pinta",3.3,26.684,3.3,"Myotis",0.866624194273722,1,103.377,93.452,294.504,3
2024,"160",9,22.557,"Mmbra",1,"pinta",3.3,26.684,3.3,"Myotis",0.845338030280318,1,103.377,93.452,294.504,3
2024,"160",9,22.557,"Mmbra",1,"pinta",3.3,26.684,3.3,"Myotis",0.845338030280318,1,103.377,93.452,294.504,3
2024,"160",9,22.557,"Mmbra",1,"pinta",3.3,26.684,3.3,"Myotis",0.845338030280318,1,103.377,93.452,294.504,3
2024,"160",9,22.557,"Mmbra",1,"pinta",3.3,26.684,3.3,"Myotis",0.845338030280318,1,103.377,93.452,294.504,3
2024,"160",9,22.557,"Mmbra",1,"pinta",3.3,26.684,3.3,"Myotis",0.845338030280318,1,103.377,93.452,294.504,3
2024,"160",9,22.557,"Mmbra",1,"pinta",3.3,26.684,3.3,"Myotis",0.845338030280318,1,103.377,93.452,294.504,3
2024,"160",10,23.852,"Paur",1,"kolo",3.3,26.684,3.3,"Paur",0.893868985159646,1,103.377,93.452,294.504,3
2024,"160",10,23.852,"Paur",1,"kolo",3.3,26.684,3.3,"Paur",0.893868985159646,1,103.377,93.452,294.504,3
2024,"160",10,23.852,"Paur",1,"kolo",3.3,26.684,3.3,"Paur",0.893868985159646,1,103.377,93.452,294.504,3
2024,"160",11,23.531,"Mmbra",1,"pinta",3.3,26.684,3.3,"Myotis",0.881839304452106,1,103.377,93.452,294.504,3
2024,"160",11,23.531,"Mmbra",1,"pinta",3.3,26.684,3.3,"Myotis",0.881839304452106,1,103.377,93.452,294.504,3
2024,"160",11,23.531,"Mmbra",1,"pinta",3.3,26.684,3.3,"Myotis",0.881839304452106,1,103.377,93.452,294.504,3
2024,"160",12,8.123,"Mmbra",1,"kolo",2,26.684,2.3,"Myotis",0.304414630490181,0.869565217391304,103.377,93.452,294.504,3
2024,"160",12,8.123,"Mmbra",1,"kolo",2,26.684,2.3,"Myotis",0.304414630490181,0.869565217391304,103.377,93.452,294.504,3
2024,"160",12,8.123,"Mmbra",1,"kolo",2,26.684,2.3,"Myotis",0.304414630490181,0.869565217391304,103.377,93.452,294.504,3
2024,"160",12,8.123,"Mmbra",1,"kolo",2,26.684,2.3,"Myotis",0.304414630490181,0.869565217391304,103.377,93.452,294.504,3
2024,"160",12,8.123,"Mmbra",1,"kolo",2,26.684,2.3,"Myotis",0.304414630490181,0.869565217391304,103.377,93.452,294.504,3
2024,"160",12,8.123,"Mmbra",1,"kolo",2,26.684,2.3,"Myotis",0.304414630490181,0.869565217391304,103.377,93.452,294.504,3
2024,"160",13,2.062,"Enil",1,"pinta",2,26.684,2,"Enil",0.0772747713985909,1,103.377,93.452,294.504,3
2024,"160",13,2.062,"Enil",1,"pinta",2,26.684,2,"Enil",0.0772747713985909,1,103.377,93.452,294.504,3
2024,"160",13,2.062,"Enil",1,"pinta",2,26.684,2,"Enil",0.0772747713985909,1,103.377,93.452,294.504,3
2024,"160",14,0.843,"Enil",1,"pinta",4.5,26.684,4.5,"Enil",0.0315919652226053,1,103.377,93.452,294.504,3
2024,"160",14,0.843,"Enil",1,"pinta",4.5,26.684,4.5,"Enil",0.0315919652226053,1,103.377,93.452,294.504,3
2024,"160",14,0.843,"Enil",1,"pinta",4.5,26.684,4.5,"Enil",0.0315919652226053,1,103.377,93.452,294.504,3
2024,"87",1,6.601,"Enil",1,"kolo",2,11.208,2,"Enil",0.58895431834404,1,24.631,28.62,49.262,1
2024,"87",1,6.601,"Enil",1,"kolo",2,11.208,2,"Enil",0.58895431834404,1,24.631,28.62,49.262,1
2024,"87",1,6.601,"Enil",1,"kolo",2,11.208,2,"Enil",0.58895431834404,1,24.631,28.62,49.262,1
2024,"384",1,1.501,"Enil",1,"pinta",1.7,10.657,2.2,"Enil",0.140846392042789,0.772727272727273,40.625,54.586,81.25,1
2024,"384",1,1.501,"Enil",1,"pinta",1.7,10.657,2.2,"Enil",0.140846392042789,0.772727272727273,40.625,54.586,81.25,1
2024,"384",1,1.501,"Enil",1,"pinta",1.7,10.657,2.2,"Enil",0.140846392042789,0.772727272727273,40.625,54.586,81.25,1
2024,"384",2,10.013,"Enil",1,"pinta",2.2,10.657,2.2,"Enil",0.939570235525945,1,40.625,54.586,81.25,1
2024,"384",2,10.013,"Enil",1,"pinta",2.2,10.657,2.2,"Enil",0.939570235525945,1,40.625,54.586,81.25,1
2024,"384",2,10.013,"Enil",1,"pinta",2.2,10.657,2.2,"Enil",0.939570235525945,1,40.625,54.586,81.25,1
2024,"384",3,5.003,"Enil",1,"pinta",2,10.657,2.2,"Enil",0.469456695129962,0.909090909090909,40.625,54.586,81.25,1
2024,"384",3,5.003,"Enil",1,"pinta",2,10.657,2.2,"Enil",0.469456695129962,0.909090909090909,40.625,54.586,81.25,1
2024,"384",3,5.003,"Enil",1,"pinta",2,10.657,2.2,"Enil",0.469456695129962,0.909090909090909,40.625,54.586,81.25,1
2024,"384",4,5.993,"Enil",1,"pinta",2,10.657,2.2,"Enil",0.56235338275312,0.909090909090909,40.625,54.586,81.25,1
2024,"384",4,5.993,"Enil",1,"pinta",2,10.657,2.2,"Enil",0.56235338275312,0.909090909090909,40.625,54.586,81.25,1
2024,"384",4,5.993,"Enil",1,"pinta",2,10.657,2.2,"Enil",0.56235338275312,0.909090909090909,40.625,54.586,81.25,1
2024,"384",5,5.229,"Enil",1,"pinta",2,10.657,2.2,"Enil",0.490663413718683,0.909090909090909,40.625,54.586,81.25,1
2024,"384",5,5.229,"Enil",1,"pinta",2,10.657,2.2,"Enil",0.490663413718683,0.909090909090909,40.625,54.586,81.25,1
2024,"384",5,5.229,"Enil",1,"pinta",2,10.657,2.2,"Enil",0.490663413718683,0.909090909090909,40.625,54.586,81.25,1
2024,"312",1,8.108,"Enil",1,"pinta",1.6,10.597,2,"Enil",0.765122204397471,0.8,42.042,50.393,84.084,1
2024,"312",1,8.108,"Enil",1,"pinta",1.6,10.597,2,"Enil",0.765122204397471,0.8,42.042,50.393,84.084,1
2024,"312",1,8.108,"Enil",1,"pinta",1.6,10.597,2,"Enil",0.765122204397471,0.8,42.042,50.393,84.084,1
2024,"312",2,5.435,"Enil",1,"pinta",2,10.597,2,"Enil",0.512881004057752,1,42.042,50.393,84.084,1
2024,"312",2,5.435,"Enil",1,"pinta",2,10.597,2,"Enil",0.512881004057752,1,42.042,50.393,84.084,1
2024,"312",2,5.435,"Enil",1,"pinta",2,10.597,2,"Enil",0.512881004057752,1,42.042,50.393,84.084,1
2024,"304",1,8.681,"Enil",1,"pinta",2,9.654,2,"Enil",0.899212761549617,1,36.38,57.859,72.76,2
2024,"304",1,8.681,"Enil",1,"pinta",2,9.654,2,"Enil",0.899212761549617,1,36.38,57.859,72.76,2
2024,"304",1,8.681,"Enil",1,"pinta",2,9.654,2,"Enil",0.899212761549617,1,36.38,57.859,72.76,2
2024,"314",1,5.918,"Enil",1,"pinta",2,12.959,2,"Enil",0.456671039432055,1,48.58,65.034,97.16,1
2024,"314",1,5.918,"Enil",1,"pinta",2,12.959,2,"Enil",0.456671039432055,1,48.58,65.034,97.16,1
2024,"314",1,5.918,"Enil",1,"pinta",2,12.959,2,"Enil",0.456671039432055,1,48.58,65.034,97.16,1
2024,"314",2,4.891,"Enil",1,"pinta",2,12.959,2,"Enil",0.377421097306891,1,48.58,65.034,97.16,1
2024,"314",2,4.891,"Enil",1,"pinta",2,12.959,2,"Enil",0.377421097306891,1,48.58,65.034,97.16,1
2024,"314",2,4.891,"Enil",1,"pinta",2,12.959,2,"Enil",0.377421097306891,1,48.58,65.034,97.16,1
2024,"314",3,6.139,"Enil",1,"pinta",2,12.959,2,"Enil",0.473724824446331,1,48.58,65.034,97.16,1
2024,"314",3,6.139,"Enil",1,"pinta",2,12.959,2,"Enil",0.473724824446331,1,48.58,65.034,97.16,1
2024,"314",3,6.139,"Enil",1,"pinta",2,12.959,2,"Enil",0.473724824446331,1,48.58,65.034,97.16,1
2024,"314",4,7.943,"Enil",1,"kolo",NA,12.959,2,"Enil",0.612933096689559,NA,48.58,65.034,97.16,1
2024,"314",4,7.943,"Enil",1,"kolo",NA,12.959,2,"Enil",0.612933096689559,NA,48.58,65.034,97.16,1
2024,"314",4,7.943,"Enil",1,"kolo",NA,12.959,2,"Enil",0.612933096689559,NA,48.58,65.034,97.16,1
2024,"308",1,5.772,"Enil",1,"pinta",1.9,10.944,2.1,"Enil",0.527412280701754,0.904761904761905,72.474,80.904,144.948,3
2024,"308",1,5.772,"Enil",1,"pinta",1.9,10.944,2.1,"Enil",0.527412280701754,0.904761904761905,72.474,80.904,144.948,3
2024,"308",1,5.772,"Enil",1,"pinta",1.9,10.944,2.1,"Enil",0.527412280701754,0.904761904761905,72.474,80.904,144.948,3
2024,"308",2,8.939,"Enil",1,"pinta",2.1,10.944,2.1,"Enil",0.816794590643275,1,72.474,80.904,144.948,3
2024,"308",2,8.939,"Enil",1,"pinta",2.1,10.944,2.1,"Enil",0.816794590643275,1,72.474,80.904,144.948,3
2024,"308",2,8.939,"Enil",1,"pinta",2.1,10.944,2.1,"Enil",0.816794590643275,1,72.474,80.904,144.948,3
2024,"309",1,7.918,"Enil",1,"pinta",1.9,8.916,2,"Enil",0.888066397487663,0.95,37.953,47.839,75.906,1
2024,"309",1,7.918,"Enil",1,"pinta",1.9,8.916,2,"Enil",0.888066397487663,0.95,37.953,47.839,75.906,1
2024,"309",1,7.918,"Enil",1,"pinta",1.9,8.916,2,"Enil",0.888066397487663,0.95,37.953,47.839,75.906,1
2024,"144",1,8.346,"Mdau",1,"pinta",3.04,16.74,3.2,"Myotis",0.498566308243728,0.95,84.866,80.624,238.2972,3
2024,"144",1,8.346,"Mdau",1,"pinta",3.04,16.74,3.2,"Myotis",0.498566308243728,0.95,84.866,80.624,238.2972,3
2024,"144",1,8.346,"Mdau",1,"pinta",3.04,16.74,3.2,"Myotis",0.498566308243728,0.95,84.866,80.624,238.2972,3
2024,"144",2,9.975,"Mmbra",1,"kolo",2,16.74,3.2,"Myotis",0.595878136200717,0.625,84.866,80.624,238.2972,3
2024,"144",2,9.975,"Mmbra",1,"kolo",2,16.74,3.2,"Myotis",0.595878136200717,0.625,84.866,80.624,238.2972,3
2024,"144",2,9.975,"Mmbra",1,"kolo",2,16.74,3.2,"Myotis",0.595878136200717,0.625,84.866,80.624,238.2972,3
2024,"144",3,10.172,"Mmbra",1,"pinta",2.85,16.74,2.85,"Myotis",0.607646356033453,1,84.866,80.624,238.2972,3
2024,"144",3,10.172,"Mmbra",1,"pinta",2.85,16.74,2.85,"Myotis",0.607646356033453,1,84.866,80.624,238.2972,3
2024,"144",3,10.172,"Mmbra",1,"pinta",2.85,16.74,2.85,"Myotis",0.607646356033453,1,84.866,80.624,238.2972,3
2024,"144",3,10.172,"Mmbra",1,"pinta",2.85,16.74,2.85,"Myotis",0.607646356033453,1,84.866,80.624,238.2972,3
2024,"144",3,10.172,"Mmbra",1,"pinta",2.85,16.74,2.85,"Myotis",0.607646356033453,1,84.866,80.624,238.2972,3
2024,"144",3,10.172,"Mmbra",1,"pinta",2.85,16.74,2.85,"Myotis",0.607646356033453,1,84.866,80.624,238.2972,3
2024,"144",3,10.172,"Mmbra",1,"pinta",2.85,16.74,2.85,"Myotis",0.607646356033453,1,84.866,80.624,238.2972,3
2024,"144",3,10.172,"Mmbra",1,"pinta",2.85,16.74,2.85,"Myotis",0.607646356033453,1,84.866,80.624,238.2972,3
2024,"144",3,10.172,"Mmbra",1,"pinta",2.85,16.74,2.85,"Myotis",0.607646356033453,1,84.866,80.624,238.2972,3
2024,"144",3,10.172,"Mmbra",1,"pinta",2.85,16.74,2.85,"Myotis",0.607646356033453,1,84.866,80.624,238.2972,3
2024,"144",3,10.172,"Mmbra",1,"pinta",2.85,16.74,2.85,"Myotis",0.607646356033453,1,84.866,80.624,238.2972,3
2024,"144",3,10.172,"Mmbra",1,"pinta",2.85,16.74,2.85,"Myotis",0.607646356033453,1,84.866,80.624,238.2972,3
2024,"144",4,11.854,"Mmbra",1,"pinta",2.8,16.74,2.8,"Myotis",0.708124253285544,1,84.866,80.624,238.2972,3
2024,"144",4,11.854,"Mmbra",1,"pinta",2.8,16.74,2.8,"Myotis",0.708124253285544,1,84.866,80.624,238.2972,3
2024,"144",4,11.854,"Mmbra",1,"pinta",2.8,16.74,2.8,"Myotis",0.708124253285544,1,84.866,80.624,238.2972,3
2024,"144",4,11.854,"Mmbra",1,"pinta",2.8,16.74,2.8,"Myotis",0.708124253285544,1,84.866,80.624,238.2972,3
2024,"144",4,11.854,"Mmbra",1,"pinta",2.8,16.74,2.8,"Myotis",0.708124253285544,1,84.866,80.624,238.2972,3
2024,"144",4,11.854,"Mmbra",1,"pinta",2.8,16.74,2.8,"Myotis",0.708124253285544,1,84.866,80.624,238.2972,3
2024,"144",5,15.669,"Mmbra",1,"kolo",3.2,16.74,3.2,"Myotis",0.936021505376344,1,84.866,80.624,238.2972,3
2024,"144",5,15.669,"Mmbra",1,"kolo",3.2,16.74,3.2,"Myotis",0.936021505376344,1,84.866,80.624,238.2972,3
2024,"144",5,15.669,"Mmbra",1,"kolo",3.2,16.74,3.2,"Myotis",0.936021505376344,1,84.866,80.624,238.2972,3
2024,"144",5,15.669,"Mmbra",1,"kolo",3.2,16.74,3.2,"Myotis",0.936021505376344,1,84.866,80.624,238.2972,3
2024,"144",5,15.669,"Mmbra",1,"kolo",3.2,16.74,3.2,"Myotis",0.936021505376344,1,84.866,80.624,238.2972,3
2024,"144",5,15.669,"Mmbra",1,"kolo",3.2,16.74,3.2,"Myotis",0.936021505376344,1,84.866,80.624,238.2972,3
2024,"144",5,15.669,"Mmbra",1,"kolo",3.2,16.74,3.2,"Myotis",0.936021505376344,1,84.866,80.624,238.2972,3
2024,"144",5,15.669,"Mmbra",1,"kolo",3.2,16.74,3.2,"Myotis",0.936021505376344,1,84.866,80.624,238.2972,3
2024,"144",5,15.669,"Mmbra",1,"kolo",3.2,16.74,3.2,"Myotis",0.936021505376344,1,84.866,80.624,238.2972,3
2024,"144",5,15.669,"Mmbra",1,"kolo",3.2,16.74,3.2,"Myotis",0.936021505376344,1,84.866,80.624,238.2972,3
2024,"144",5,15.669,"Mmbra",1,"kolo",3.2,16.74,3.2,"Myotis",0.936021505376344,1,84.866,80.624,238.2972,3
2024,"144",5,15.669,"Mmbra",1,"kolo",3.2,16.74,3.2,"Myotis",0.936021505376344,1,84.866,80.624,238.2972,3
2024,"144",6,15.445,"Mmbra",1,"kolo",3.2,16.74,3.2,"Myotis",0.922640382317802,1,84.866,80.624,238.2972,3
2024,"144",6,15.445,"Mmbra",1,"kolo",3.2,16.74,3.2,"Myotis",0.922640382317802,1,84.866,80.624,238.2972,3
2024,"144",6,15.445,"Mmbra",1,"kolo",3.2,16.74,3.2,"Myotis",0.922640382317802,1,84.866,80.624,238.2972,3
2024,"144",6,15.445,"Mmbra",1,"kolo",3.2,16.74,3.2,"Myotis",0.922640382317802,1,84.866,80.624,238.2972,3
2024,"144",6,15.445,"Mmbra",1,"kolo",3.2,16.74,3.2,"Myotis",0.922640382317802,1,84.866,80.624,238.2972,3
2024,"144",6,15.445,"Mmbra",1,"kolo",3.2,16.74,3.2,"Myotis",0.922640382317802,1,84.866,80.624,238.2972,3
2024,"144",6,15.445,"Mmbra",1,"kolo",3.2,16.74,3.2,"Myotis",0.922640382317802,1,84.866,80.624,238.2972,3
2024,"144",6,15.445,"Mmbra",1,"kolo",3.2,16.74,3.2,"Myotis",0.922640382317802,1,84.866,80.624,238.2972,3
2024,"144",6,15.445,"Mmbra",1,"kolo",3.2,16.74,3.2,"Myotis",0.922640382317802,1,84.866,80.624,238.2972,3
2024,"144",6,15.445,"Mmbra",1,"kolo",3.2,16.74,3.2,"Myotis",0.922640382317802,1,84.866,80.624,238.2972,3
2024,"144",6,15.445,"Mmbra",1,"kolo",3.2,16.74,3.2,"Myotis",0.922640382317802,1,84.866,80.624,238.2972,3
2024,"144",6,15.445,"Mmbra",1,"kolo",3.2,16.74,3.2,"Myotis",0.922640382317802,1,84.866,80.624,238.2972,3
2024,"144",7,15.942,"Mmbra",1,"pinta",2.8,16.74,2.8,"Myotis",0.952329749103943,1,84.866,80.624,238.2972,3
2024,"144",7,15.942,"Mmbra",1,"pinta",2.8,16.74,2.8,"Myotis",0.952329749103943,1,84.866,80.624,238.2972,3
2024,"144",7,15.942,"Mmbra",1,"pinta",2.8,16.74,2.8,"Myotis",0.952329749103943,1,84.866,80.624,238.2972,3
2024,"144",8,15.696,"Mmbra",1,"pinta",3.1,16.74,3.1,"Myotis",0.937634408602151,1,84.866,80.624,238.2972,3
2024,"144",8,15.696,"Mmbra",1,"pinta",3.1,16.74,3.1,"Myotis",0.937634408602151,1,84.866,80.624,238.2972,3
2024,"144",8,15.696,"Mmbra",1,"pinta",3.1,16.74,3.1,"Myotis",0.937634408602151,1,84.866,80.624,238.2972,3
2024,"144",8,15.696,"Mdau",1,"pinta",3.1,16.74,3.1,"Myotis",0.937634408602151,1,84.866,80.624,238.2972,3
2024,"144",8,15.696,"Mdau",1,"pinta",3.1,16.74,3.1,"Myotis",0.937634408602151,1,84.866,80.624,238.2972,3
2024,"144",8,15.696,"Mdau",1,"pinta",3.1,16.74,3.1,"Myotis",0.937634408602151,1,84.866,80.624,238.2972,3
2024,"144",9,15.652,"Mmbra",1,"kolo",3,16.74,3,"Myotis",0.935005973715651,1,84.866,80.624,238.2972,3
2024,"144",9,15.652,"Mmbra",1,"kolo",3,16.74,3,"Myotis",0.935005973715651,1,84.866,80.624,238.2972,3
2024,"144",9,15.652,"Mmbra",1,"kolo",3,16.74,3,"Myotis",0.935005973715651,1,84.866,80.624,238.2972,3
2024,"144",9,15.652,"Mmbra",1,"kolo",3,16.74,3,"Myotis",0.935005973715651,1,84.866,80.624,238.2972,3
2024,"144",9,15.652,"Mmbra",1,"kolo",3,16.74,3,"Myotis",0.935005973715651,1,84.866,80.624,238.2972,3
2024,"144",9,15.652,"Mmbra",1,"kolo",3,16.74,3,"Myotis",0.935005973715651,1,84.866,80.624,238.2972,3
2024,"144",10,14.05,"Chi sp",1,"kolo",2.8,16.74,2.8,"Chi sp",0.839307048984469,1,84.866,80.624,238.2972,3
2024,"144",10,14.05,"Chi sp",1,"kolo",2.8,16.74,2.8,"Chi sp",0.839307048984469,1,84.866,80.624,238.2972,3
2024,"144",10,14.05,"Chi sp",1,"kolo",2.8,16.74,2.8,"Chi sp",0.839307048984469,1,84.866,80.624,238.2972,3
2024,"144",11,4.704,"Enil",1,"pinta",2.2,16.74,2.2,"Enil",0.281003584229391,1,84.866,80.624,238.2972,3
2024,"144",11,4.704,"Enil",1,"pinta",2.2,16.74,2.2,"Enil",0.281003584229391,1,84.866,80.624,238.2972,3
2024,"144",11,4.704,"Enil",1,"pinta",2.2,16.74,2.2,"Enil",0.281003584229391,1,84.866,80.624,238.2972,3
2024,"93",1,10.127,"Enil",1,"pinta",1.97,11.947,2,"Enil",0.84766050054407,0.985,41.91,56.149,82.5627,1
2024,"93",1,10.127,"Enil",1,"pinta",1.97,11.947,2,"Enil",0.84766050054407,0.985,41.91,56.149,82.5627,1
2024,"93",1,10.127,"Enil",1,"pinta",1.97,11.947,2,"Enil",0.84766050054407,0.985,41.91,56.149,82.5627,1
2024,"93",1,10.127,"Enil",1,"pinta",1.97,11.947,2,"Enil",0.84766050054407,0.985,41.91,56.149,82.5627,1
2024,"93",1,10.127,"Enil",1,"pinta",1.97,11.947,2,"Enil",0.84766050054407,0.985,41.91,56.149,82.5627,1
2024,"93",1,10.127,"Enil",1,"pinta",1.97,11.947,2,"Enil",0.84766050054407,0.985,41.91,56.149,82.5627,1
2024,"92",1,10.262,"Enil",1,"pinta",1.9,12.438,2,"Enil",0.82505225920566,0.95,32.409,37.144,63.84573,1
2024,"92",1,10.262,"Enil",1,"pinta",1.9,12.438,2,"Enil",0.82505225920566,0.95,32.409,37.144,63.84573,1
2024,"92",1,10.262,"Enil",1,"pinta",1.9,12.438,2,"Enil",0.82505225920566,0.95,32.409,37.144,63.84573,1
2024,"92",1,10.262,"Enil",1,"pinta",1.9,12.438,2,"Enil",0.82505225920566,0.95,32.409,37.144,63.84573,1
2024,"92",1,10.262,"Enil",1,"pinta",1.9,12.438,2,"Enil",0.82505225920566,0.95,32.409,37.144,63.84573,1
2024,"92",1,10.262,"Enil",1,"pinta",1.9,12.438,2,"Enil",0.82505225920566,0.95,32.409,37.144,63.84573,1
2024,"92",2,3.78,"Enil",1,"pinta",1.8,12.438,2,"Enil",0.303907380607815,0.9,32.409,37.144,63.84573,1
2024,"92",2,3.78,"Enil",1,"pinta",1.8,12.438,2,"Enil",0.303907380607815,0.9,32.409,37.144,63.84573,1
2024,"92",2,3.78,"Enil",1,"pinta",1.8,12.438,2,"Enil",0.303907380607815,0.9,32.409,37.144,63.84573,1
2024,"94",1,10.67,"Enil",1,"pinta",1.9,11.677,1.9,"Enil",0.913762096428877,1,42.669,54.276,81.0711,1
2024,"94",1,10.67,"Enil",1,"pinta",1.9,11.677,1.9,"Enil",0.913762096428877,1,42.669,54.276,81.0711,1
2024,"94",1,10.67,"Enil",1,"pinta",1.9,11.677,1.9,"Enil",0.913762096428877,1,42.669,54.276,81.0711,1
2024,"158",1,4.493,"Enil",1,"pinta",2.8,8.592,4.5,"Enil",0.522928305400372,0.622222222222222,49.989,61.873,94.9791,3
2024,"158",1,4.493,"Enil",1,"pinta",2.8,8.592,4.5,"Enil",0.522928305400372,0.622222222222222,49.989,61.873,94.9791,3
2024,"158",1,4.493,"Enil",1,"pinta",2.8,8.592,4.5,"Enil",0.522928305400372,0.622222222222222,49.989,61.873,94.9791,3
2024,"102",1,3.839,"Enil",1,"kolo",2,11.891,2,"Enil",0.322849213691027,1,42.91,54.67,85.82,1
2024,"102",1,3.839,"Enil",1,"kolo",2,11.891,2,"Enil",0.322849213691027,1,42.91,54.67,85.82,1
2024,"102",1,3.839,"Enil",1,"kolo",2,11.891,2,"Enil",0.322849213691027,1,42.91,54.67,85.82,1
2024,"102",2,10.611,"Enil",1,"pinta",2,11.891,2,"Enil",0.892355563030864,1,42.91,54.67,85.82,1
2024,"102",2,10.611,"Enil",1,"pinta",2,11.891,2,"Enil",0.892355563030864,1,42.91,54.67,85.82,1
2024,"102",2,10.611,"Enil",1,"pinta",2,11.891,2,"Enil",0.892355563030864,1,42.91,54.67,85.82,1
2024,"104",1,8.297,"Enil",1,"kolo",1.9,9.808,1.9,"Enil",0.845942088091354,1,44.584,61.481,84.7096,3
2024,"104",1,8.297,"Enil",1,"kolo",1.9,9.808,1.9,"Enil",0.845942088091354,1,44.584,61.481,84.7096,3
2024,"104",1,8.297,"Enil",1,"kolo",1.9,9.808,1.9,"Enil",0.845942088091354,1,44.584,61.481,84.7096,3
2024,"106",1,6.407,"Enil",1,"kolo",1.9,11.693,1.9,"Enil",0.547934661763448,1,42.563,54.138,80.8697,1
2024,"106",1,6.407,"Enil",1,"kolo",1.9,11.693,1.9,"Enil",0.547934661763448,1,42.563,54.138,80.8697,1
2024,"106",1,6.407,"Enil",1,"kolo",1.9,11.693,1.9,"Enil",0.547934661763448,1,42.563,54.138,80.8697,1
2024,"420",1,10.808,"Enil",1,"pinta",2,12.467,2,"Enil",0.86692869174621,1,40.883,55.481,81.766,1
2024,"420",1,10.808,"Enil",1,"pinta",2,12.467,2,"Enil",0.86692869174621,1,40.883,55.481,81.766,1
2024,"420",1,10.808,"Enil",1,"pinta",2,12.467,2,"Enil",0.86692869174621,1,40.883,55.481,81.766,1
2024,"420",2,5.687,"Enil",1,"pinta",2,12.467,2,"Enil",0.456164273682522,1,40.883,55.481,81.766,1
2024,"420",2,5.687,"Enil",1,"pinta",2,12.467,2,"Enil",0.456164273682522,1,40.883,55.481,81.766,1
2024,"420",2,5.687,"Enil",1,"pinta",2,12.467,2,"Enil",0.456164273682522,1,40.883,55.481,81.766,1
2024,"420",3,6.824,"Enil",1,"pinta",2,12.467,2,"Enil",0.547365043715409,1,40.883,55.481,81.766,1
2024,"420",3,6.824,"Enil",1,"pinta",2,12.467,2,"Enil",0.547365043715409,1,40.883,55.481,81.766,1
2024,"420",3,6.824,"Enil",1,"pinta",2,12.467,2,"Enil",0.547365043715409,1,40.883,55.481,81.766,1
2024,"11",1,3.005,"Mmbra",1,"kolo",1.1,21.93,2.5,"Myotis",0.13702690378477,0.44,94.067,95.21,231.8301,2
2024,"11",1,3.005,"Mmbra",1,"kolo",1.1,21.93,2.5,"Myotis",0.13702690378477,0.44,94.067,95.21,231.8301,2
2024,"11",1,3.005,"Mmbra",1,"kolo",1.1,21.93,2.5,"Myotis",0.13702690378477,0.44,94.067,95.21,231.8301,2
2024,"11",2,4.496,"Enil",1,"kolo",2.7,21.93,2.5,"Enil",0.205015959872321,1.08,94.067,95.21,231.8301,2
2024,"11",2,4.496,"Enil",1,"kolo",2.7,21.93,2.5,"Enil",0.205015959872321,1.08,94.067,95.21,231.8301,2
2024,"11",2,4.496,"Enil",1,"kolo",2.7,21.93,2.5,"Enil",0.205015959872321,1.08,94.067,95.21,231.8301,2
2024,"11",3,3.837,"Enil",1,"pinta",6,21.93,6,"Enil",0.174965800273598,1,94.067,95.21,231.8301,2
2024,"11",3,3.837,"Enil",1,"pinta",6,21.93,6,"Enil",0.174965800273598,1,94.067,95.21,231.8301,2
2024,"11",3,3.837,"Enil",1,"pinta",6,21.93,6,"Enil",0.174965800273598,1,94.067,95.21,231.8301,2
2024,"11",4,4.407,"Paur",1,"kolo",3.6,21.93,6,"Paur",0.200957592339261,0.6,94.067,95.21,231.8301,2
2024,"11",4,4.407,"Paur",1,"kolo",3.6,21.93,6,"Paur",0.200957592339261,0.6,94.067,95.21,231.8301,2
2024,"11",4,4.407,"Paur",1,"kolo",3.6,21.93,6,"Paur",0.200957592339261,0.6,94.067,95.21,231.8301,2
2024,"11",4,4.407,"Paur",1,"kolo",3.6,21.93,6,"Paur",0.200957592339261,0.6,94.067,95.21,231.8301,2
2024,"11",4,4.407,"Paur",1,"kolo",3.6,21.93,6,"Paur",0.200957592339261,0.6,94.067,95.21,231.8301,2
2024,"11",4,4.407,"Paur",1,"kolo",3.6,21.93,6,"Paur",0.200957592339261,0.6,94.067,95.21,231.8301,2
2024,"11",5,21.155,"Mmbra",1,"pinta",0,21.93,2.9,"Myotis",0.964660282717738,0,94.067,95.21,231.8301,2
2024,"11",5,21.155,"Mmbra",1,"pinta",0,21.93,2.9,"Myotis",0.964660282717738,0,94.067,95.21,231.8301,2
2024,"11",5,21.155,"Mmbra",1,"pinta",0,21.93,2.9,"Myotis",0.964660282717738,0,94.067,95.21,231.8301,2
2024,"11",6,13.876,"Mmbra",1,"kolo",3,21.93,3,"Myotis",0.632740538075695,1,94.067,95.21,231.8301,2
2024,"11",6,13.876,"Mmbra",1,"kolo",3,21.93,3,"Myotis",0.632740538075695,1,94.067,95.21,231.8301,2
2024,"11",6,13.876,"Mmbra",1,"kolo",3,21.93,3,"Myotis",0.632740538075695,1,94.067,95.21,231.8301,2
2024,"11",6,13.876,"Mmbra",1,"kolo",3,21.93,3,"Myotis",0.632740538075695,1,94.067,95.21,231.8301,2
2024,"11",6,13.876,"Mmbra",1,"kolo",3,21.93,3,"Myotis",0.632740538075695,1,94.067,95.21,231.8301,2
2024,"11",6,13.876,"Mmbra",1,"kolo",3,21.93,3,"Myotis",0.632740538075695,1,94.067,95.21,231.8301,2
2024,"11",6,13.876,"Mmbra",1,"kolo",3,21.93,3,"Myotis",0.632740538075695,1,94.067,95.21,231.8301,2
2024,"11",6,13.876,"Mmbra",1,"kolo",3,21.93,3,"Myotis",0.632740538075695,1,94.067,95.21,231.8301,2
2024,"11",6,13.876,"Mmbra",1,"kolo",3,21.93,3,"Myotis",0.632740538075695,1,94.067,95.21,231.8301,2
2024,"11",6,13.876,"Mmbra",1,"kolo",3,21.93,3,"Myotis",0.632740538075695,1,94.067,95.21,231.8301,2
2024,"11",6,13.876,"Mmbra",1,"kolo",3,21.93,3,"Myotis",0.632740538075695,1,94.067,95.21,231.8301,2
2024,"11",6,13.876,"Mmbra",1,"kolo",3,21.93,3,"Myotis",0.632740538075695,1,94.067,95.21,231.8301,2
2024,"11",7,21.252,"Mmbra",1,"kolo",2.9,21.93,2.9,"Myotis",0.969083447332421,1,94.067,95.21,231.8301,2
2024,"11",7,21.252,"Mmbra",1,"kolo",2.9,21.93,2.9,"Myotis",0.969083447332421,1,94.067,95.21,231.8301,2
2024,"11",7,21.252,"Mmbra",1,"kolo",2.9,21.93,2.9,"Myotis",0.969083447332421,1,94.067,95.21,231.8301,2
2024,"11",7,21.252,"Mmbra",1,"kolo",2.9,21.93,2.9,"Myotis",0.969083447332421,1,94.067,95.21,231.8301,2
2024,"11",7,21.252,"Mmbra",1,"kolo",2.9,21.93,2.9,"Myotis",0.969083447332421,1,94.067,95.21,231.8301,2
2024,"11",7,21.252,"Mmbra",1,"kolo",2.9,21.93,2.9,"Myotis",0.969083447332421,1,94.067,95.21,231.8301,2
2024,"11",8,14.784,"Mmbra",1,"kolo",3.1,21.93,3.1,"Myotis",0.674145006839945,1,94.067,95.21,231.8301,2
2024,"11",8,14.784,"Mmbra",1,"kolo",3.1,21.93,3.1,"Myotis",0.674145006839945,1,94.067,95.21,231.8301,2
2024,"11",8,14.784,"Mmbra",1,"kolo",3.1,21.93,3.1,"Myotis",0.674145006839945,1,94.067,95.21,231.8301,2
2024,"11",8,14.784,"Mmbra",1,"kolo",3.1,21.93,3.1,"Myotis",0.674145006839945,1,94.067,95.21,231.8301,2
2024,"11",8,14.784,"Mmbra",1,"kolo",3.1,21.93,3.1,"Myotis",0.674145006839945,1,94.067,95.21,231.8301,2
2024,"11",8,14.784,"Mmbra",1,"kolo",3.1,21.93,3.1,"Myotis",0.674145006839945,1,94.067,95.21,231.8301,2
2024,"11",8,14.784,"Mmbra",1,"kolo",3.1,21.93,3.1,"Myotis",0.674145006839945,1,94.067,95.21,231.8301,2
2024,"11",8,14.784,"Mmbra",1,"kolo",3.1,21.93,3.1,"Myotis",0.674145006839945,1,94.067,95.21,231.8301,2
2024,"11",8,14.784,"Mmbra",1,"kolo",3.1,21.93,3.1,"Myotis",0.674145006839945,1,94.067,95.21,231.8301,2
2024,"11",8,14.784,"Mmbra",1,"kolo",3.1,21.93,3.1,"Myotis",0.674145006839945,1,94.067,95.21,231.8301,2
2024,"11",8,14.784,"Mmbra",1,"kolo",3.1,21.93,3.1,"Myotis",0.674145006839945,1,94.067,95.21,231.8301,2
2024,"11",8,14.784,"Mmbra",1,"kolo",3.1,21.93,3.1,"Myotis",0.674145006839945,1,94.067,95.21,231.8301,2
2024,"11",8,14.784,"Mmbra",1,"kolo",3.1,21.93,3.1,"Myotis",0.674145006839945,1,94.067,95.21,231.8301,2
2024,"11",8,14.784,"Mmbra",1,"kolo",3.1,21.93,3.1,"Myotis",0.674145006839945,1,94.067,95.21,231.8301,2
2024,"11",8,14.784,"Mmbra",1,"kolo",3.1,21.93,3.1,"Myotis",0.674145006839945,1,94.067,95.21,231.8301,2
2024,"11",8,14.784,"Mmbra",1,"kolo",3.1,21.93,3.1,"Myotis",0.674145006839945,1,94.067,95.21,231.8301,2
2024,"11",8,14.784,"Mmbra",1,"kolo",3.1,21.93,3.1,"Myotis",0.674145006839945,1,94.067,95.21,231.8301,2
2024,"11",8,14.784,"Mmbra",1,"kolo",3.1,21.93,3.1,"Myotis",0.674145006839945,1,94.067,95.21,231.8301,2
2024,"11",8,14.784,"Mmbra",1,"kolo",3.1,21.93,3.1,"Myotis",0.674145006839945,1,94.067,95.21,231.8301,2
2024,"11",8,14.784,"Mmbra",1,"kolo",3.1,21.93,3.1,"Myotis",0.674145006839945,1,94.067,95.21,231.8301,2
2024,"11",8,14.784,"Mmbra",1,"kolo",3.1,21.93,3.1,"Myotis",0.674145006839945,1,94.067,95.21,231.8301,2
2024,"11",8,14.784,"Mmbra",1,"kolo",3.1,21.93,3.1,"Myotis",0.674145006839945,1,94.067,95.21,231.8301,2
2024,"11",8,14.784,"Mmbra",1,"kolo",3.1,21.93,3.1,"Myotis",0.674145006839945,1,94.067,95.21,231.8301,2
2024,"11",8,14.784,"Mmbra",1,"kolo",3.1,21.93,3.1,"Myotis",0.674145006839945,1,94.067,95.21,231.8301,2
2024,"11",8,14.784,"Mmbra",1,"kolo",3.1,21.93,3.1,"Myotis",0.674145006839945,1,94.067,95.21,231.8301,2
2024,"11",8,14.784,"Mmbra",1,"kolo",3.1,21.93,3.1,"Myotis",0.674145006839945,1,94.067,95.21,231.8301,2
2024,"11",8,14.784,"Mmbra",1,"kolo",3.1,21.93,3.1,"Myotis",0.674145006839945,1,94.067,95.21,231.8301,2
2024,"11",8,14.784,"Mmbra",1,"kolo",3.1,21.93,3.1,"Myotis",0.674145006839945,1,94.067,95.21,231.8301,2
2024,"11",8,14.784,"Mmbra",1,"kolo",3.1,21.93,3.1,"Myotis",0.674145006839945,1,94.067,95.21,231.8301,2
2024,"11",8,14.784,"Mmbra",1,"kolo",3.1,21.93,3.1,"Myotis",0.674145006839945,1,94.067,95.21,231.8301,2
2024,"11",9,14.164,"Mmbra",1,"pinta",2.8,21.93,2.8,"Myotis",0.645873233014136,1,94.067,95.21,231.8301,2
2024,"11",9,14.164,"Mmbra",1,"pinta",2.8,21.93,2.8,"Myotis",0.645873233014136,1,94.067,95.21,231.8301,2
2024,"11",9,14.164,"Mmbra",1,"pinta",2.8,21.93,2.8,"Myotis",0.645873233014136,1,94.067,95.21,231.8301,2
2024,"2",1,6.159,"Enil",1,"kolo",2.5,16.608,1.9,"Enil",0.370845375722543,1.31578947368421,116.3,92.954,311.4932,2
2024,"2",1,6.159,"Enil",1,"kolo",2.5,16.608,1.9,"Enil",0.370845375722543,1.31578947368421,116.3,92.954,311.4932,2
2024,"2",1,6.159,"Enil",1,"kolo",2.5,16.608,1.9,"Enil",0.370845375722543,1.31578947368421,116.3,92.954,311.4932,2
2024,"2",2,9.469,"Enil",1,"kolo",1.5,16.608,2.3,"Enil",0.570146917148362,0.652173913043478,116.3,92.954,311.4932,2
2024,"2",2,9.469,"Enil",1,"kolo",1.5,16.608,2.3,"Enil",0.570146917148362,0.652173913043478,116.3,92.954,311.4932,2
2024,"2",2,9.469,"Enil",1,"kolo",1.5,16.608,2.3,"Enil",0.570146917148362,0.652173913043478,116.3,92.954,311.4932,2
2024,"2",3,11.613,"Enil",1,"kolo",3,16.608,3,"Enil",0.699241329479769,1,116.3,92.954,311.4932,2
2024,"2",3,11.613,"Enil",1,"kolo",3,16.608,3,"Enil",0.699241329479769,1,116.3,92.954,311.4932,2
2024,"2",3,11.613,"Enil",1,"kolo",3,16.608,3,"Enil",0.699241329479769,1,116.3,92.954,311.4932,2
2024,"2",3,11.613,"Mmbra",1,"kolo",2,16.608,3,"Myotis",0.699241329479769,0.666666666666667,116.3,92.954,311.4932,2
2024,"2",3,11.613,"Mmbra",1,"kolo",2,16.608,3,"Myotis",0.699241329479769,0.666666666666667,116.3,92.954,311.4932,2
2024,"2",3,11.613,"Mmbra",1,"kolo",2,16.608,3,"Myotis",0.699241329479769,0.666666666666667,116.3,92.954,311.4932,2
2024,"2",4,9.232,"Myotis sp",1,"kolo",3,16.608,3,"Myotis",0.555876685934489,1,116.3,92.954,311.4932,2
2024,"2",4,9.232,"Myotis sp",1,"kolo",3,16.608,3,"Myotis",0.555876685934489,1,116.3,92.954,311.4932,2
2024,"2",4,9.232,"Myotis sp",1,"kolo",3,16.608,3,"Myotis",0.555876685934489,1,116.3,92.954,311.4932,2
2024,"2",5,7.526,"Enil",1,"kolo",2,16.608,2.3,"Enil",0.453155105973025,0.869565217391304,116.3,92.954,311.4932,2
2024,"2",5,7.526,"Enil",1,"kolo",2,16.608,2.3,"Enil",0.453155105973025,0.869565217391304,116.3,92.954,311.4932,2
2024,"2",5,7.526,"Enil",1,"kolo",2,16.608,2.3,"Enil",0.453155105973025,0.869565217391304,116.3,92.954,311.4932,2
2024,"2",6,11.649,"Enil",1,"kolo",2.5,16.608,3,"Enil",0.701408959537572,0.833333333333333,116.3,92.954,311.4932,2
2024,"2",6,11.649,"Enil",1,"kolo",2.5,16.608,3,"Enil",0.701408959537572,0.833333333333333,116.3,92.954,311.4932,2
2024,"2",6,11.649,"Enil",1,"kolo",2.5,16.608,3,"Enil",0.701408959537572,0.833333333333333,116.3,92.954,311.4932,2
2024,"2",7,15.034,"Myotis sp",1,"kolo",3,16.608,3,"Myotis",0.905226396917148,1,116.3,92.954,311.4932,2
2024,"2",7,15.034,"Myotis sp",1,"kolo",3,16.608,3,"Myotis",0.905226396917148,1,116.3,92.954,311.4932,2
2024,"2",7,15.034,"Myotis sp",1,"kolo",3,16.608,3,"Myotis",0.905226396917148,1,116.3,92.954,311.4932,2
2024,"1-180",1,17.364,"Enil",1,"pinta",3,24.446,3.1,"Enil",0.710300253620224,0.967741935483871,299.448,221.422,821.5596,4
2024,"1-180",1,17.364,"Enil",1,"pinta",3,24.446,3.1,"Enil",0.710300253620224,0.967741935483871,299.448,221.422,821.5596,4
2024,"1-180",1,17.364,"Enil",1,"pinta",3,24.446,3.1,"Enil",0.710300253620224,0.967741935483871,299.448,221.422,821.5596,4
2024,"1-180",2,16.923,"Paur",1,"kolo",2.5,24.446,3.1,"Paur",0.692260492514113,0.806451612903226,299.448,221.422,821.5596,4
2024,"1-180",2,16.923,"Paur",1,"kolo",2.5,24.446,3.1,"Paur",0.692260492514113,0.806451612903226,299.448,221.422,821.5596,4
2024,"1-180",2,16.923,"Paur",1,"kolo",2.5,24.446,3.1,"Paur",0.692260492514113,0.806451612903226,299.448,221.422,821.5596,4
2024,"1-180",3,20.673,"Mmbra",1,"kolo",3.5,24.446,3.5,"Myotis",0.845659821647713,1,299.448,221.422,821.5596,4
2024,"1-180",3,20.673,"Mmbra",1,"kolo",3.5,24.446,3.5,"Myotis",0.845659821647713,1,299.448,221.422,821.5596,4
2024,"1-180",3,20.673,"Mmbra",1,"kolo",3.5,24.446,3.5,"Myotis",0.845659821647713,1,299.448,221.422,821.5596,4
2024,"1-180",4,21.022,"Mmbra",1,"kolo",3,24.446,3.1,"Myotis",0.85993618587908,0.967741935483871,299.448,221.422,821.5596,4
2024,"1-180",4,21.022,"Mmbra",1,"kolo",3,24.446,3.1,"Myotis",0.85993618587908,0.967741935483871,299.448,221.422,821.5596,4
2024,"1-180",4,21.022,"Mmbra",1,"kolo",3,24.446,3.1,"Myotis",0.85993618587908,0.967741935483871,299.448,221.422,821.5596,4
2024,"1-180",5,17.189,"Myotis sp",1,"kolo",4,24.446,4,"Myotis",0.703141618260656,1,299.448,221.422,821.5596,4
2024,"1-180",5,17.189,"Myotis sp",1,"kolo",4,24.446,4,"Myotis",0.703141618260656,1,299.448,221.422,821.5596,4
2024,"1-180",5,17.189,"Myotis sp",1,"kolo",4,24.446,4,"Myotis",0.703141618260656,1,299.448,221.422,821.5596,4
2024,"1-180",5,17.189,"Chi sp",1,"kolo",4,24.446,4,"Chi sp",0.703141618260656,1,299.448,221.422,821.5596,4
2024,"1-180",5,17.189,"Chi sp",1,"kolo",4,24.446,4,"Chi sp",0.703141618260656,1,299.448,221.422,821.5596,4
2024,"1-180",5,17.189,"Chi sp",1,"kolo",4,24.446,4,"Chi sp",0.703141618260656,1,299.448,221.422,821.5596,4
2024,"1-180",6,12.379,"Enil",1,"pinta",1.8,24.446,2.5,"Enil",0.506381412091958,0.72,299.448,221.422,821.5596,4
2024,"1-180",6,12.379,"Enil",1,"pinta",1.8,24.446,2.5,"Enil",0.506381412091958,0.72,299.448,221.422,821.5596,4
2024,"1-180",6,12.379,"Enil",1,"pinta",1.8,24.446,2.5,"Enil",0.506381412091958,0.72,299.448,221.422,821.5596,4
2024,"1-180",7,10.854,"Enil",1,"pinta",3,24.446,3,"Enil",0.443999018244293,1,299.448,221.422,821.5596,4
2024,"1-180",7,10.854,"Enil",1,"pinta",3,24.446,3,"Enil",0.443999018244293,1,299.448,221.422,821.5596,4
2024,"1-180",7,10.854,"Enil",1,"pinta",3,24.446,3,"Enil",0.443999018244293,1,299.448,221.422,821.5596,4
2024,"1-180",7,10.854,"Enil",1,"pinta",3,24.446,3,"Enil",0.443999018244293,1,299.448,221.422,821.5596,4
2024,"1-180",7,10.854,"Enil",1,"pinta",3,24.446,3,"Enil",0.443999018244293,1,299.448,221.422,821.5596,4
2024,"1-180",7,10.854,"Enil",1,"pinta",3,24.446,3,"Enil",0.443999018244293,1,299.448,221.422,821.5596,4
2024,"7",1,9.772,"Enil",1,"kolo",2.5,25.985,2.5,"Enil",0.376063113334616,1,176.048,184.846,441.139,4
2024,"7",1,9.772,"Enil",1,"kolo",2.5,25.985,2.5,"Enil",0.376063113334616,1,176.048,184.846,441.139,4
2024,"7",1,9.772,"Enil",1,"kolo",2.5,25.985,2.5,"Enil",0.376063113334616,1,176.048,184.846,441.139,4
2024,"7",2,19.277,"Mmbra",1,"kolo",1.5,25.985,2.3,"Myotis",0.741851067923802,0.652173913043478,176.048,184.846,441.139,4
2024,"7",2,19.277,"Mmbra",1,"kolo",1.5,25.985,2.3,"Myotis",0.741851067923802,0.652173913043478,176.048,184.846,441.139,4
2024,"7",2,19.277,"Mmbra",1,"kolo",1.5,25.985,2.3,"Myotis",0.741851067923802,0.652173913043478,176.048,184.846,441.139,4
2024,"7",3,18.65,"Mmbra",1,"kolo",1.5,25.985,2.3,"Myotis",0.71772176255532,0.652173913043478,176.048,184.846,441.139,4
2024,"7",3,18.65,"Mmbra",1,"kolo",1.5,25.985,2.3,"Myotis",0.71772176255532,0.652173913043478,176.048,184.846,441.139,4
2024,"7",3,18.65,"Mmbra",1,"kolo",1.5,25.985,2.3,"Myotis",0.71772176255532,0.652173913043478,176.048,184.846,441.139,4
2024,"7",4,16.318,"Enil",1,"kolo",1.5,25.985,2.3,"Enil",0.627977679430441,0.652173913043478,176.048,184.846,441.139,4
2024,"7",4,16.318,"Enil",1,"kolo",1.5,25.985,2.3,"Enil",0.627977679430441,0.652173913043478,176.048,184.846,441.139,4
2024,"7",4,16.318,"Enil",1,"kolo",1.5,25.985,2.3,"Enil",0.627977679430441,0.652173913043478,176.048,184.846,441.139,4
2024,"7",5,17.895,"Paur",1,"kolo",1,25.985,2.3,"Paur",0.688666538387531,0.434782608695652,176.048,184.846,441.139,4
2024,"7",5,17.895,"Paur",1,"kolo",1,25.985,2.3,"Paur",0.688666538387531,0.434782608695652,176.048,184.846,441.139,4
2024,"7",5,17.895,"Paur",1,"kolo",1,25.985,2.3,"Paur",0.688666538387531,0.434782608695652,176.048,184.846,441.139,4
2024,"7",6,8.611,"Enil",1,"kolo",4.5,25.985,5,"Enil",0.331383490475274,0.9,176.048,184.846,441.139,4
2024,"7",6,8.611,"Enil",1,"kolo",4.5,25.985,5,"Enil",0.331383490475274,0.9,176.048,184.846,441.139,4
2024,"7",6,8.611,"Enil",1,"kolo",4.5,25.985,5,"Enil",0.331383490475274,0.9,176.048,184.846,441.139,4
2024,"7",6,8.611,"Paur",1,"kolo",4.5,25.985,5,"Paur",0.331383490475274,0.9,176.048,184.846,441.139,4
2024,"7",6,8.611,"Paur",1,"kolo",4.5,25.985,5,"Paur",0.331383490475274,0.9,176.048,184.846,441.139,4
2024,"7",6,8.611,"Paur",1,"kolo",4.5,25.985,5,"Paur",0.331383490475274,0.9,176.048,184.846,441.139,4
2024,"7",6,8.611,"Paur",1,"kolo",4.5,25.985,5,"Paur",0.331383490475274,0.9,176.048,184.846,441.139,4
2024,"7",6,8.611,"Paur",1,"kolo",4.5,25.985,5,"Paur",0.331383490475274,0.9,176.048,184.846,441.139,4
2024,"7",6,8.611,"Paur",1,"kolo",4.5,25.985,5,"Paur",0.331383490475274,0.9,176.048,184.846,441.139,4
2024,"7",6,8.611,"Mmbra",1,"kolo",4.5,25.985,5,"Myotis",0.331383490475274,0.9,176.048,184.846,441.139,4
2024,"7",6,8.611,"Mmbra",1,"kolo",4.5,25.985,5,"Myotis",0.331383490475274,0.9,176.048,184.846,441.139,4
2024,"7",6,8.611,"Mmbra",1,"kolo",4.5,25.985,5,"Myotis",0.331383490475274,0.9,176.048,184.846,441.139,4
2024,"7",6,8.611,"Mmbra",1,"kolo",4.5,25.985,5,"Myotis",0.331383490475274,0.9,176.048,184.846,441.139,4
2024,"7",6,8.611,"Mmbra",1,"kolo",4.5,25.985,5,"Myotis",0.331383490475274,0.9,176.048,184.846,441.139,4
2024,"7",6,8.611,"Mmbra",1,"kolo",4.5,25.985,5,"Myotis",0.331383490475274,0.9,176.048,184.846,441.139,4
2024,"7",6,8.611,"Mmbra",1,"kolo",4.5,25.985,5,"Myotis",0.331383490475274,0.9,176.048,184.846,441.139,4
2024,"7",6,8.611,"Mmbra",1,"kolo",4.5,25.985,5,"Myotis",0.331383490475274,0.9,176.048,184.846,441.139,4
2024,"7",6,8.611,"Mmbra",1,"kolo",4.5,25.985,5,"Myotis",0.331383490475274,0.9,176.048,184.846,441.139,4
2024,"7",6,8.611,"Mmbra",1,"kolo",4.5,25.985,5,"Myotis",0.331383490475274,0.9,176.048,184.846,441.139,4
2024,"7",6,8.611,"Mmbra",1,"kolo",4.5,25.985,5,"Myotis",0.331383490475274,0.9,176.048,184.846,441.139,4
2024,"7",6,8.611,"Mmbra",1,"kolo",4.5,25.985,5,"Myotis",0.331383490475274,0.9,176.048,184.846,441.139,4
2024,"7",6,8.611,"Mmbra",1,"kolo",4.5,25.985,5,"Myotis",0.331383490475274,0.9,176.048,184.846,441.139,4
2024,"7",6,8.611,"Mmbra",1,"kolo",4.5,25.985,5,"Myotis",0.331383490475274,0.9,176.048,184.846,441.139,4
2024,"7",6,8.611,"Mmbra",1,"kolo",4.5,25.985,5,"Myotis",0.331383490475274,0.9,176.048,184.846,441.139,4
2024,"7",6,8.611,"Mmbra",1,"kolo",4.5,25.985,5,"Myotis",0.331383490475274,0.9,176.048,184.846,441.139,4
2024,"7",6,8.611,"Mmbra",1,"kolo",4.5,25.985,5,"Myotis",0.331383490475274,0.9,176.048,184.846,441.139,4
2024,"7",6,8.611,"Mmbra",1,"kolo",4.5,25.985,5,"Myotis",0.331383490475274,0.9,176.048,184.846,441.139,4
2024,"7",6,8.611,"Mmbra",1,"kolo",4.5,25.985,5,"Myotis",0.331383490475274,0.9,176.048,184.846,441.139,4
2024,"7",6,8.611,"Mmbra",1,"kolo",4.5,25.985,5,"Myotis",0.331383490475274,0.9,176.048,184.846,441.139,4
2024,"7",6,8.611,"Mmbra",1,"kolo",4.5,25.985,5,"Myotis",0.331383490475274,0.9,176.048,184.846,441.139,4
2024,"7",6,8.611,"Mmbra",1,"kolo",4.5,25.985,5,"Myotis",0.331383490475274,0.9,176.048,184.846,441.139,4
2024,"7",6,8.611,"Mmbra",1,"kolo",4.5,25.985,5,"Myotis",0.331383490475274,0.9,176.048,184.846,441.139,4
2024,"7",6,8.611,"Mmbra",1,"kolo",4.5,25.985,5,"Myotis",0.331383490475274,0.9,176.048,184.846,441.139,4
2024,"7",6,8.611,"Mmbra",1,"kolo",4.5,25.985,5,"Myotis",0.331383490475274,0.9,176.048,184.846,441.139,4
2024,"7",6,8.611,"Mmbra",1,"kolo",4.5,25.985,5,"Myotis",0.331383490475274,0.9,176.048,184.846,441.139,4
2024,"7",6,8.611,"Mmbra",1,"kolo",4.5,25.985,5,"Myotis",0.331383490475274,0.9,176.048,184.846,441.139,4
2024,"7",6,8.611,"Mmbra",1,"kolo",4.5,25.985,5,"Myotis",0.331383490475274,0.9,176.048,184.846,441.139,4
2024,"7",6,8.611,"Mmbra",1,"kolo",4.5,25.985,5,"Myotis",0.331383490475274,0.9,176.048,184.846,441.139,4
2024,"7",6,8.611,"Mmbra",1,"kolo",4.5,25.985,5,"Myotis",0.331383490475274,0.9,176.048,184.846,441.139,4
2024,"7",6,8.611,"Mmbra",1,"kolo",4.5,25.985,5,"Myotis",0.331383490475274,0.9,176.048,184.846,441.139,4
2024,"7",6,8.611,"Mmbra",1,"kolo",4.5,25.985,5,"Myotis",0.331383490475274,0.9,176.048,184.846,441.139,4
2024,"7",6,8.611,"Mmbra",1,"kolo",4.5,25.985,5,"Myotis",0.331383490475274,0.9,176.048,184.846,441.139,4
2024,"7",6,8.611,"Mmbra",1,"kolo",4.5,25.985,5,"Myotis",0.331383490475274,0.9,176.048,184.846,441.139,4
2024,"7",6,8.611,"Mmbra",1,"kolo",4.5,25.985,5,"Myotis",0.331383490475274,0.9,176.048,184.846,441.139,4
2024,"7",6,8.611,"Mmbra",1,"kolo",4.5,25.985,5,"Myotis",0.331383490475274,0.9,176.048,184.846,441.139,4
2024,"7",6,8.611,"Mmbra",1,"kolo",4.5,25.985,5,"Myotis",0.331383490475274,0.9,176.048,184.846,441.139,4
2024,"7",6,8.611,"Mmbra",1,"kolo",4.5,25.985,5,"Myotis",0.331383490475274,0.9,176.048,184.846,441.139,4
2024,"7",6,8.611,"Mmbra",1,"kolo",4.5,25.985,5,"Myotis",0.331383490475274,0.9,176.048,184.846,441.139,4
2024,"7",6,8.611,"Mmbra",1,"kolo",4.5,25.985,5,"Myotis",0.331383490475274,0.9,176.048,184.846,441.139,4
2024,"7",6,8.611,"Mmbra",1,"kolo",4.5,25.985,5,"Myotis",0.331383490475274,0.9,176.048,184.846,441.139,4
2024,"7",6,8.611,"Mmbra",1,"kolo",4.5,25.985,5,"Myotis",0.331383490475274,0.9,176.048,184.846,441.139,4
2024,"7",7,17.57,"Mmbra",1,"kolo",2,25.985,2.3,"Myotis",0.676159322686165,0.869565217391304,176.048,184.846,441.139,4
2024,"7",7,17.57,"Mmbra",1,"kolo",2,25.985,2.3,"Myotis",0.676159322686165,0.869565217391304,176.048,184.846,441.139,4
2024,"7",7,17.57,"Mmbra",1,"kolo",2,25.985,2.3,"Myotis",0.676159322686165,0.869565217391304,176.048,184.846,441.139,4
2024,"7",7,17.57,"Mmbra",1,"kolo",2,25.985,2.3,"Myotis",0.676159322686165,0.869565217391304,176.048,184.846,441.139,4
2024,"7",7,17.57,"Mmbra",1,"kolo",2,25.985,2.3,"Myotis",0.676159322686165,0.869565217391304,176.048,184.846,441.139,4
2024,"7",7,17.57,"Mmbra",1,"kolo",2,25.985,2.3,"Myotis",0.676159322686165,0.869565217391304,176.048,184.846,441.139,4
2024,"7",7,17.57,"Myotis sp",1,"kolo",NA,25.985,2.3,"Myotis",0.676159322686165,NA,176.048,184.846,441.139,4
2024,"7",7,17.57,"Myotis sp",1,"kolo",NA,25.985,2.3,"Myotis",0.676159322686165,NA,176.048,184.846,441.139,4
2024,"7",7,17.57,"Myotis sp",1,"kolo",NA,25.985,2.3,"Myotis",0.676159322686165,NA,176.048,184.846,441.139,4
2024,"7",7,17.57,"Myotis sp",1,"kolo",NA,25.985,2.3,"Myotis",0.676159322686165,NA,176.048,184.846,441.139,4
2024,"7",7,17.57,"Myotis sp",1,"kolo",NA,25.985,2.3,"Myotis",0.676159322686165,NA,176.048,184.846,441.139,4
2024,"7",7,17.57,"Myotis sp",1,"kolo",NA,25.985,2.3,"Myotis",0.676159322686165,NA,176.048,184.846,441.139,4
2024,"7",7,17.57,"Myotis sp",1,"kolo",NA,25.985,2.3,"Myotis",0.676159322686165,NA,176.048,184.846,441.139,4
2024,"7",7,17.57,"Myotis sp",1,"kolo",NA,25.985,2.3,"Myotis",0.676159322686165,NA,176.048,184.846,441.139,4
2024,"7",7,17.57,"Myotis sp",1,"kolo",NA,25.985,2.3,"Myotis",0.676159322686165,NA,176.048,184.846,441.139,4
2024,"7",7,17.57,"Paur",1,"kolo",1,25.985,2.3,"Paur",0.676159322686165,0.434782608695652,176.048,184.846,441.139,4
2024,"7",7,17.57,"Paur",1,"kolo",1,25.985,2.3,"Paur",0.676159322686165,0.434782608695652,176.048,184.846,441.139,4
2024,"7",7,17.57,"Paur",1,"kolo",1,25.985,2.3,"Paur",0.676159322686165,0.434782608695652,176.048,184.846,441.139,4
2024,"7",8,19.234,"Myotis sp",1,"kolo",3.2,25.985,3.2,"Myotis",0.74019626707716,1,176.048,184.846,441.139,4
2024,"7",8,19.234,"Myotis sp",1,"kolo",3.2,25.985,3.2,"Myotis",0.74019626707716,1,176.048,184.846,441.139,4
2024,"7",8,19.234,"Myotis sp",1,"kolo",3.2,25.985,3.2,"Myotis",0.74019626707716,1,176.048,184.846,441.139,4
2024,"7",8,19.234,"Myotis sp",1,"kolo",3.2,25.985,3.2,"Myotis",0.74019626707716,1,176.048,184.846,441.139,4
2024,"7",8,19.234,"Myotis sp",1,"kolo",3.2,25.985,3.2,"Myotis",0.74019626707716,1,176.048,184.846,441.139,4
2024,"7",8,19.234,"Myotis sp",1,"kolo",3.2,25.985,3.2,"Myotis",0.74019626707716,1,176.048,184.846,441.139,4
2024,"7",8,19.234,"Myotis sp",1,"kolo",3.2,25.985,3.2,"Myotis",0.74019626707716,1,176.048,184.846,441.139,4
2024,"7",8,19.234,"Myotis sp",1,"kolo",3.2,25.985,3.2,"Myotis",0.74019626707716,1,176.048,184.846,441.139,4
2024,"7",8,19.234,"Myotis sp",1,"kolo",3.2,25.985,3.2,"Myotis",0.74019626707716,1,176.048,184.846,441.139,4
2024,"7",9,19.753,"Mmbra",1,"kolo",2,25.985,3.2,"Myotis",0.760169328458726,0.625,176.048,184.846,441.139,4
2024,"7",9,19.753,"Mmbra",1,"kolo",2,25.985,3.2,"Myotis",0.760169328458726,0.625,176.048,184.846,441.139,4
2024,"7",9,19.753,"Mmbra",1,"kolo",2,25.985,3.2,"Myotis",0.760169328458726,0.625,176.048,184.846,441.139,4
2024,"7",10,20.352,"Myotis sp",1,"kolo",3.2,25.985,3.2,"Myotis",0.78322108908986,1,176.048,184.846,441.139,4
2024,"7",10,20.352,"Myotis sp",1,"kolo",3.2,25.985,3.2,"Myotis",0.78322108908986,1,176.048,184.846,441.139,4
2024,"7",10,20.352,"Myotis sp",1,"kolo",3.2,25.985,3.2,"Myotis",0.78322108908986,1,176.048,184.846,441.139,4
2024,"7",10,20.352,"Myotis sp",1,"kolo",3.2,25.985,3.2,"Myotis",0.78322108908986,1,176.048,184.846,441.139,4
2024,"7",10,20.352,"Myotis sp",1,"kolo",3.2,25.985,3.2,"Myotis",0.78322108908986,1,176.048,184.846,441.139,4
2024,"7",10,20.352,"Myotis sp",1,"kolo",3.2,25.985,3.2,"Myotis",0.78322108908986,1,176.048,184.846,441.139,4
2024,"7",10,20.352,"Myotis sp",1,"kolo",3.2,25.985,3.2,"Myotis",0.78322108908986,1,176.048,184.846,441.139,4
2024,"7",10,20.352,"Myotis sp",1,"kolo",3.2,25.985,3.2,"Myotis",0.78322108908986,1,176.048,184.846,441.139,4
2024,"7",10,20.352,"Myotis sp",1,"kolo",3.2,25.985,3.2,"Myotis",0.78322108908986,1,176.048,184.846,441.139,4
2024,"7",10,20.352,"Myotis sp",1,"kolo",3.2,25.985,3.2,"Myotis",0.78322108908986,1,176.048,184.846,441.139,4
2024,"7",10,20.352,"Myotis sp",1,"kolo",3.2,25.985,3.2,"Myotis",0.78322108908986,1,176.048,184.846,441.139,4
2024,"7",10,20.352,"Myotis sp",1,"kolo",3.2,25.985,3.2,"Myotis",0.78322108908986,1,176.048,184.846,441.139,4
2024,"7",11,20.899,"Mmbra",1,"pinta",3.2,25.985,3.2,"Myotis",0.804271695208774,1,176.048,184.846,441.139,4
2024,"7",11,20.899,"Mmbra",1,"pinta",3.2,25.985,3.2,"Myotis",0.804271695208774,1,176.048,184.846,441.139,4
2024,"7",11,20.899,"Mmbra",1,"pinta",3.2,25.985,3.2,"Myotis",0.804271695208774,1,176.048,184.846,441.139,4
2024,"7",12,23.43,"Mmbra",1,"kolo",3,25.985,3.2,"Myotis",0.901674042716952,0.9375,176.048,184.846,441.139,4
2024,"7",12,23.43,"Mmbra",1,"kolo",3,25.985,3.2,"Myotis",0.901674042716952,0.9375,176.048,184.846,441.139,4
2024,"7",12,23.43,"Mmbra",1,"kolo",3,25.985,3.2,"Myotis",0.901674042716952,0.9375,176.048,184.846,441.139,4
2024,"7",13,25.476,"Mmbra",1,"kolo",3.2,25.985,3.2,"Myotis",0.98041177602463,1,176.048,184.846,441.139,4
2024,"7",13,25.476,"Mmbra",1,"kolo",3.2,25.985,3.2,"Myotis",0.98041177602463,1,176.048,184.846,441.139,4
2024,"7",13,25.476,"Mmbra",1,"kolo",3.2,25.985,3.2,"Myotis",0.98041177602463,1,176.048,184.846,441.139,4
2024,"7",13,25.476,"Mmbra",1,"kolo",3.2,25.985,3.2,"Myotis",0.98041177602463,1,176.048,184.846,441.139,4
2024,"7",13,25.476,"Mmbra",1,"kolo",3.2,25.985,3.2,"Myotis",0.98041177602463,1,176.048,184.846,441.139,4
2024,"7",13,25.476,"Mmbra",1,"kolo",3.2,25.985,3.2,"Myotis",0.98041177602463,1,176.048,184.846,441.139,4
2024,"7",13,25.476,"Mmbra",1,"kolo",3.2,25.985,3.2,"Myotis",0.98041177602463,1,176.048,184.846,441.139,4
2024,"7",13,25.476,"Mmbra",1,"kolo",3.2,25.985,3.2,"Myotis",0.98041177602463,1,176.048,184.846,441.139,4
2024,"7",13,25.476,"Mmbra",1,"kolo",3.2,25.985,3.2,"Myotis",0.98041177602463,1,176.048,184.846,441.139,4
2024,"7",14,25.309,"Mmbra",1,"kolo",3.2,25.985,3.2,"Myotis",0.973984991341158,1,176.048,184.846,441.139,4
2024,"7",14,25.309,"Mmbra",1,"kolo",3.2,25.985,3.2,"Myotis",0.973984991341158,1,176.048,184.846,441.139,4
2024,"7",14,25.309,"Mmbra",1,"kolo",3.2,25.985,3.2,"Myotis",0.973984991341158,1,176.048,184.846,441.139,4
2024,"7",14,25.309,"Mmbra",1,"kolo",3.2,25.985,3.2,"Myotis",0.973984991341158,1,176.048,184.846,441.139,4
2024,"7",14,25.309,"Mmbra",1,"kolo",3.2,25.985,3.2,"Myotis",0.973984991341158,1,176.048,184.846,441.139,4
2024,"7",14,25.309,"Mmbra",1,"kolo",3.2,25.985,3.2,"Myotis",0.973984991341158,1,176.048,184.846,441.139,4
2024,"7",15,25.792,"Enil",1,"pinta",2,25.985,3.2,"Enil",0.99257263806042,0.625,176.048,184.846,441.139,4
2024,"7",15,25.792,"Enil",1,"pinta",2,25.985,3.2,"Enil",0.99257263806042,0.625,176.048,184.846,441.139,4
2024,"7",15,25.792,"Enil",1,"pinta",2,25.985,3.2,"Enil",0.99257263806042,0.625,176.048,184.846,441.139,4
2024,"7",16,25.872,"Enil",1,"pinta",3,25.985,3.2,"Enil",0.995651337309987,0.9375,176.048,184.846,441.139,4
2024,"7",16,25.872,"Enil",1,"pinta",3,25.985,3.2,"Enil",0.995651337309987,0.9375,176.048,184.846,441.139,4
2024,"7",16,25.872,"Enil",1,"pinta",3,25.985,3.2,"Enil",0.995651337309987,0.9375,176.048,184.846,441.139,4
2024,"70",1,10.748,"Chi sp",1,"kolo",2.1,11.786,2.1,"Chi sp",0.911929407771933,1,47.005,56.461,94.01,2
2024,"70",1,10.748,"Chi sp",1,"kolo",2.1,11.786,2.1,"Chi sp",0.911929407771933,1,47.005,56.461,94.01,2
2024,"70",1,10.748,"Chi sp",1,"kolo",2.1,11.786,2.1,"Chi sp",0.911929407771933,1,47.005,56.461,94.01,2
2024,"152",1,11.524,"Enil",1,"kolo",2,12.904,2,"Enil",0.893056416615003,1,43.884,51.194,87.768,1
2024,"152",1,11.524,"Enil",1,"kolo",2,12.904,2,"Enil",0.893056416615003,1,43.884,51.194,87.768,1
2024,"152",1,11.524,"Enil",1,"kolo",2,12.904,2,"Enil",0.893056416615003,1,43.884,51.194,87.768,1
2024,"152",2,11.906,"Enil",1,"kolo",2,12.904,2,"Enil",0.922659640421575,1,43.884,51.194,87.768,1
2024,"152",2,11.906,"Enil",1,"kolo",2,12.904,2,"Enil",0.922659640421575,1,43.884,51.194,87.768,1
2024,"152",2,11.906,"Enil",1,"kolo",2,12.904,2,"Enil",0.922659640421575,1,43.884,51.194,87.768,1
2024,"152",2,11.906,"Enil",1,"kolo",2,12.904,2,"Enil",0.922659640421575,1,43.884,51.194,87.768,1
2024,"152",2,11.906,"Enil",1,"kolo",2,12.904,2,"Enil",0.922659640421575,1,43.884,51.194,87.768,1
2024,"152",2,11.906,"Enil",1,"kolo",2,12.904,2,"Enil",0.922659640421575,1,43.884,51.194,87.768,1
2024,"72",1,4.244,"Enil",1,"pinta",-3,10.996,2,"Enil",0.385958530374682,-1.5,42.27,52.591,81.5811,1
2024,"72",1,4.244,"Enil",1,"pinta",-3,10.996,2,"Enil",0.385958530374682,-1.5,42.27,52.591,81.5811,1
2024,"72",1,4.244,"Enil",1,"pinta",-3,10.996,2,"Enil",0.385958530374682,-1.5,42.27,52.591,81.5811,1
2024,"72",1,4.244,"Enil",1,"pinta",-3,10.996,2,"Enil",0.385958530374682,-1.5,42.27,52.591,81.5811,1
2024,"72",1,4.244,"Enil",1,"pinta",-3,10.996,2,"Enil",0.385958530374682,-1.5,42.27,52.591,81.5811,1
2024,"72",1,4.244,"Enil",1,"pinta",-3,10.996,2,"Enil",0.385958530374682,-1.5,42.27,52.591,81.5811,1
2024,"72",1,4.244,"Enil",1,"pinta",-3,10.996,2,"Enil",0.385958530374682,-1.5,42.27,52.591,81.5811,1
2024,"72",1,4.244,"Enil",1,"pinta",-3,10.996,2,"Enil",0.385958530374682,-1.5,42.27,52.591,81.5811,1
2024,"72",1,4.244,"Enil",1,"pinta",-3,10.996,2,"Enil",0.385958530374682,-1.5,42.27,52.591,81.5811,1
2024,"73",1,11.37,"Enil",1,"kolo",2,21.589,2,"Enil",0.526657093890407,1,49.906,56.184,96.81764,1
2024,"73",1,11.37,"Enil",1,"kolo",2,21.589,2,"Enil",0.526657093890407,1,49.906,56.184,96.81764,1
2024,"73",1,11.37,"Enil",1,"kolo",2,21.589,2,"Enil",0.526657093890407,1,49.906,56.184,96.81764,1
2024,"73",2,5.369,"Enil",1,"pinta",2,21.589,2,"Enil",0.248691463245171,1,49.906,56.184,96.81764,1
2024,"73",2,5.369,"Enil",1,"pinta",2,21.589,2,"Enil",0.248691463245171,1,49.906,56.184,96.81764,1
2024,"73",2,5.369,"Enil",1,"pinta",2,21.589,2,"Enil",0.248691463245171,1,49.906,56.184,96.81764,1
2024,"427",1,9.923,"Enil",1,"kolo",1.8,11.328,1.9,"Enil",0.87597104519774,0.947368421052632,41.504,54.707,83.008,1
2024,"427",1,9.923,"Enil",1,"kolo",1.8,11.328,1.9,"Enil",0.87597104519774,0.947368421052632,41.504,54.707,83.008,1
2024,"427",1,9.923,"Enil",1,"kolo",1.8,11.328,1.9,"Enil",0.87597104519774,0.947368421052632,41.504,54.707,83.008,1
2024,"427",2,10.329,"Enil",1,"pinta",1.9,11.328,1.9,"Enil",0.911811440677966,1,41.504,54.707,83.008,1
2024,"427",2,10.329,"Enil",1,"pinta",1.9,11.328,1.9,"Enil",0.911811440677966,1,41.504,54.707,83.008,1
2024,"427",2,10.329,"Enil",1,"pinta",1.9,11.328,1.9,"Enil",0.911811440677966,1,41.504,54.707,83.008,1
2024,"427",2,10.329,"Enil",1,"pinta",1.9,11.328,1.9,"Enil",0.911811440677966,1,41.504,54.707,83.008,1
2024,"427",2,10.329,"Enil",1,"pinta",1.9,11.328,1.9,"Enil",0.911811440677966,1,41.504,54.707,83.008,1
2024,"427",2,10.329,"Enil",1,"pinta",1.9,11.328,1.9,"Enil",0.911811440677966,1,41.504,54.707,83.008,1
2024,"244",1,4.815,"Enil",1,"pinta",2.2,11.595,2.2,"Enil",0.415265200517464,1,49.648,57.343,99.296,1
2024,"244",1,4.815,"Enil",1,"pinta",2.2,11.595,2.2,"Enil",0.415265200517464,1,49.648,57.343,99.296,1
2024,"244",1,4.815,"Enil",1,"pinta",2.2,11.595,2.2,"Enil",0.415265200517464,1,49.648,57.343,99.296,1
2024,"244",2,7.167,"Enil",1,"pinta",2.1,11.595,2.2,"Enil",0.618111254851229,0.954545454545454,49.648,57.343,99.296,1
2024,"244",2,7.167,"Enil",1,"pinta",2.1,11.595,2.2,"Enil",0.618111254851229,0.954545454545454,49.648,57.343,99.296,1
2024,"244",2,7.167,"Enil",1,"pinta",2.1,11.595,2.2,"Enil",0.618111254851229,0.954545454545454,49.648,57.343,99.296,1
2024,"244",3,10.84,"Paur",1,"pinta",2,11.595,2.2,"Paur",0.934885726606296,0.909090909090909,49.648,57.343,99.296,1
2024,"244",3,10.84,"Paur",1,"pinta",2,11.595,2.2,"Paur",0.934885726606296,0.909090909090909,49.648,57.343,99.296,1
2024,"244",3,10.84,"Paur",1,"pinta",2,11.595,2.2,"Paur",0.934885726606296,0.909090909090909,49.648,57.343,99.296,1
2024,"244",3,10.84,"Mmbra",1,"pinta",2,11.595,2.2,"Myotis",0.934885726606296,0.909090909090909,49.648,57.343,99.296,1
2024,"244",3,10.84,"Mmbra",1,"pinta",2,11.595,2.2,"Myotis",0.934885726606296,0.909090909090909,49.648,57.343,99.296,1
2024,"244",3,10.84,"Mmbra",1,"pinta",2,11.595,2.2,"Myotis",0.934885726606296,0.909090909090909,49.648,57.343,99.296,1
2024,"241",1,2.547,"Enil",1,"kolo",2,6.987,2,"Enil",0.364534134821812,1,28.698,38.497,57.396,2
2024,"241",1,2.547,"Enil",1,"kolo",2,6.987,2,"Enil",0.364534134821812,1,28.698,38.497,57.396,2
2024,"241",1,2.547,"Enil",1,"kolo",2,6.987,2,"Enil",0.364534134821812,1,28.698,38.497,57.396,2
2024,"241",2,6.152,"Enil",1,"pinta",1.9,6.987,2,"Enil",0.880492342922571,0.95,28.698,38.497,57.396,2
2024,"241",2,6.152,"Enil",1,"pinta",1.9,6.987,2,"Enil",0.880492342922571,0.95,28.698,38.497,57.396,2
2024,"241",2,6.152,"Enil",1,"pinta",1.9,6.987,2,"Enil",0.880492342922571,0.95,28.698,38.497,57.396,2
2024,"241",3,5.959,"Enil",1,"pinta",1.9,6.987,2,"Enil",0.852869614999284,0.95,28.698,38.497,57.396,2
2024,"241",3,5.959,"Enil",1,"pinta",1.9,6.987,2,"Enil",0.852869614999284,0.95,28.698,38.497,57.396,2
2024,"241",3,5.959,"Enil",1,"pinta",1.9,6.987,2,"Enil",0.852869614999284,0.95,28.698,38.497,57.396,2
2024,"241",4,5.843,"Enil",1,"pinta",1.9,6.987,2,"Enil",0.836267353656791,0.95,28.698,38.497,57.396,2
2024,"241",4,5.843,"Enil",1,"pinta",1.9,6.987,2,"Enil",0.836267353656791,0.95,28.698,38.497,57.396,2
2024,"241",4,5.843,"Enil",1,"pinta",1.9,6.987,2,"Enil",0.836267353656791,0.95,28.698,38.497,57.396,2
2024,"31",1,5.541,"Enil",1,"pinta",-1.5,7.743,2,"Enil",0.715614103060829,-0.75,39.998,55.005,79.996,3
2024,"31",1,5.541,"Enil",1,"pinta",-1.5,7.743,2,"Enil",0.715614103060829,-0.75,39.998,55.005,79.996,3
2024,"31",1,5.541,"Enil",1,"pinta",-1.5,7.743,2,"Enil",0.715614103060829,-0.75,39.998,55.005,79.996,3
2024,"23",1,9.042,"Enil",1,"kolo",1.9,17.641,2,"Enil",0.512555977552293,0.95,58.978,66.053,117.956,3
2024,"23",1,9.042,"Enil",1,"kolo",1.9,17.641,2,"Enil",0.512555977552293,0.95,58.978,66.053,117.956,3
2024,"23",1,9.042,"Enil",1,"kolo",1.9,17.641,2,"Enil",0.512555977552293,0.95,58.978,66.053,117.956,3
2024,"77",1,11.461,"Enil",1,"pinta",1.9,12.372,1.9,"Enil",0.926365987714193,1,27.001,35.016,51.84192,1
2024,"77",1,11.461,"Enil",1,"pinta",1.9,12.372,1.9,"Enil",0.926365987714193,1,27.001,35.016,51.84192,1
2024,"77",1,11.461,"Enil",1,"pinta",1.9,12.372,1.9,"Enil",0.926365987714193,1,27.001,35.016,51.84192,1
2024,"77",2,5.889,"Enil",1,"pinta",1.9,12.372,1.9,"Enil",0.475994180407372,1,27.001,35.016,51.84192,1
2024,"77",2,5.889,"Enil",1,"pinta",1.9,12.372,1.9,"Enil",0.475994180407372,1,27.001,35.016,51.84192,1
2024,"77",2,5.889,"Enil",1,"pinta",1.9,12.372,1.9,"Enil",0.475994180407372,1,27.001,35.016,51.84192,1
2024,"143",1,7.244,"Enil",1,"pinta",2,9.18,2,"Enil",0.789106753812636,1,34.438,55.611,66.12096,2
2024,"143",1,7.244,"Enil",1,"pinta",2,9.18,2,"Enil",0.789106753812636,1,34.438,55.611,66.12096,2
2024,"143",1,7.244,"Enil",1,"pinta",2,9.18,2,"Enil",0.789106753812636,1,34.438,55.611,66.12096,2
2024,"121",1,3.488,"Enil",1,"pinta",-2,10.063,1.9,"Enil",0.34661631720163,-1.05263157894737,39.524,49.808,75.0956,1
2024,"121",1,3.488,"Enil",1,"pinta",-2,10.063,1.9,"Enil",0.34661631720163,-1.05263157894737,39.524,49.808,75.0956,1
2024,"121",1,3.488,"Enil",1,"pinta",-2,10.063,1.9,"Enil",0.34661631720163,-1.05263157894737,39.524,49.808,75.0956,1
2024,"142",1,8.591,"Enil",1,"pinta",1.8,9.781,2,"Enil",0.878335548512422,0.9,36.774,57.779,72.44478,2
2024,"142",1,8.591,"Enil",1,"pinta",1.8,9.781,2,"Enil",0.878335548512422,0.9,36.774,57.779,72.44478,2
2024,"142",1,8.591,"Enil",1,"pinta",1.8,9.781,2,"Enil",0.878335548512422,0.9,36.774,57.779,72.44478,2
2024,"142",2,7.569,"Enil",1,"pinta",1.9,9.781,2,"Enil",0.773847254881914,0.95,36.774,57.779,72.44478,2
2024,"142",2,7.569,"Enil",1,"pinta",1.9,9.781,2,"Enil",0.773847254881914,0.95,36.774,57.779,72.44478,2
2024,"142",2,7.569,"Enil",1,"pinta",1.9,9.781,2,"Enil",0.773847254881914,0.95,36.774,57.779,72.44478,2
2024,"142",3,8.254,"Enil",1,"pinta",1.9,9.781,2,"Enil",0.843880993763419,0.95,36.774,57.779,72.44478,2
2024,"142",3,8.254,"Enil",1,"pinta",1.9,9.781,2,"Enil",0.843880993763419,0.95,36.774,57.779,72.44478,2
2024,"142",3,8.254,"Enil",1,"pinta",1.9,9.781,2,"Enil",0.843880993763419,0.95,36.774,57.779,72.44478,2
2024,"140",1,6.39,"Enil",1,"kolo",2,8.232,2,"Enil",0.776239067055394,1,39.458,54.502,78.916,3
2024,"140",1,6.39,"Enil",1,"kolo",2,8.232,2,"Enil",0.776239067055394,1,39.458,54.502,78.916,3
2024,"140",1,6.39,"Enil",1,"kolo",2,8.232,2,"Enil",0.776239067055394,1,39.458,54.502,78.916,3
2024,"140",1,6.39,"Enil",1,"kolo",2,8.232,2,"Enil",0.776239067055394,1,39.458,54.502,78.916,3
2024,"140",1,6.39,"Enil",1,"kolo",2,8.232,2,"Enil",0.776239067055394,1,39.458,54.502,78.916,3
2024,"140",1,6.39,"Enil",1,"kolo",2,8.232,2,"Enil",0.776239067055394,1,39.458,54.502,78.916,3
2024,"140",2,7.361,"Enil",1,"kolo",2,8.232,2,"Enil",0.894193391642371,1,39.458,54.502,78.916,3
2024,"140",2,7.361,"Enil",1,"kolo",2,8.232,2,"Enil",0.894193391642371,1,39.458,54.502,78.916,3
2024,"140",2,7.361,"Enil",1,"kolo",2,8.232,2,"Enil",0.894193391642371,1,39.458,54.502,78.916,3
2024,"140",3,7.591,"Enil",1,"pinta",1.9,8.232,2,"Enil",0.922133138969874,0.95,39.458,54.502,78.916,3
2024,"140",3,7.591,"Enil",1,"pinta",1.9,8.232,2,"Enil",0.922133138969874,0.95,39.458,54.502,78.916,3
2024,"140",3,7.591,"Enil",1,"pinta",1.9,8.232,2,"Enil",0.922133138969874,0.95,39.458,54.502,78.916,3
2024,"140",4,7.908,"Enil",1,"kolo",2,8.232,2,"Enil",0.96064139941691,1,39.458,54.502,78.916,3
2024,"140",4,7.908,"Enil",1,"kolo",2,8.232,2,"Enil",0.96064139941691,1,39.458,54.502,78.916,3
2024,"140",4,7.908,"Enil",1,"kolo",2,8.232,2,"Enil",0.96064139941691,1,39.458,54.502,78.916,3
2024,"140",5,6.726,"Enil",1,"kolo",2,8.232,2,"Enil",0.817055393586006,1,39.458,54.502,78.916,3
2024,"140",5,6.726,"Enil",1,"kolo",2,8.232,2,"Enil",0.817055393586006,1,39.458,54.502,78.916,3
2024,"140",5,6.726,"Enil",1,"kolo",2,8.232,2,"Enil",0.817055393586006,1,39.458,54.502,78.916,3
2024,"140",6,6.296,"Enil",1,"pinta",2,8.232,2,"Enil",0.764820213799806,1,39.458,54.502,78.916,3
2024,"140",6,6.296,"Enil",1,"pinta",2,8.232,2,"Enil",0.764820213799806,1,39.458,54.502,78.916,3
2024,"140",6,6.296,"Enil",1,"pinta",2,8.232,2,"Enil",0.764820213799806,1,39.458,54.502,78.916,3
2024,"140",7,6.519,"Enil",1,"kolo",2,8.232,2,"Enil",0.791909620991254,1,39.458,54.502,78.916,3
2024,"140",7,6.519,"Enil",1,"kolo",2,8.232,2,"Enil",0.791909620991254,1,39.458,54.502,78.916,3
2024,"140",7,6.519,"Enil",1,"kolo",2,8.232,2,"Enil",0.791909620991254,1,39.458,54.502,78.916,3
2025,"20",1,1.728,"Enil",1,"kolo",1.5,5.486,1.8,"Enil",0.314983594604448,0.833333333333333,14.56,26.402,26.208,2
2025,"20",1,1.728,"Enil",1,"kolo",1.5,5.486,1.8,"Enil",0.314983594604448,0.833333333333333,14.56,26.402,26.208,2
2025,"20",1,1.728,"Enil",1,"kolo",1.5,5.486,1.8,"Enil",0.314983594604448,0.833333333333333,14.56,26.402,26.208,2
2025,"167",1,10.255,"Paur",1,"kolo",1.5,21.122,3.6,"Paur",0.485512735536408,0.416666666666667,248.389,122.728,848.4209,3
2025,"167",1,10.255,"Paur",1,"kolo",1.5,21.122,3.6,"Paur",0.485512735536408,0.416666666666667,248.389,122.728,848.4209,3
2025,"167",1,10.255,"Paur",1,"kolo",1.5,21.122,3.6,"Paur",0.485512735536408,0.416666666666667,248.389,122.728,848.4209,3
2025,"167",2,15.773,"Paur",1,"kolo",3,21.122,3.6,"Paur",0.746756935896222,0.833333333333333,248.389,122.728,848.4209,3
2025,"167",2,15.773,"Paur",1,"kolo",3,21.122,3.6,"Paur",0.746756935896222,0.833333333333333,248.389,122.728,848.4209,3
2025,"167",2,15.773,"Paur",1,"kolo",3,21.122,3.6,"Paur",0.746756935896222,0.833333333333333,248.389,122.728,848.4209,3
2025,"167",3,14.927,"Enil",1,"pinta",3.6,21.122,3.6,"Enil",0.706703910614525,1,248.389,122.728,848.4209,3
2025,"167",3,14.927,"Enil",1,"pinta",3.6,21.122,3.6,"Enil",0.706703910614525,1,248.389,122.728,848.4209,3
2025,"167",3,14.927,"Enil",1,"pinta",3.6,21.122,3.6,"Enil",0.706703910614525,1,248.389,122.728,848.4209,3
2025,"167",4,19.342,"Enil",1,"pinta",3.6,21.122,3.6,"Enil",0.915727677303286,1,248.389,122.728,848.4209,3
2025,"167",4,19.342,"Enil",1,"pinta",3.6,21.122,3.6,"Enil",0.915727677303286,1,248.389,122.728,848.4209,3
2025,"167",4,19.342,"Enil",1,"pinta",3.6,21.122,3.6,"Enil",0.915727677303286,1,248.389,122.728,848.4209,3
2025,"167",4,19.342,"Enil",1,"pinta",3.6,21.122,3.6,"Enil",0.915727677303286,1,248.389,122.728,848.4209,3
2025,"167",4,19.342,"Enil",1,"pinta",3.6,21.122,3.6,"Enil",0.915727677303286,1,248.389,122.728,848.4209,3
2025,"167",4,19.342,"Enil",1,"pinta",3.6,21.122,3.6,"Enil",0.915727677303286,1,248.389,122.728,848.4209,3
2025,"167",5,19.498,"Enil",1,"pinta",3.6,21.122,3.6,"Enil",0.923113341539627,1,248.389,122.728,848.4209,3
2025,"167",5,19.498,"Enil",1,"pinta",3.6,21.122,3.6,"Enil",0.923113341539627,1,248.389,122.728,848.4209,3
2025,"167",5,19.498,"Enil",1,"pinta",3.6,21.122,3.6,"Enil",0.923113341539627,1,248.389,122.728,848.4209,3
2025,"167",6,8.051,"Enil",1,"kolo",3.6,21.122,3.6,"Enil",0.38116655619733,1,248.389,122.728,848.4209,3
2025,"167",6,8.051,"Enil",1,"kolo",3.6,21.122,3.6,"Enil",0.38116655619733,1,248.389,122.728,848.4209,3
2025,"167",6,8.051,"Enil",1,"kolo",3.6,21.122,3.6,"Enil",0.38116655619733,1,248.389,122.728,848.4209,3
2025,"43",1,6.945,"Enil",1,"pinta",2,8.085,2,"Enil",0.85899814471243,1,22.431,33.49,44.862,1
2025,"43",1,6.945,"Enil",1,"pinta",2,8.085,2,"Enil",0.85899814471243,1,22.431,33.49,44.862,1
2025,"43",1,6.945,"Enil",1,"pinta",2,8.085,2,"Enil",0.85899814471243,1,22.431,33.49,44.862,1
2025,"40",1,5.438,"Enil",1,"kolo",2,12.882,2.1,"Enil",0.422139419344822,0.952380952380952,30.913,38.64,61.826,1
2025,"40",1,5.438,"Enil",1,"kolo",2,12.882,2.1,"Enil",0.422139419344822,0.952380952380952,30.913,38.64,61.826,1
2025,"40",1,5.438,"Enil",1,"kolo",2,12.882,2.1,"Enil",0.422139419344822,0.952380952380952,30.913,38.64,61.826,1
2025,"40",2,3.903,"Enil",1,"pinta",1.7,12.882,2.1,"Enil",0.3029809035864,0.809523809523809,30.913,38.64,61.826,1
2025,"40",2,3.903,"Enil",1,"pinta",1.7,12.882,2.1,"Enil",0.3029809035864,0.809523809523809,30.913,38.64,61.826,1
2025,"40",2,3.903,"Enil",1,"pinta",1.7,12.882,2.1,"Enil",0.3029809035864,0.809523809523809,30.913,38.64,61.826,1
2025,"173",1,7.137,"Enil",1,"kolo",1.8,11.247,2,"Enil",0.634569218458256,0.9,37.908,53.56,75.816,1
2025,"173",1,7.137,"Enil",1,"kolo",1.8,11.247,2,"Enil",0.634569218458256,0.9,37.908,53.56,75.816,1
2025,"173",1,7.137,"Enil",1,"kolo",1.8,11.247,2,"Enil",0.634569218458256,0.9,37.908,53.56,75.816,1
2025,"173",2,6.011,"Enil",1,"pinta",2,11.247,2,"Enil",0.534453632079666,1,37.908,53.56,75.816,1
2025,"173",2,6.011,"Enil",1,"pinta",2,11.247,2,"Enil",0.534453632079666,1,37.908,53.56,75.816,1
2025,"173",2,6.011,"Enil",1,"pinta",2,11.247,2,"Enil",0.534453632079666,1,37.908,53.56,75.816,1
2025,"38",1,6.305,"Enil",1,"pinta",4,14.835,4.3,"Enil",0.425008426019548,0.930232558139535,26.275,33.583,52.55,1
2025,"38",1,6.305,"Enil",1,"pinta",4,14.835,4.3,"Enil",0.425008426019548,0.930232558139535,26.275,33.583,52.55,1
2025,"38",1,6.305,"Enil",1,"pinta",4,14.835,4.3,"Enil",0.425008426019548,0.930232558139535,26.275,33.583,52.55,1
2025,"38",2,5.581,"Enil",1,"kolo",1,14.835,2.2,"Enil",0.376204920795416,0.454545454545455,26.275,33.583,52.55,1
2025,"38",2,5.581,"Enil",1,"kolo",1,14.835,2.2,"Enil",0.376204920795416,0.454545454545455,26.275,33.583,52.55,1
2025,"38",2,5.581,"Enil",1,"kolo",1,14.835,2.2,"Enil",0.376204920795416,0.454545454545455,26.275,33.583,52.55,1
2025,"38",3,4.546,"Enil",1,"kolo",2,14.835,2.2,"Enil",0.306437478934951,0.909090909090909,26.275,33.583,52.55,1
2025,"38",3,4.546,"Enil",1,"kolo",2,14.835,2.2,"Enil",0.306437478934951,0.909090909090909,26.275,33.583,52.55,1
2025,"38",3,4.546,"Enil",1,"kolo",2,14.835,2.2,"Enil",0.306437478934951,0.909090909090909,26.275,33.583,52.55,1
2025,"38",4,6.719,"Enil",1,"kolo",2,14.835,2.2,"Enil",0.452915402763734,0.909090909090909,26.275,33.583,52.55,1
2025,"38",4,6.719,"Enil",1,"kolo",2,14.835,2.2,"Enil",0.452915402763734,0.909090909090909,26.275,33.583,52.55,1
2025,"38",4,6.719,"Enil",1,"kolo",2,14.835,2.2,"Enil",0.452915402763734,0.909090909090909,26.275,33.583,52.55,1
2025,"170-171",1,9.42,"Enil",1,"pinta",2,9.967,2,"Enil",0.945118892344738,1,45.954,61.215,91.908,3
2025,"170-171",1,9.42,"Enil",1,"pinta",2,9.967,2,"Enil",0.945118892344738,1,45.954,61.215,91.908,3
2025,"170-171",1,9.42,"Enil",1,"pinta",2,9.967,2,"Enil",0.945118892344738,1,45.954,61.215,91.908,3
2025,"28-172",1,10.861,"Enil",1,"pinta",2,11.529,2,"Enil",0.942059155173909,1,38.186,54.052,76.372,1
2025,"28-172",1,10.861,"Enil",1,"pinta",2,11.529,2,"Enil",0.942059155173909,1,38.186,54.052,76.372,1
2025,"28-172",1,10.861,"Enil",1,"pinta",2,11.529,2,"Enil",0.942059155173909,1,38.186,54.052,76.372,1
2025,"160",1,7.267,"Mmbra",1,"kolo",1.8,26.684,2.3,"Myotis",0.272335481936741,0.782608695652174,103.377,93.452,294.504,3
2025,"160",1,7.267,"Mmbra",1,"kolo",1.8,26.684,2.3,"Myotis",0.272335481936741,0.782608695652174,103.377,93.452,294.504,3
2025,"160",1,7.267,"Mmbra",1,"kolo",1.8,26.684,2.3,"Myotis",0.272335481936741,0.782608695652174,103.377,93.452,294.504,3
2025,"160",1,7.267,"Mmbra",1,"kolo",1.8,26.684,2.3,"Myotis",0.272335481936741,0.782608695652174,103.377,93.452,294.504,3
2025,"160",1,7.267,"Mmbra",1,"kolo",1.8,26.684,2.3,"Myotis",0.272335481936741,0.782608695652174,103.377,93.452,294.504,3
2025,"160",1,7.267,"Mmbra",1,"kolo",1.8,26.684,2.3,"Myotis",0.272335481936741,0.782608695652174,103.377,93.452,294.504,3
2025,"160",1,7.267,"Mmbra",1,"kolo",1.8,26.684,2.3,"Myotis",0.272335481936741,0.782608695652174,103.377,93.452,294.504,3
2025,"160",1,7.267,"Mmbra",1,"kolo",1.8,26.684,2.3,"Myotis",0.272335481936741,0.782608695652174,103.377,93.452,294.504,3
2025,"160",1,7.267,"Mmbra",1,"kolo",1.8,26.684,2.3,"Myotis",0.272335481936741,0.782608695652174,103.377,93.452,294.504,3
2025,"160",2,9.669,"Mmbra",1,"kolo",2.3,26.684,2.8,"Myotis",0.362351971218708,0.821428571428571,103.377,93.452,294.504,3
2025,"160",2,9.669,"Mmbra",1,"kolo",2.3,26.684,2.8,"Myotis",0.362351971218708,0.821428571428571,103.377,93.452,294.504,3
2025,"160",2,9.669,"Mmbra",1,"kolo",2.3,26.684,2.8,"Myotis",0.362351971218708,0.821428571428571,103.377,93.452,294.504,3
2025,"160",2,9.669,"Mmbra",1,"kolo",2.3,26.684,2.8,"Myotis",0.362351971218708,0.821428571428571,103.377,93.452,294.504,3
2025,"160",2,9.669,"Mmbra",1,"kolo",2.3,26.684,2.8,"Myotis",0.362351971218708,0.821428571428571,103.377,93.452,294.504,3
2025,"160",2,9.669,"Mmbra",1,"kolo",2.3,26.684,2.8,"Myotis",0.362351971218708,0.821428571428571,103.377,93.452,294.504,3
2025,"160",2,9.669,"Mmbra",1,"kolo",2.3,26.684,2.8,"Myotis",0.362351971218708,0.821428571428571,103.377,93.452,294.504,3
2025,"160",2,9.669,"Mmbra",1,"kolo",2.3,26.684,2.8,"Myotis",0.362351971218708,0.821428571428571,103.377,93.452,294.504,3
2025,"160",2,9.669,"Mmbra",1,"kolo",2.3,26.684,2.8,"Myotis",0.362351971218708,0.821428571428571,103.377,93.452,294.504,3
2025,"160",2,9.669,"Mmbra",1,"kolo",2.3,26.684,2.8,"Myotis",0.362351971218708,0.821428571428571,103.377,93.452,294.504,3
2025,"160",2,9.669,"Mmbra",1,"kolo",2.3,26.684,2.8,"Myotis",0.362351971218708,0.821428571428571,103.377,93.452,294.504,3
2025,"160",2,9.669,"Mmbra",1,"kolo",2.3,26.684,2.8,"Myotis",0.362351971218708,0.821428571428571,103.377,93.452,294.504,3
2025,"160",2,9.669,"Mmbra",1,"kolo",2.3,26.684,2.8,"Myotis",0.362351971218708,0.821428571428571,103.377,93.452,294.504,3
2025,"160",2,9.669,"Mmbra",1,"kolo",2.3,26.684,2.8,"Myotis",0.362351971218708,0.821428571428571,103.377,93.452,294.504,3
2025,"160",2,9.669,"Mmbra",1,"kolo",2.3,26.684,2.8,"Myotis",0.362351971218708,0.821428571428571,103.377,93.452,294.504,3
2025,"160",2,9.669,"Mmbra",1,"kolo",2.3,26.684,2.8,"Myotis",0.362351971218708,0.821428571428571,103.377,93.452,294.504,3
2025,"160",2,9.669,"Mmbra",1,"kolo",2.3,26.684,2.8,"Myotis",0.362351971218708,0.821428571428571,103.377,93.452,294.504,3
2025,"160",2,9.669,"Mmbra",1,"kolo",2.3,26.684,2.8,"Myotis",0.362351971218708,0.821428571428571,103.377,93.452,294.504,3
2025,"160",2,9.669,"Mmbra",1,"kolo",2.3,26.684,2.8,"Myotis",0.362351971218708,0.821428571428571,103.377,93.452,294.504,3
2025,"160",2,9.669,"Mmbra",1,"kolo",2.3,26.684,2.8,"Myotis",0.362351971218708,0.821428571428571,103.377,93.452,294.504,3
2025,"160",2,9.669,"Mmbra",1,"kolo",2.3,26.684,2.8,"Myotis",0.362351971218708,0.821428571428571,103.377,93.452,294.504,3
2025,"160",2,9.669,"Mmbra",1,"kolo",2.3,26.684,2.8,"Myotis",0.362351971218708,0.821428571428571,103.377,93.452,294.504,3
2025,"160",2,9.669,"Mmbra",1,"kolo",2.3,26.684,2.8,"Myotis",0.362351971218708,0.821428571428571,103.377,93.452,294.504,3
2025,"160",2,9.669,"Mmbra",1,"kolo",2.3,26.684,2.8,"Myotis",0.362351971218708,0.821428571428571,103.377,93.452,294.504,3
2025,"160",2,9.669,"Mmbra",1,"kolo",2.3,26.684,2.8,"Myotis",0.362351971218708,0.821428571428571,103.377,93.452,294.504,3
2025,"160",2,9.669,"Mmbra",1,"kolo",2.3,26.684,2.8,"Myotis",0.362351971218708,0.821428571428571,103.377,93.452,294.504,3
2025,"160",2,9.669,"Mmbra",1,"kolo",2.3,26.684,2.8,"Myotis",0.362351971218708,0.821428571428571,103.377,93.452,294.504,3
2025,"160",2,9.669,"Mmbra",1,"kolo",2.3,26.684,2.8,"Myotis",0.362351971218708,0.821428571428571,103.377,93.452,294.504,3
2025,"160",2,9.669,"Mmbra",1,"kolo",2.3,26.684,2.8,"Myotis",0.362351971218708,0.821428571428571,103.377,93.452,294.504,3
2025,"160",2,9.669,"Mmbra",1,"kolo",2.3,26.684,2.8,"Myotis",0.362351971218708,0.821428571428571,103.377,93.452,294.504,3
2025,"160",2,9.669,"Mmbra",1,"kolo",2.3,26.684,2.8,"Myotis",0.362351971218708,0.821428571428571,103.377,93.452,294.504,3
2025,"160",2,9.669,"Mmbra",1,"kolo",2.3,26.684,2.8,"Myotis",0.362351971218708,0.821428571428571,103.377,93.452,294.504,3
2025,"160",2,9.669,"Mmbra",1,"kolo",2.3,26.684,2.8,"Myotis",0.362351971218708,0.821428571428571,103.377,93.452,294.504,3
2025,"160",2,9.669,"Mmbra",1,"kolo",2.3,26.684,2.8,"Myotis",0.362351971218708,0.821428571428571,103.377,93.452,294.504,3
2025,"160",2,9.669,"Mmbra",1,"kolo",2.3,26.684,2.8,"Myotis",0.362351971218708,0.821428571428571,103.377,93.452,294.504,3
2025,"160",2,9.669,"Mmbra",1,"kolo",2.3,26.684,2.8,"Myotis",0.362351971218708,0.821428571428571,103.377,93.452,294.504,3
2025,"160",2,9.669,"Mmbra",1,"kolo",2.3,26.684,2.8,"Myotis",0.362351971218708,0.821428571428571,103.377,93.452,294.504,3
2025,"160",2,9.669,"Mmbra",1,"kolo",2.3,26.684,2.8,"Myotis",0.362351971218708,0.821428571428571,103.377,93.452,294.504,3
2025,"160",2,9.669,"Mmbra",1,"kolo",2.3,26.684,2.8,"Myotis",0.362351971218708,0.821428571428571,103.377,93.452,294.504,3
2025,"160",2,9.669,"Mmbra",1,"kolo",2.3,26.684,2.8,"Myotis",0.362351971218708,0.821428571428571,103.377,93.452,294.504,3
2025,"160",2,9.669,"Mmbra",1,"kolo",2.3,26.684,2.8,"Myotis",0.362351971218708,0.821428571428571,103.377,93.452,294.504,3
2025,"160",2,9.669,"Mmbra",1,"kolo",2.3,26.684,2.8,"Myotis",0.362351971218708,0.821428571428571,103.377,93.452,294.504,3
2025,"160",2,9.669,"Mmbra",1,"kolo",2.3,26.684,2.8,"Myotis",0.362351971218708,0.821428571428571,103.377,93.452,294.504,3
2025,"160",2,9.669,"Mmbra",1,"kolo",2.3,26.684,2.8,"Myotis",0.362351971218708,0.821428571428571,103.377,93.452,294.504,3
2025,"160",2,9.669,"Mmbra",1,"kolo",2.3,26.684,2.8,"Myotis",0.362351971218708,0.821428571428571,103.377,93.452,294.504,3
2025,"160",2,9.669,"Mmbra",1,"kolo",2.3,26.684,2.8,"Myotis",0.362351971218708,0.821428571428571,103.377,93.452,294.504,3
2025,"160",2,9.669,"Mmbra",1,"kolo",2.3,26.684,2.8,"Myotis",0.362351971218708,0.821428571428571,103.377,93.452,294.504,3
2025,"160",2,9.669,"Mmbra",1,"kolo",2.3,26.684,2.8,"Myotis",0.362351971218708,0.821428571428571,103.377,93.452,294.504,3
2025,"160",3,10.258,"Mmbra",1,"pinta",2.7,26.684,2.8,"Myotis",0.384425123669615,0.964285714285714,103.377,93.452,294.504,3
2025,"160",3,10.258,"Mmbra",1,"pinta",2.7,26.684,2.8,"Myotis",0.384425123669615,0.964285714285714,103.377,93.452,294.504,3
2025,"160",3,10.258,"Mmbra",1,"pinta",2.7,26.684,2.8,"Myotis",0.384425123669615,0.964285714285714,103.377,93.452,294.504,3
2025,"160",3,10.258,"Mmbra",1,"pinta",2.7,26.684,2.8,"Myotis",0.384425123669615,0.964285714285714,103.377,93.452,294.504,3
2025,"160",3,10.258,"Mmbra",1,"pinta",2.7,26.684,2.8,"Myotis",0.384425123669615,0.964285714285714,103.377,93.452,294.504,3
2025,"160",3,10.258,"Mmbra",1,"pinta",2.7,26.684,2.8,"Myotis",0.384425123669615,0.964285714285714,103.377,93.452,294.504,3
2025,"160",4,12.32,"Mmbra",1,"pinta",2.3,26.684,2.8,"Myotis",0.461699895068206,0.821428571428571,103.377,93.452,294.504,3
2025,"160",4,12.32,"Mmbra",1,"pinta",2.3,26.684,2.8,"Myotis",0.461699895068206,0.821428571428571,103.377,93.452,294.504,3
2025,"160",4,12.32,"Mmbra",1,"pinta",2.3,26.684,2.8,"Myotis",0.461699895068206,0.821428571428571,103.377,93.452,294.504,3
2025,"160",5,14.347,"Mmbra",1,"pinta",2.3,26.684,2.8,"Myotis",0.537663019037625,0.821428571428571,103.377,93.452,294.504,3
2025,"160",5,14.347,"Mmbra",1,"pinta",2.3,26.684,2.8,"Myotis",0.537663019037625,0.821428571428571,103.377,93.452,294.504,3
2025,"160",5,14.347,"Mmbra",1,"pinta",2.3,26.684,2.8,"Myotis",0.537663019037625,0.821428571428571,103.377,93.452,294.504,3
2025,"160",6,19.759,"Mmbra",1,"pinta",2.8,26.684,3,"Myotis",0.740481187228302,0.933333333333333,103.377,93.452,294.504,3
2025,"160",6,19.759,"Mmbra",1,"pinta",2.8,26.684,3,"Myotis",0.740481187228302,0.933333333333333,103.377,93.452,294.504,3
2025,"160",6,19.759,"Mmbra",1,"pinta",2.8,26.684,3,"Myotis",0.740481187228302,0.933333333333333,103.377,93.452,294.504,3
2025,"160",6,19.759,"Enil",1,"kolo",2.8,26.684,3,"Enil",0.740481187228302,0.933333333333333,103.377,93.452,294.504,3
2025,"160",6,19.759,"Enil",1,"kolo",2.8,26.684,3,"Enil",0.740481187228302,0.933333333333333,103.377,93.452,294.504,3
2025,"160",6,19.759,"Enil",1,"kolo",2.8,26.684,3,"Enil",0.740481187228302,0.933333333333333,103.377,93.452,294.504,3
2025,"160",7,21.607,"Mmbra",1,"pinta",3,26.684,3.3,"Myotis",0.809736171488532,0.909090909090909,103.377,93.452,294.504,3
2025,"160",7,21.607,"Mmbra",1,"pinta",3,26.684,3.3,"Myotis",0.809736171488532,0.909090909090909,103.377,93.452,294.504,3
2025,"160",7,21.607,"Mmbra",1,"pinta",3,26.684,3.3,"Myotis",0.809736171488532,0.909090909090909,103.377,93.452,294.504,3
2025,"160",7,21.607,"Mmbra",1,"pinta",3,26.684,3.3,"Myotis",0.809736171488532,0.909090909090909,103.377,93.452,294.504,3
2025,"160",7,21.607,"Mmbra",1,"pinta",3,26.684,3.3,"Myotis",0.809736171488532,0.909090909090909,103.377,93.452,294.504,3
2025,"160",7,21.607,"Mmbra",1,"pinta",3,26.684,3.3,"Myotis",0.809736171488532,0.909090909090909,103.377,93.452,294.504,3
2025,"160",7,21.607,"Mmbra",1,"pinta",3,26.684,3.3,"Myotis",0.809736171488532,0.909090909090909,103.377,93.452,294.504,3
2025,"160",7,21.607,"Mmbra",1,"pinta",3,26.684,3.3,"Myotis",0.809736171488532,0.909090909090909,103.377,93.452,294.504,3
2025,"160",7,21.607,"Mmbra",1,"pinta",3,26.684,3.3,"Myotis",0.809736171488532,0.909090909090909,103.377,93.452,294.504,3
2025,"160",7,21.607,"Mmbra",1,"pinta",3,26.684,3.3,"Myotis",0.809736171488532,0.909090909090909,103.377,93.452,294.504,3
2025,"160",7,21.607,"Mmbra",1,"pinta",3,26.684,3.3,"Myotis",0.809736171488532,0.909090909090909,103.377,93.452,294.504,3
2025,"160",7,21.607,"Mmbra",1,"pinta",3,26.684,3.3,"Myotis",0.809736171488532,0.909090909090909,103.377,93.452,294.504,3
2025,"160",7,21.607,"Mmbra",1,"pinta",3,26.684,3.3,"Myotis",0.809736171488532,0.909090909090909,103.377,93.452,294.504,3
2025,"160",7,21.607,"Mmbra",1,"pinta",3,26.684,3.3,"Myotis",0.809736171488532,0.909090909090909,103.377,93.452,294.504,3
2025,"160",7,21.607,"Mmbra",1,"pinta",3,26.684,3.3,"Myotis",0.809736171488532,0.909090909090909,103.377,93.452,294.504,3
2025,"160",7,21.607,"Mmbra",1,"pinta",3,26.684,3.3,"Myotis",0.809736171488532,0.909090909090909,103.377,93.452,294.504,3
2025,"160",7,21.607,"Mmbra",1,"pinta",3,26.684,3.3,"Myotis",0.809736171488532,0.909090909090909,103.377,93.452,294.504,3
2025,"160",7,21.607,"Mmbra",1,"pinta",3,26.684,3.3,"Myotis",0.809736171488532,0.909090909090909,103.377,93.452,294.504,3
2025,"160",7,21.607,"Mmbra",1,"pinta",3,26.684,3.3,"Myotis",0.809736171488532,0.909090909090909,103.377,93.452,294.504,3
2025,"160",7,21.607,"Mmbra",1,"pinta",3,26.684,3.3,"Myotis",0.809736171488532,0.909090909090909,103.377,93.452,294.504,3
2025,"160",7,21.607,"Mmbra",1,"pinta",3,26.684,3.3,"Myotis",0.809736171488532,0.909090909090909,103.377,93.452,294.504,3
2025,"160",7,21.607,"Mmbra",1,"pinta",3,26.684,3.3,"Myotis",0.809736171488532,0.909090909090909,103.377,93.452,294.504,3
2025,"160",7,21.607,"Mmbra",1,"pinta",3,26.684,3.3,"Myotis",0.809736171488532,0.909090909090909,103.377,93.452,294.504,3
2025,"160",7,21.607,"Mmbra",1,"pinta",3,26.684,3.3,"Myotis",0.809736171488532,0.909090909090909,103.377,93.452,294.504,3
2025,"160",7,21.607,"Mmbra",1,"pinta",3,26.684,3.3,"Myotis",0.809736171488532,0.909090909090909,103.377,93.452,294.504,3
2025,"160",7,21.607,"Mmbra",1,"pinta",3,26.684,3.3,"Myotis",0.809736171488532,0.909090909090909,103.377,93.452,294.504,3
2025,"160",7,21.607,"Mmbra",1,"pinta",3,26.684,3.3,"Myotis",0.809736171488532,0.909090909090909,103.377,93.452,294.504,3
2025,"160",7,21.607,"Mmbra",1,"pinta",3,26.684,3.3,"Myotis",0.809736171488532,0.909090909090909,103.377,93.452,294.504,3
2025,"160",7,21.607,"Mmbra",1,"pinta",3,26.684,3.3,"Myotis",0.809736171488532,0.909090909090909,103.377,93.452,294.504,3
2025,"160",7,21.607,"Mmbra",1,"pinta",3,26.684,3.3,"Myotis",0.809736171488532,0.909090909090909,103.377,93.452,294.504,3
2025,"160",7,21.607,"Mmbra",1,"pinta",3,26.684,3.3,"Myotis",0.809736171488532,0.909090909090909,103.377,93.452,294.504,3
2025,"160",7,21.607,"Mmbra",1,"pinta",3,26.684,3.3,"Myotis",0.809736171488532,0.909090909090909,103.377,93.452,294.504,3
2025,"160",7,21.607,"Mmbra",1,"pinta",3,26.684,3.3,"Myotis",0.809736171488532,0.909090909090909,103.377,93.452,294.504,3
2025,"160",7,21.607,"Mmbra",1,"pinta",3,26.684,3.3,"Myotis",0.809736171488532,0.909090909090909,103.377,93.452,294.504,3
2025,"160",7,21.607,"Mmbra",1,"pinta",3,26.684,3.3,"Myotis",0.809736171488532,0.909090909090909,103.377,93.452,294.504,3
2025,"160",7,21.607,"Mmbra",1,"pinta",3,26.684,3.3,"Myotis",0.809736171488532,0.909090909090909,103.377,93.452,294.504,3
2025,"160",7,21.607,"Mmbra",1,"pinta",3,26.684,3.3,"Myotis",0.809736171488532,0.909090909090909,103.377,93.452,294.504,3
2025,"160",7,21.607,"Mmbra",1,"pinta",3,26.684,3.3,"Myotis",0.809736171488532,0.909090909090909,103.377,93.452,294.504,3
2025,"160",7,21.607,"Mmbra",1,"pinta",3,26.684,3.3,"Myotis",0.809736171488532,0.909090909090909,103.377,93.452,294.504,3
2025,"160",7,21.607,"Mmbra",1,"pinta",3,26.684,3.3,"Myotis",0.809736171488532,0.909090909090909,103.377,93.452,294.504,3
2025,"160",7,21.607,"Mmbra",1,"pinta",3,26.684,3.3,"Myotis",0.809736171488532,0.909090909090909,103.377,93.452,294.504,3
2025,"160",7,21.607,"Mmbra",1,"pinta",3,26.684,3.3,"Myotis",0.809736171488532,0.909090909090909,103.377,93.452,294.504,3
2025,"160",7,21.607,"Mmbra",1,"pinta",3,26.684,3.3,"Myotis",0.809736171488532,0.909090909090909,103.377,93.452,294.504,3
2025,"160",7,21.607,"Mmbra",1,"pinta",3,26.684,3.3,"Myotis",0.809736171488532,0.909090909090909,103.377,93.452,294.504,3
2025,"160",7,21.607,"Mmbra",1,"pinta",3,26.684,3.3,"Myotis",0.809736171488532,0.909090909090909,103.377,93.452,294.504,3
2025,"160",7,21.607,"Mmbra",1,"pinta",3,26.684,3.3,"Myotis",0.809736171488532,0.909090909090909,103.377,93.452,294.504,3
2025,"160",7,21.607,"Mmbra",1,"pinta",3,26.684,3.3,"Myotis",0.809736171488532,0.909090909090909,103.377,93.452,294.504,3
2025,"160",7,21.607,"Mmbra",1,"pinta",3,26.684,3.3,"Myotis",0.809736171488532,0.909090909090909,103.377,93.452,294.504,3
2025,"160",7,21.607,"Mmbra",1,"pinta",3,26.684,3.3,"Myotis",0.809736171488532,0.909090909090909,103.377,93.452,294.504,3
2025,"160",7,21.607,"Mmbra",1,"pinta",3,26.684,3.3,"Myotis",0.809736171488532,0.909090909090909,103.377,93.452,294.504,3
2025,"160",7,21.607,"Mmbra",1,"pinta",3,26.684,3.3,"Myotis",0.809736171488532,0.909090909090909,103.377,93.452,294.504,3
2025,"160",7,21.607,"Mmbra",1,"pinta",3,26.684,3.3,"Myotis",0.809736171488532,0.909090909090909,103.377,93.452,294.504,3
2025,"160",7,21.607,"Mmbra",1,"pinta",3,26.684,3.3,"Myotis",0.809736171488532,0.909090909090909,103.377,93.452,294.504,3
2025,"160",7,21.607,"Mmbra",1,"pinta",3,26.684,3.3,"Myotis",0.809736171488532,0.909090909090909,103.377,93.452,294.504,3
2025,"160",7,21.607,"Mmbra",1,"pinta",3,26.684,3.3,"Myotis",0.809736171488532,0.909090909090909,103.377,93.452,294.504,3
2025,"160",7,21.607,"Mmbra",1,"pinta",3,26.684,3.3,"Myotis",0.809736171488532,0.909090909090909,103.377,93.452,294.504,3
2025,"160",7,21.607,"Mmbra",1,"pinta",3,26.684,3.3,"Myotis",0.809736171488532,0.909090909090909,103.377,93.452,294.504,3
2025,"160",7,21.607,"Mmbra",1,"pinta",3,26.684,3.3,"Myotis",0.809736171488532,0.909090909090909,103.377,93.452,294.504,3
2025,"160",7,21.607,"Mmbra",1,"pinta",3,26.684,3.3,"Myotis",0.809736171488532,0.909090909090909,103.377,93.452,294.504,3
2025,"160",7,21.607,"Mmbra",1,"pinta",3,26.684,3.3,"Myotis",0.809736171488532,0.909090909090909,103.377,93.452,294.504,3
2025,"160",8,19.923,"Mmbra",1,"pinta",3.3,26.684,3.3,"Myotis",0.746627192324989,1,103.377,93.452,294.504,3
2025,"160",8,19.923,"Mmbra",1,"pinta",3.3,26.684,3.3,"Myotis",0.746627192324989,1,103.377,93.452,294.504,3
2025,"160",8,19.923,"Mmbra",1,"pinta",3.3,26.684,3.3,"Myotis",0.746627192324989,1,103.377,93.452,294.504,3
2025,"160",9,21.912,"Mdau",1,"kolo",3.3,26.684,3.3,"Myotis",0.821166241942737,1,103.377,93.452,294.504,3
2025,"160",9,21.912,"Mdau",1,"kolo",3.3,26.684,3.3,"Myotis",0.821166241942737,1,103.377,93.452,294.504,3
2025,"160",9,21.912,"Mdau",1,"kolo",3.3,26.684,3.3,"Myotis",0.821166241942737,1,103.377,93.452,294.504,3
2025,"160",9,21.912,"Mdau",1,"kolo",3.3,26.684,3.3,"Myotis",0.821166241942737,1,103.377,93.452,294.504,3
2025,"160",9,21.912,"Mdau",1,"kolo",3.3,26.684,3.3,"Myotis",0.821166241942737,1,103.377,93.452,294.504,3
2025,"160",9,21.912,"Mdau",1,"kolo",3.3,26.684,3.3,"Myotis",0.821166241942737,1,103.377,93.452,294.504,3
2025,"160",10,5.513,"Paur",1,"kolo",2,26.684,2,"Paur",0.206603207914855,1,103.377,93.452,294.504,3
2025,"160",10,5.513,"Paur",1,"kolo",2,26.684,2,"Paur",0.206603207914855,1,103.377,93.452,294.504,3
2025,"160",10,5.513,"Paur",1,"kolo",2,26.684,2,"Paur",0.206603207914855,1,103.377,93.452,294.504,3
2025,"160",10,5.513,"Mmbra",1,"kolo",2,26.684,2,"Myotis",0.206603207914855,1,103.377,93.452,294.504,3
2025,"160",10,5.513,"Mmbra",1,"kolo",2,26.684,2,"Myotis",0.206603207914855,1,103.377,93.452,294.504,3
2025,"160",10,5.513,"Mmbra",1,"kolo",2,26.684,2,"Myotis",0.206603207914855,1,103.377,93.452,294.504,3
2025,"160",11,4.626,"Mmbra",1,"kolo",1.5,26.684,2,"Myotis",0.173362314495578,0.75,103.377,93.452,294.504,3
2025,"160",11,4.626,"Mmbra",1,"kolo",1.5,26.684,2,"Myotis",0.173362314495578,0.75,103.377,93.452,294.504,3
2025,"160",11,4.626,"Mmbra",1,"kolo",1.5,26.684,2,"Myotis",0.173362314495578,0.75,103.377,93.452,294.504,3
2025,"160",12,4.971,"Mmbra",1,"kolo",2,26.684,2,"Myotis",0.186291410583121,1,103.377,93.452,294.504,3
2025,"160",12,4.971,"Mmbra",1,"kolo",2,26.684,2,"Myotis",0.186291410583121,1,103.377,93.452,294.504,3
2025,"160",12,4.971,"Mmbra",1,"kolo",2,26.684,2,"Myotis",0.186291410583121,1,103.377,93.452,294.504,3
2025,"160",12,4.971,"Mmbra",1,"kolo",2,26.684,2,"Myotis",0.186291410583121,1,103.377,93.452,294.504,3
2025,"160",12,4.971,"Mmbra",1,"kolo",2,26.684,2,"Myotis",0.186291410583121,1,103.377,93.452,294.504,3
2025,"160",12,4.971,"Mmbra",1,"kolo",2,26.684,2,"Myotis",0.186291410583121,1,103.377,93.452,294.504,3
2025,"160",12,4.971,"Mmbra",1,"kolo",2,26.684,2,"Myotis",0.186291410583121,1,103.377,93.452,294.504,3
2025,"160",12,4.971,"Mmbra",1,"kolo",2,26.684,2,"Myotis",0.186291410583121,1,103.377,93.452,294.504,3
2025,"160",12,4.971,"Mmbra",1,"kolo",2,26.684,2,"Myotis",0.186291410583121,1,103.377,93.452,294.504,3
2025,"186",1,2.599,"Enil",1,"kolo",2,13.835,2,"Enil",0.187856884712685,1,37.654,53.4,75.308,3
2025,"186",1,2.599,"Enil",1,"kolo",2,13.835,2,"Enil",0.187856884712685,1,37.654,53.4,75.308,3
2025,"186",1,2.599,"Enil",1,"kolo",2,13.835,2,"Enil",0.187856884712685,1,37.654,53.4,75.308,3
2025,"17",1,13.543,"Myotis",1,"kolo",2.7,20.022,3.2,"Myotis",0.676405953451204,0.84375,192.665,116.888,589.5532,3
2025,"17",1,13.543,"Myotis",1,"kolo",2.7,20.022,3.2,"Myotis",0.676405953451204,0.84375,192.665,116.888,589.5532,3
2025,"17",1,13.543,"Myotis",1,"kolo",2.7,20.022,3.2,"Myotis",0.676405953451204,0.84375,192.665,116.888,589.5532,3
2025,"17",2,14.253,"Enil",1,"kolo",1.6,20.022,3.2,"Enil",0.711866946359005,0.5,192.665,116.888,589.5532,3
2025,"17",2,14.253,"Enil",1,"kolo",1.6,20.022,3.2,"Enil",0.711866946359005,0.5,192.665,116.888,589.5532,3
2025,"17",2,14.253,"Enil",1,"kolo",1.6,20.022,3.2,"Enil",0.711866946359005,0.5,192.665,116.888,589.5532,3
2025,"17",3,11.207,"Enil",1,"pinta",2.7,20.022,3.2,"Enil",0.559734292278494,0.84375,192.665,116.888,589.5532,3
2025,"17",3,11.207,"Enil",1,"pinta",2.7,20.022,3.2,"Enil",0.559734292278494,0.84375,192.665,116.888,589.5532,3
2025,"17",3,11.207,"Enil",1,"pinta",2.7,20.022,3.2,"Enil",0.559734292278494,0.84375,192.665,116.888,589.5532,3
2025,"17",4,12.143,"Mmbra",1,"kolo",3,20.022,3.2,"Myotis",0.606482868844271,0.9375,192.665,116.888,589.5532,3
2025,"17",4,12.143,"Mmbra",1,"kolo",3,20.022,3.2,"Myotis",0.606482868844271,0.9375,192.665,116.888,589.5532,3
2025,"17",4,12.143,"Mmbra",1,"kolo",3,20.022,3.2,"Myotis",0.606482868844271,0.9375,192.665,116.888,589.5532,3
2025,"82",1,3.999,"Enil",1,"pinta",1.9,10.897,1.9,"Enil",0.366981738093053,1,43.211,55.143,82.1009,1
2025,"82",1,3.999,"Enil",1,"pinta",1.9,10.897,1.9,"Enil",0.366981738093053,1,43.211,55.143,82.1009,1
2025,"82",1,3.999,"Enil",1,"pinta",1.9,10.897,1.9,"Enil",0.366981738093053,1,43.211,55.143,82.1009,1
2025,"82",2,3.991,"Enil",1,"pinta",1.9,10.897,1.9,"Enil",0.366247591080114,1,43.211,55.143,82.1009,1
2025,"82",2,3.991,"Enil",1,"pinta",1.9,10.897,1.9,"Enil",0.366247591080114,1,43.211,55.143,82.1009,1
2025,"82",2,3.991,"Enil",1,"pinta",1.9,10.897,1.9,"Enil",0.366247591080114,1,43.211,55.143,82.1009,1
2025,"82",3,3.125,"Enil",1,"pinta",1.9,10.897,1.9,"Enil",0.28677617692943,1,43.211,55.143,82.1009,1
2025,"82",3,3.125,"Enil",1,"pinta",1.9,10.897,1.9,"Enil",0.28677617692943,1,43.211,55.143,82.1009,1
2025,"82",3,3.125,"Enil",1,"pinta",1.9,10.897,1.9,"Enil",0.28677617692943,1,43.211,55.143,82.1009,1
2025,"82",4,6.478,"Enil",1,"pinta",1.5,10.897,1.9,"Enil",0.594475543727631,0.789473684210526,43.211,55.143,82.1009,1
2025,"82",4,6.478,"Enil",1,"pinta",1.5,10.897,1.9,"Enil",0.594475543727631,0.789473684210526,43.211,55.143,82.1009,1
2025,"82",4,6.478,"Enil",1,"pinta",1.5,10.897,1.9,"Enil",0.594475543727631,0.789473684210526,43.211,55.143,82.1009,1
2025,"83",1,6.64,"Enil",1,"kolo",2.1,8.101,2.1,"Enil",0.819651894827799,1,26.195,35.122,55.0095,1
2025,"83",1,6.64,"Enil",1,"kolo",2.1,8.101,2.1,"Enil",0.819651894827799,1,26.195,35.122,55.0095,1
2025,"83",1,6.64,"Enil",1,"kolo",2.1,8.101,2.1,"Enil",0.819651894827799,1,26.195,35.122,55.0095,1
2025,"83",2,4.933,"Enil",1,"pinta",2.1,8.101,2.1,"Enil",0.608937168250833,1,26.195,35.122,55.0095,1
2025,"83",2,4.933,"Enil",1,"pinta",2.1,8.101,2.1,"Enil",0.608937168250833,1,26.195,35.122,55.0095,1
2025,"83",2,4.933,"Enil",1,"pinta",2.1,8.101,2.1,"Enil",0.608937168250833,1,26.195,35.122,55.0095,1
2025,"384",1,3.007,"Enil",1,"pinta",2,10.657,2.2,"Enil",0.282161959275594,0.909090909090909,40.625,54.586,81.25,1
2025,"384",1,3.007,"Enil",1,"pinta",2,10.657,2.2,"Enil",0.282161959275594,0.909090909090909,40.625,54.586,81.25,1
2025,"384",1,3.007,"Enil",1,"pinta",2,10.657,2.2,"Enil",0.282161959275594,0.909090909090909,40.625,54.586,81.25,1
2025,"384",2,0.874,"Enil",1,"pinta",1.5,10.657,2.2,"Enil",0.0820118232147884,0.681818181818182,40.625,54.586,81.25,1
2025,"384",2,0.874,"Enil",1,"pinta",1.5,10.657,2.2,"Enil",0.0820118232147884,0.681818181818182,40.625,54.586,81.25,1
2025,"384",2,0.874,"Enil",1,"pinta",1.5,10.657,2.2,"Enil",0.0820118232147884,0.681818181818182,40.625,54.586,81.25,1
2025,"384",3,2.125,"Enil",1,"pinta",2,10.657,2.2,"Enil",0.19939945575678,0.909090909090909,40.625,54.586,81.25,1
2025,"384",3,2.125,"Enil",1,"pinta",2,10.657,2.2,"Enil",0.19939945575678,0.909090909090909,40.625,54.586,81.25,1
2025,"384",3,2.125,"Enil",1,"pinta",2,10.657,2.2,"Enil",0.19939945575678,0.909090909090909,40.625,54.586,81.25,1
2025,"384",4,9.654,"Enil",1,"pinta",1.5,10.657,2.2,"Enil",0.9058834568828,0.681818181818182,40.625,54.586,81.25,1
2025,"384",4,9.654,"Enil",1,"pinta",1.5,10.657,2.2,"Enil",0.9058834568828,0.681818181818182,40.625,54.586,81.25,1
2025,"384",4,9.654,"Enil",1,"pinta",1.5,10.657,2.2,"Enil",0.9058834568828,0.681818181818182,40.625,54.586,81.25,1
2025,"384",5,6.205,"Enil",1,"pinta",2,10.657,2.2,"Enil",0.582246410809796,0.909090909090909,40.625,54.586,81.25,1
2025,"384",5,6.205,"Enil",1,"pinta",2,10.657,2.2,"Enil",0.582246410809796,0.909090909090909,40.625,54.586,81.25,1
2025,"384",5,6.205,"Enil",1,"pinta",2,10.657,2.2,"Enil",0.582246410809796,0.909090909090909,40.625,54.586,81.25,1
2025,"384",6,5.567,"Enil",1,"pinta",2,10.657,2.2,"Enil",0.522379656563761,0.909090909090909,40.625,54.586,81.25,1
2025,"384",6,5.567,"Enil",1,"pinta",2,10.657,2.2,"Enil",0.522379656563761,0.909090909090909,40.625,54.586,81.25,1
2025,"384",6,5.567,"Enil",1,"pinta",2,10.657,2.2,"Enil",0.522379656563761,0.909090909090909,40.625,54.586,81.25,1
2025,"384",7,5.035,"Enil",1,"pinta",2,10.657,2.2,"Enil",0.472459416346064,0.909090909090909,40.625,54.586,81.25,1
2025,"384",7,5.035,"Enil",1,"pinta",2,10.657,2.2,"Enil",0.472459416346064,0.909090909090909,40.625,54.586,81.25,1
2025,"384",7,5.035,"Enil",1,"pinta",2,10.657,2.2,"Enil",0.472459416346064,0.909090909090909,40.625,54.586,81.25,1
2025,"312",1,8.863,"Enil",1,"pinta",2,10.597,2,"Enil",0.836368783618005,1,42.042,50.393,84.084,1
2025,"312",1,8.863,"Enil",1,"pinta",2,10.597,2,"Enil",0.836368783618005,1,42.042,50.393,84.084,1
2025,"312",1,8.863,"Enil",1,"pinta",2,10.597,2,"Enil",0.836368783618005,1,42.042,50.393,84.084,1
2025,"304",1,3.943,"Enil",1,"kolo",2,9.654,2,"Enil",0.408431738139631,1,36.38,57.859,72.76,2
2025,"304",1,3.943,"Enil",1,"kolo",2,9.654,2,"Enil",0.408431738139631,1,36.38,57.859,72.76,2
2025,"304",1,3.943,"Enil",1,"kolo",2,9.654,2,"Enil",0.408431738139631,1,36.38,57.859,72.76,2
2025,"306",1,1.224,"Enil",1,"pinta",2,8.832,2,"Enil",0.138586956521739,1,44.796,58.496,89.592,2
2025,"306",1,1.224,"Enil",1,"pinta",2,8.832,2,"Enil",0.138586956521739,1,44.796,58.496,89.592,2
2025,"306",1,1.224,"Enil",1,"pinta",2,8.832,2,"Enil",0.138586956521739,1,44.796,58.496,89.592,2
2025,"309",1,0.206,"Enil",1,"pinta",2,8.916,2,"Enil",0.0231045311799013,1,37.953,47.839,75.906,1
2025,"309",1,0.206,"Enil",1,"pinta",2,8.916,2,"Enil",0.0231045311799013,1,37.953,47.839,75.906,1
2025,"309",1,0.206,"Enil",1,"pinta",2,8.916,2,"Enil",0.0231045311799013,1,37.953,47.839,75.906,1
2025,"309",2,5.282,"Enil",1,"pinta",2,8.916,2,"Enil",0.592418124719605,1,37.953,47.839,75.906,1
2025,"309",2,5.282,"Enil",1,"pinta",2,8.916,2,"Enil",0.592418124719605,1,37.953,47.839,75.906,1
2025,"309",2,5.282,"Enil",1,"pinta",2,8.916,2,"Enil",0.592418124719605,1,37.953,47.839,75.906,1
2025,"309",3,7.894,"Enil",1,"pinta",1.5,8.916,2,"Enil",0.885374607447286,0.75,37.953,47.839,75.906,1
2025,"309",3,7.894,"Enil",1,"pinta",1.5,8.916,2,"Enil",0.885374607447286,0.75,37.953,47.839,75.906,1
2025,"309",3,7.894,"Enil",1,"pinta",1.5,8.916,2,"Enil",0.885374607447286,0.75,37.953,47.839,75.906,1
2025,"309",4,6.436,"Enil",1,"kolo",2,8.916,2,"Enil",0.721848362494392,1,37.953,47.839,75.906,1
2025,"309",4,6.436,"Enil",1,"kolo",2,8.916,2,"Enil",0.721848362494392,1,37.953,47.839,75.906,1
2025,"309",4,6.436,"Enil",1,"kolo",2,8.916,2,"Enil",0.721848362494392,1,37.953,47.839,75.906,1
2025,"309",4,6.436,"Enil",1,"kolo",2,8.916,2,"Enil",0.721848362494392,1,37.953,47.839,75.906,1
2025,"309",4,6.436,"Enil",1,"kolo",2,8.916,2,"Enil",0.721848362494392,1,37.953,47.839,75.906,1
2025,"309",4,6.436,"Enil",1,"kolo",2,8.916,2,"Enil",0.721848362494392,1,37.953,47.839,75.906,1
2025,"308",1,8.467,"Enil",1,"pinta",2,10.944,2.1,"Enil",0.773665935672515,0.952380952380952,72.474,80.904,144.948,3
2025,"308",1,8.467,"Enil",1,"pinta",2,10.944,2.1,"Enil",0.773665935672515,0.952380952380952,72.474,80.904,144.948,3
2025,"308",1,8.467,"Enil",1,"pinta",2,10.944,2.1,"Enil",0.773665935672515,0.952380952380952,72.474,80.904,144.948,3
2025,"308",2,9.997,"Enil",1,"pinta",2,10.944,2.1,"Enil",0.913468567251462,0.952380952380952,72.474,80.904,144.948,3
2025,"308",2,9.997,"Enil",1,"pinta",2,10.944,2.1,"Enil",0.913468567251462,0.952380952380952,72.474,80.904,144.948,3
2025,"308",2,9.997,"Enil",1,"pinta",2,10.944,2.1,"Enil",0.913468567251462,0.952380952380952,72.474,80.904,144.948,3
2025,"316",1,8.317,"Enil",1,"pinta",2,11.308,2,"Enil",0.735496993279094,1,76.844,92.008,153.688,2
2025,"316",1,8.317,"Enil",1,"pinta",2,11.308,2,"Enil",0.735496993279094,1,76.844,92.008,153.688,2
2025,"316",1,8.317,"Enil",1,"pinta",2,11.308,2,"Enil",0.735496993279094,1,76.844,92.008,153.688,2
2025,"316",2,10.252,"Paur",1,"kolo",2,11.308,2,"Paur",0.906614785992218,1,76.844,92.008,153.688,2
2025,"316",2,10.252,"Paur",1,"kolo",2,11.308,2,"Paur",0.906614785992218,1,76.844,92.008,153.688,2
2025,"316",2,10.252,"Paur",1,"kolo",2,11.308,2,"Paur",0.906614785992218,1,76.844,92.008,153.688,2
2025,"316",3,10.345,"Enil",1,"pinta",1.5,11.308,2,"Enil",0.914839051998585,0.75,76.844,92.008,153.688,2
2025,"316",3,10.345,"Enil",1,"pinta",1.5,11.308,2,"Enil",0.914839051998585,0.75,76.844,92.008,153.688,2
2025,"316",3,10.345,"Enil",1,"pinta",1.5,11.308,2,"Enil",0.914839051998585,0.75,76.844,92.008,153.688,2
2025,"316",4,3.943,"Paur",1,"pinta",2,11.308,2,"Paur",0.348691192076406,1,76.844,92.008,153.688,2
2025,"316",4,3.943,"Paur",1,"pinta",2,11.308,2,"Paur",0.348691192076406,1,76.844,92.008,153.688,2
2025,"316",4,3.943,"Paur",1,"pinta",2,11.308,2,"Paur",0.348691192076406,1,76.844,92.008,153.688,2
2025,"352",1,4.904,"Enil",1,"pinta",2,7.816,2,"Enil",0.627430910951894,1,43.122,63.694,77.6196,3
2025,"352",1,4.904,"Enil",1,"pinta",2,7.816,2,"Enil",0.627430910951894,1,43.122,63.694,77.6196,3
2025,"352",1,4.904,"Enil",1,"pinta",2,7.816,2,"Enil",0.627430910951894,1,43.122,63.694,77.6196,3
2025,"352",2,4.431,"Enil",1,"kolo",1.5,7.816,2,"Enil",0.566914022517912,0.75,43.122,63.694,77.6196,3
2025,"352",2,4.431,"Enil",1,"kolo",1.5,7.816,2,"Enil",0.566914022517912,0.75,43.122,63.694,77.6196,3
2025,"352",2,4.431,"Enil",1,"kolo",1.5,7.816,2,"Enil",0.566914022517912,0.75,43.122,63.694,77.6196,3
2025,"314",1,6.922,"Enil",1,"pinta",2,12.959,2,"Enil",0.534146153252566,1,48.58,65.034,97.16,1
2025,"314",1,6.922,"Enil",1,"pinta",2,12.959,2,"Enil",0.534146153252566,1,48.58,65.034,97.16,1
2025,"314",1,6.922,"Enil",1,"pinta",2,12.959,2,"Enil",0.534146153252566,1,48.58,65.034,97.16,1
2025,"314",2,6.743,"Enil",1,"pinta",2,12.959,2,"Enil",0.520333359055483,1,48.58,65.034,97.16,1
2025,"314",2,6.743,"Enil",1,"pinta",2,12.959,2,"Enil",0.520333359055483,1,48.58,65.034,97.16,1
2025,"314",2,6.743,"Enil",1,"pinta",2,12.959,2,"Enil",0.520333359055483,1,48.58,65.034,97.16,1
2025,"314",3,9.016,"Enil",1,"pinta",2,12.959,2,"Enil",0.69573269542403,1,48.58,65.034,97.16,1
2025,"314",3,9.016,"Enil",1,"pinta",2,12.959,2,"Enil",0.69573269542403,1,48.58,65.034,97.16,1
2025,"314",3,9.016,"Enil",1,"pinta",2,12.959,2,"Enil",0.69573269542403,1,48.58,65.034,97.16,1
2025,"314",4,11.452,"Enil",1,"pinta",2,12.959,2,"Enil",0.883710162821205,1,48.58,65.034,97.16,1
2025,"314",4,11.452,"Enil",1,"pinta",2,12.959,2,"Enil",0.883710162821205,1,48.58,65.034,97.16,1
2025,"314",4,11.452,"Enil",1,"pinta",2,12.959,2,"Enil",0.883710162821205,1,48.58,65.034,97.16,1
2025,"314",5,11.243,"Enil",1,"pinta",2,12.959,2,"Enil",0.86758237518327,1,48.58,65.034,97.16,1
2025,"314",5,11.243,"Enil",1,"pinta",2,12.959,2,"Enil",0.86758237518327,1,48.58,65.034,97.16,1
2025,"314",5,11.243,"Enil",1,"pinta",2,12.959,2,"Enil",0.86758237518327,1,48.58,65.034,97.16,1
2025,"314",6,11.42,"Enil",1,"pinta",2,12.959,2,"Enil",0.881240836484297,1,48.58,65.034,97.16,1
2025,"314",6,11.42,"Enil",1,"pinta",2,12.959,2,"Enil",0.881240836484297,1,48.58,65.034,97.16,1
2025,"314",6,11.42,"Enil",1,"pinta",2,12.959,2,"Enil",0.881240836484297,1,48.58,65.034,97.16,1
2025,"102",1,3.431,"Enil",1,"kolo",1,11.891,2,"Enil",0.288537549407115,0.5,42.91,54.67,85.82,1
2025,"102",1,3.431,"Enil",1,"kolo",1,11.891,2,"Enil",0.288537549407115,0.5,42.91,54.67,85.82,1
2025,"102",1,3.431,"Enil",1,"kolo",1,11.891,2,"Enil",0.288537549407115,0.5,42.91,54.67,85.82,1
2025,"102",2,2.801,"Enil",1,"kolo",1,11.891,2,"Enil",0.235556303086368,0.5,42.91,54.67,85.82,1
2025,"102",2,2.801,"Enil",1,"kolo",1,11.891,2,"Enil",0.235556303086368,0.5,42.91,54.67,85.82,1
2025,"102",2,2.801,"Enil",1,"kolo",1,11.891,2,"Enil",0.235556303086368,0.5,42.91,54.67,85.82,1
2025,"104",1,7.643,"Enil",1,"kolo",1.9,9.808,1.9,"Enil",0.779261827079935,1,44.584,61.481,84.7096,3
2025,"104",1,7.643,"Enil",1,"kolo",1.9,9.808,1.9,"Enil",0.779261827079935,1,44.584,61.481,84.7096,3
2025,"104",1,7.643,"Enil",1,"kolo",1.9,9.808,1.9,"Enil",0.779261827079935,1,44.584,61.481,84.7096,3
2025,"104",2,5.803,"Enil",1,"kolo",1.9,9.808,1.9,"Enil",0.59165986949429,1,44.584,61.481,84.7096,3
2025,"104",2,5.803,"Enil",1,"kolo",1.9,9.808,1.9,"Enil",0.59165986949429,1,44.584,61.481,84.7096,3
2025,"104",2,5.803,"Enil",1,"kolo",1.9,9.808,1.9,"Enil",0.59165986949429,1,44.584,61.481,84.7096,3
2025,"104",3,4.666,"Enil",1,"kolo",1.9,9.808,1.9,"Enil",0.47573409461664,1,44.584,61.481,84.7096,3
2025,"104",3,4.666,"Enil",1,"kolo",1.9,9.808,1.9,"Enil",0.47573409461664,1,44.584,61.481,84.7096,3
2025,"104",3,4.666,"Enil",1,"kolo",1.9,9.808,1.9,"Enil",0.47573409461664,1,44.584,61.481,84.7096,3
2025,"104",4,3.111,"Enil",1,"kolo",1.9,9.808,1.9,"Enil",0.317190048939641,1,44.584,61.481,84.7096,3
2025,"104",4,3.111,"Enil",1,"kolo",1.9,9.808,1.9,"Enil",0.317190048939641,1,44.584,61.481,84.7096,3
2025,"104",4,3.111,"Enil",1,"kolo",1.9,9.808,1.9,"Enil",0.317190048939641,1,44.584,61.481,84.7096,3
2025,"106",1,8.561,"Enil",1,"kolo",1.8,11.693,1.9,"Enil",0.732147438638502,0.947368421052632,42.563,54.138,80.8697,1
2025,"106",1,8.561,"Enil",1,"kolo",1.8,11.693,1.9,"Enil",0.732147438638502,0.947368421052632,42.563,54.138,80.8697,1
2025,"106",1,8.561,"Enil",1,"kolo",1.8,11.693,1.9,"Enil",0.732147438638502,0.947368421052632,42.563,54.138,80.8697,1
2025,"106",2,10.498,"Enil",1,"pinta",1.8,11.693,1.9,"Enil",0.8978021038228,0.947368421052632,42.563,54.138,80.8697,1
2025,"106",2,10.498,"Enil",1,"pinta",1.8,11.693,1.9,"Enil",0.8978021038228,0.947368421052632,42.563,54.138,80.8697,1
2025,"106",2,10.498,"Enil",1,"pinta",1.8,11.693,1.9,"Enil",0.8978021038228,0.947368421052632,42.563,54.138,80.8697,1
2025,"106",3,11.003,"Enil",1,"pinta",1.8,11.693,1.9,"Enil",0.940990336098521,0.947368421052632,42.563,54.138,80.8697,1
2025,"106",3,11.003,"Enil",1,"pinta",1.8,11.693,1.9,"Enil",0.940990336098521,0.947368421052632,42.563,54.138,80.8697,1
2025,"106",3,11.003,"Enil",1,"pinta",1.8,11.693,1.9,"Enil",0.940990336098521,0.947368421052632,42.563,54.138,80.8697,1
2025,"108",1,5.158,"Enil",1,"pinta",2,8.91,2,"Enil",0.578900112233446,1,36.457,55.689,72.914,2
2025,"108",1,5.158,"Enil",1,"pinta",2,8.91,2,"Enil",0.578900112233446,1,36.457,55.689,72.914,2
2025,"108",1,5.158,"Enil",1,"pinta",2,8.91,2,"Enil",0.578900112233446,1,36.457,55.689,72.914,2
2025,"144",1,5.132,"Mmbra",1,NA,0,16.74,3.2,"Myotis",0.306571087216249,0,84.866,80.624,238.2972,3
2025,"144",1,5.132,"Mmbra",1,NA,0,16.74,3.2,"Myotis",0.306571087216249,0,84.866,80.624,238.2972,3
2025,"144",1,5.132,"Mmbra",1,NA,0,16.74,3.2,"Myotis",0.306571087216249,0,84.866,80.624,238.2972,3
2025,"144",2,5.541,"Enil",1,"pinta",2.5,16.74,2.5,"Enil",0.331003584229391,1,84.866,80.624,238.2972,3
2025,"144",2,5.541,"Enil",1,"pinta",2.5,16.74,2.5,"Enil",0.331003584229391,1,84.866,80.624,238.2972,3
2025,"144",2,5.541,"Enil",1,"pinta",2.5,16.74,2.5,"Enil",0.331003584229391,1,84.866,80.624,238.2972,3
2025,"144",3,7.091,"Enil",1,"kolo",2,16.74,2.3,"Enil",0.423596176821983,0.869565217391304,84.866,80.624,238.2972,3
2025,"144",3,7.091,"Enil",1,"kolo",2,16.74,2.3,"Enil",0.423596176821983,0.869565217391304,84.866,80.624,238.2972,3
2025,"144",3,7.091,"Enil",1,"kolo",2,16.74,2.3,"Enil",0.423596176821983,0.869565217391304,84.866,80.624,238.2972,3
2025,"144",4,6.844,"Mmbra",1,"kolo",3.2,16.74,3.2,"Myotis",0.40884109916368,1,84.866,80.624,238.2972,3
2025,"144",4,6.844,"Mmbra",1,"kolo",3.2,16.74,3.2,"Myotis",0.40884109916368,1,84.866,80.624,238.2972,3
2025,"144",4,6.844,"Mmbra",1,"kolo",3.2,16.74,3.2,"Myotis",0.40884109916368,1,84.866,80.624,238.2972,3
2025,"144",4,6.844,"Mmbra",1,"kolo",3.2,16.74,3.2,"Myotis",0.40884109916368,1,84.866,80.624,238.2972,3
2025,"144",4,6.844,"Mmbra",1,"kolo",3.2,16.74,3.2,"Myotis",0.40884109916368,1,84.866,80.624,238.2972,3
2025,"144",4,6.844,"Mmbra",1,"kolo",3.2,16.74,3.2,"Myotis",0.40884109916368,1,84.866,80.624,238.2972,3
2025,"144",4,6.844,"Mmbra",1,"kolo",3.2,16.74,3.2,"Myotis",0.40884109916368,1,84.866,80.624,238.2972,3
2025,"144",4,6.844,"Mmbra",1,"kolo",3.2,16.74,3.2,"Myotis",0.40884109916368,1,84.866,80.624,238.2972,3
2025,"144",4,6.844,"Mmbra",1,"kolo",3.2,16.74,3.2,"Myotis",0.40884109916368,1,84.866,80.624,238.2972,3
2025,"144",5,7.765,"Mmbra",1,"kolo",3.2,16.74,3.2,"Myotis",0.463859020310633,1,84.866,80.624,238.2972,3
2025,"144",5,7.765,"Mmbra",1,"kolo",3.2,16.74,3.2,"Myotis",0.463859020310633,1,84.866,80.624,238.2972,3
2025,"144",5,7.765,"Mmbra",1,"kolo",3.2,16.74,3.2,"Myotis",0.463859020310633,1,84.866,80.624,238.2972,3
2025,"144",5,7.765,"Mmbra",1,"kolo",3.2,16.74,3.2,"Myotis",0.463859020310633,1,84.866,80.624,238.2972,3
2025,"144",5,7.765,"Mmbra",1,"kolo",3.2,16.74,3.2,"Myotis",0.463859020310633,1,84.866,80.624,238.2972,3
2025,"144",5,7.765,"Mmbra",1,"kolo",3.2,16.74,3.2,"Myotis",0.463859020310633,1,84.866,80.624,238.2972,3
2025,"144",5,7.765,"Mmbra",1,"kolo",3.2,16.74,3.2,"Myotis",0.463859020310633,1,84.866,80.624,238.2972,3
2025,"144",5,7.765,"Mmbra",1,"kolo",3.2,16.74,3.2,"Myotis",0.463859020310633,1,84.866,80.624,238.2972,3
2025,"144",5,7.765,"Mmbra",1,"kolo",3.2,16.74,3.2,"Myotis",0.463859020310633,1,84.866,80.624,238.2972,3
2025,"144",5,7.765,"Mmbra",1,"kolo",3.2,16.74,3.2,"Myotis",0.463859020310633,1,84.866,80.624,238.2972,3
2025,"144",5,7.765,"Mmbra",1,"kolo",3.2,16.74,3.2,"Myotis",0.463859020310633,1,84.866,80.624,238.2972,3
2025,"144",5,7.765,"Mmbra",1,"kolo",3.2,16.74,3.2,"Myotis",0.463859020310633,1,84.866,80.624,238.2972,3
2025,"144",6,9.164,"Mdau",1,"pinta",3.2,16.74,3.2,"Myotis",0.547431302270012,1,84.866,80.624,238.2972,3
2025,"144",6,9.164,"Mdau",1,"pinta",3.2,16.74,3.2,"Myotis",0.547431302270012,1,84.866,80.624,238.2972,3
2025,"144",6,9.164,"Mdau",1,"pinta",3.2,16.74,3.2,"Myotis",0.547431302270012,1,84.866,80.624,238.2972,3
2025,"144",7,13.971,"Mdau",1,"pinta",3.2,16.74,3.2,"Myotis",0.834587813620072,1,84.866,80.624,238.2972,3
2025,"144",7,13.971,"Mdau",1,"pinta",3.2,16.74,3.2,"Myotis",0.834587813620072,1,84.866,80.624,238.2972,3
2025,"144",7,13.971,"Mdau",1,"pinta",3.2,16.74,3.2,"Myotis",0.834587813620072,1,84.866,80.624,238.2972,3
2025,"144",8,14.237,"Mmbra",1,"kolo",3.2,16.74,3.2,"Myotis",0.850477897252091,1,84.866,80.624,238.2972,3
2025,"144",8,14.237,"Mmbra",1,"kolo",3.2,16.74,3.2,"Myotis",0.850477897252091,1,84.866,80.624,238.2972,3
2025,"144",8,14.237,"Mmbra",1,"kolo",3.2,16.74,3.2,"Myotis",0.850477897252091,1,84.866,80.624,238.2972,3
2025,"144",8,14.237,"Mmbra",1,"kolo",3.2,16.74,3.2,"Myotis",0.850477897252091,1,84.866,80.624,238.2972,3
2025,"144",8,14.237,"Mmbra",1,"kolo",3.2,16.74,3.2,"Myotis",0.850477897252091,1,84.866,80.624,238.2972,3
2025,"144",8,14.237,"Mmbra",1,"kolo",3.2,16.74,3.2,"Myotis",0.850477897252091,1,84.866,80.624,238.2972,3
2025,"144",8,14.237,"Mmbra",1,"kolo",3.2,16.74,3.2,"Myotis",0.850477897252091,1,84.866,80.624,238.2972,3
2025,"144",8,14.237,"Mmbra",1,"kolo",3.2,16.74,3.2,"Myotis",0.850477897252091,1,84.866,80.624,238.2972,3
2025,"144",8,14.237,"Mmbra",1,"kolo",3.2,16.74,3.2,"Myotis",0.850477897252091,1,84.866,80.624,238.2972,3
2025,"144",9,15.882,"Mdau",1,"pinta",3.2,16.74,3.2,"Myotis",0.948745519713262,1,84.866,80.624,238.2972,3
2025,"144",9,15.882,"Mdau",1,"pinta",3.2,16.74,3.2,"Myotis",0.948745519713262,1,84.866,80.624,238.2972,3
2025,"144",9,15.882,"Mdau",1,"pinta",3.2,16.74,3.2,"Myotis",0.948745519713262,1,84.866,80.624,238.2972,3
2025,"144",10,15.591,"Mmbra",1,"kolo",3.2,16.74,3.2,"Myotis",0.931362007168459,1,84.866,80.624,238.2972,3
2025,"144",10,15.591,"Mmbra",1,"kolo",3.2,16.74,3.2,"Myotis",0.931362007168459,1,84.866,80.624,238.2972,3
2025,"144",10,15.591,"Mmbra",1,"kolo",3.2,16.74,3.2,"Myotis",0.931362007168459,1,84.866,80.624,238.2972,3
2025,"144",11,12.807,"Mmbra",1,"kolo",3.2,16.74,3.2,"Myotis",0.76505376344086,1,84.866,80.624,238.2972,3
2025,"144",11,12.807,"Mmbra",1,"kolo",3.2,16.74,3.2,"Myotis",0.76505376344086,1,84.866,80.624,238.2972,3
2025,"144",11,12.807,"Mmbra",1,"kolo",3.2,16.74,3.2,"Myotis",0.76505376344086,1,84.866,80.624,238.2972,3
2025,"144",12,15.616,"Mmbra",1,"kolo",3.2,16.74,3.2,"Myotis",0.932855436081243,1,84.866,80.624,238.2972,3
2025,"144",12,15.616,"Mmbra",1,"kolo",3.2,16.74,3.2,"Myotis",0.932855436081243,1,84.866,80.624,238.2972,3
2025,"144",12,15.616,"Mmbra",1,"kolo",3.2,16.74,3.2,"Myotis",0.932855436081243,1,84.866,80.624,238.2972,3
2025,"144",12,15.616,"Mmbra",1,"kolo",3.2,16.74,3.2,"Myotis",0.932855436081243,1,84.866,80.624,238.2972,3
2025,"144",12,15.616,"Mmbra",1,"kolo",3.2,16.74,3.2,"Myotis",0.932855436081243,1,84.866,80.624,238.2972,3
2025,"144",12,15.616,"Mmbra",1,"kolo",3.2,16.74,3.2,"Myotis",0.932855436081243,1,84.866,80.624,238.2972,3
2025,"144",12,15.616,"Mmbra",1,"kolo",3.2,16.74,3.2,"Myotis",0.932855436081243,1,84.866,80.624,238.2972,3
2025,"144",12,15.616,"Mmbra",1,"kolo",3.2,16.74,3.2,"Myotis",0.932855436081243,1,84.866,80.624,238.2972,3
2025,"144",12,15.616,"Mmbra",1,"kolo",3.2,16.74,3.2,"Myotis",0.932855436081243,1,84.866,80.624,238.2972,3
2025,"144",13,15.756,"Mmbra",1,"kolo",3.2,16.74,3.2,"Myotis",0.941218637992832,1,84.866,80.624,238.2972,3
2025,"144",13,15.756,"Mmbra",1,"kolo",3.2,16.74,3.2,"Myotis",0.941218637992832,1,84.866,80.624,238.2972,3
2025,"144",13,15.756,"Mmbra",1,"kolo",3.2,16.74,3.2,"Myotis",0.941218637992832,1,84.866,80.624,238.2972,3
2025,"144",14,7.625,"Mdau",1,"pinta",3.2,16.74,3.2,"Myotis",0.455495818399044,1,84.866,80.624,238.2972,3
2025,"144",14,7.625,"Mdau",1,"pinta",3.2,16.74,3.2,"Myotis",0.455495818399044,1,84.866,80.624,238.2972,3
2025,"144",14,7.625,"Mdau",1,"pinta",3.2,16.74,3.2,"Myotis",0.455495818399044,1,84.866,80.624,238.2972,3
2025,"93",1,5.065,"Enil",1,"kolo",2,11.947,2,"Enil",0.423955804804554,1,41.91,56.149,82.5627,1
2025,"93",1,5.065,"Enil",1,"kolo",2,11.947,2,"Enil",0.423955804804554,1,41.91,56.149,82.5627,1
2025,"93",1,5.065,"Enil",1,"kolo",2,11.947,2,"Enil",0.423955804804554,1,41.91,56.149,82.5627,1
2025,"93",2,11.104,"Enil",1,"pinta",2,11.947,2,"Enil",0.929438352724533,1,41.91,56.149,82.5627,1
2025,"93",2,11.104,"Enil",1,"pinta",2,11.947,2,"Enil",0.929438352724533,1,41.91,56.149,82.5627,1
2025,"93",2,11.104,"Enil",1,"pinta",2,11.947,2,"Enil",0.929438352724533,1,41.91,56.149,82.5627,1
2025,"92",1,4.269,"Enil",1,"pinta",2,12.438,2,"Enil",0.343222383019778,1,32.409,37.144,63.84573,1
2025,"92",1,4.269,"Enil",1,"pinta",2,12.438,2,"Enil",0.343222383019778,1,32.409,37.144,63.84573,1
2025,"92",1,4.269,"Enil",1,"pinta",2,12.438,2,"Enil",0.343222383019778,1,32.409,37.144,63.84573,1
2025,"92",2,9.653,"Enil",1,"pinta",2,12.438,2,"Enil",0.776089403441068,1,32.409,37.144,63.84573,1
2025,"92",2,9.653,"Enil",1,"pinta",2,12.438,2,"Enil",0.776089403441068,1,32.409,37.144,63.84573,1
2025,"92",2,9.653,"Enil",1,"pinta",2,12.438,2,"Enil",0.776089403441068,1,32.409,37.144,63.84573,1
2025,"94",1,10.23,"Enil",1,"pinta",1.9,11.677,1.9,"Enil",0.876081185235934,1,42.669,54.276,81.0711,1
2025,"94",1,10.23,"Enil",1,"pinta",1.9,11.677,1.9,"Enil",0.876081185235934,1,42.669,54.276,81.0711,1
2025,"94",1,10.23,"Enil",1,"pinta",1.9,11.677,1.9,"Enil",0.876081185235934,1,42.669,54.276,81.0711,1
2025,"158",1,1.824,"Enil",1,"pinta",1.8,8.592,1.9,"Enil",0.212290502793296,0.947368421052632,49.989,61.873,94.9791,3
2025,"158",1,1.824,"Enil",1,"pinta",1.8,8.592,1.9,"Enil",0.212290502793296,0.947368421052632,49.989,61.873,94.9791,3
2025,"158",1,1.824,"Enil",1,"pinta",1.8,8.592,1.9,"Enil",0.212290502793296,0.947368421052632,49.989,61.873,94.9791,3
2025,"99/335",1,2.575,"Enil",1,"pinta",2.2,13.254,2.2,"Enil",0.194280971782104,1,38.963,41.289,89.6149,1
2025,"99/335",1,2.575,"Enil",1,"pinta",2.2,13.254,2.2,"Enil",0.194280971782104,1,38.963,41.289,89.6149,1
2025,"99/335",1,2.575,"Enil",1,"pinta",2.2,13.254,2.2,"Enil",0.194280971782104,1,38.963,41.289,89.6149,1
2025,"99/335",2,12.484,"Enil",1,"kolo",2.2,13.254,2.2,"Enil",0.94190433076807,1,38.963,41.289,89.6149,1
2025,"99/335",2,12.484,"Enil",1,"kolo",2.2,13.254,2.2,"Enil",0.94190433076807,1,38.963,41.289,89.6149,1
2025,"99/335",2,12.484,"Enil",1,"kolo",2.2,13.254,2.2,"Enil",0.94190433076807,1,38.963,41.289,89.6149,1
2025,"99/335",3,9.018,"Enil",1,"kolo",2.2,13.254,2.2,"Enil",0.680398370303305,1,38.963,41.289,89.6149,1
2025,"99/335",3,9.018,"Enil",1,"kolo",2.2,13.254,2.2,"Enil",0.680398370303305,1,38.963,41.289,89.6149,1
2025,"99/335",3,9.018,"Enil",1,"kolo",2.2,13.254,2.2,"Enil",0.680398370303305,1,38.963,41.289,89.6149,1
2025,"420",1,5.28,"Enil",1,"pinta",2,12.467,2,"Enil",0.423518087751664,1,40.883,55.481,81.766,1
2025,"420",1,5.28,"Enil",1,"pinta",2,12.467,2,"Enil",0.423518087751664,1,40.883,55.481,81.766,1
2025,"420",1,5.28,"Enil",1,"pinta",2,12.467,2,"Enil",0.423518087751664,1,40.883,55.481,81.766,1
2025,"420",2,6.327,"Enil",1,"pinta",2,12.467,2,"Enil",0.507499799470602,1,40.883,55.481,81.766,1
2025,"420",2,6.327,"Enil",1,"pinta",2,12.467,2,"Enil",0.507499799470602,1,40.883,55.481,81.766,1
2025,"420",2,6.327,"Enil",1,"pinta",2,12.467,2,"Enil",0.507499799470602,1,40.883,55.481,81.766,1
2025,"420",3,10.167,"Enil",1,"pinta",2,12.467,2,"Enil",0.815512954199086,1,40.883,55.481,81.766,1
2025,"420",3,10.167,"Enil",1,"pinta",2,12.467,2,"Enil",0.815512954199086,1,40.883,55.481,81.766,1
2025,"420",3,10.167,"Enil",1,"pinta",2,12.467,2,"Enil",0.815512954199086,1,40.883,55.481,81.766,1
2025,"420",4,11.318,"Enil",1,"pinta",2,12.467,2,"Enil",0.907836688858587,1,40.883,55.481,81.766,1
2025,"420",4,11.318,"Enil",1,"pinta",2,12.467,2,"Enil",0.907836688858587,1,40.883,55.481,81.766,1
2025,"420",4,11.318,"Enil",1,"pinta",2,12.467,2,"Enil",0.907836688858587,1,40.883,55.481,81.766,1
2025,"420",5,10.039,"Enil",1,"kolo",2,12.467,2,"Enil",0.805245849041469,1,40.883,55.481,81.766,1
2025,"420",5,10.039,"Enil",1,"kolo",2,12.467,2,"Enil",0.805245849041469,1,40.883,55.481,81.766,1
2025,"420",5,10.039,"Enil",1,"kolo",2,12.467,2,"Enil",0.805245849041469,1,40.883,55.481,81.766,1
2025,"420",6,9.991,"Enil",1,"kolo",2,12.467,2,"Enil",0.801395684607363,1,40.883,55.481,81.766,1
2025,"420",6,9.991,"Enil",1,"kolo",2,12.467,2,"Enil",0.801395684607363,1,40.883,55.481,81.766,1
2025,"420",6,9.991,"Enil",1,"kolo",2,12.467,2,"Enil",0.801395684607363,1,40.883,55.481,81.766,1
2025,"420",7,10.388,"Enil",1,"pinta",2,12.467,2,"Enil",0.833239752947782,1,40.883,55.481,81.766,1
2025,"420",7,10.388,"Enil",1,"pinta",2,12.467,2,"Enil",0.833239752947782,1,40.883,55.481,81.766,1
2025,"420",7,10.388,"Enil",1,"pinta",2,12.467,2,"Enil",0.833239752947782,1,40.883,55.481,81.766,1
2025,"11",1,9.157,"Mmbra",1,"kolo",2,21.93,2,"Myotis",0.417555859553124,1,94.067,95.21,231.8301,2
2025,"11",1,9.157,"Mmbra",1,"kolo",2,21.93,2,"Myotis",0.417555859553124,1,94.067,95.21,231.8301,2
2025,"11",1,9.157,"Mmbra",1,"kolo",2,21.93,2,"Myotis",0.417555859553124,1,94.067,95.21,231.8301,2
2025,"11",2,19.255,"Mmbra",1,"kolo",2,21.93,2.6,"Myotis",0.878020975832193,0.769230769230769,94.067,95.21,231.8301,2
2025,"11",2,19.255,"Mmbra",1,"kolo",2,21.93,2.6,"Myotis",0.878020975832193,0.769230769230769,94.067,95.21,231.8301,2
2025,"11",2,19.255,"Mmbra",1,"kolo",2,21.93,2.6,"Myotis",0.878020975832193,0.769230769230769,94.067,95.21,231.8301,2
2025,"11",3,17.482,"Mdau",1,"pinta",1.8,21.93,2.6,"Myotis",0.797172822617419,0.692307692307692,94.067,95.21,231.8301,2
2025,"11",3,17.482,"Mdau",1,"pinta",1.8,21.93,2.6,"Myotis",0.797172822617419,0.692307692307692,94.067,95.21,231.8301,2
2025,"11",3,17.482,"Mdau",1,"pinta",1.8,21.93,2.6,"Myotis",0.797172822617419,0.692307692307692,94.067,95.21,231.8301,2
2025,"11",4,15.978,"Mmbra",1,"kolo",3,21.93,3,"Myotis",0.72859097127223,1,94.067,95.21,231.8301,2
2025,"11",4,15.978,"Mmbra",1,"kolo",3,21.93,3,"Myotis",0.72859097127223,1,94.067,95.21,231.8301,2
2025,"11",4,15.978,"Mmbra",1,"kolo",3,21.93,3,"Myotis",0.72859097127223,1,94.067,95.21,231.8301,2
2025,"11",4,15.978,"Mmbra",1,"kolo",3,21.93,3,"Myotis",0.72859097127223,1,94.067,95.21,231.8301,2
2025,"11",4,15.978,"Mmbra",1,"kolo",3,21.93,3,"Myotis",0.72859097127223,1,94.067,95.21,231.8301,2
2025,"11",4,15.978,"Mmbra",1,"kolo",3,21.93,3,"Myotis",0.72859097127223,1,94.067,95.21,231.8301,2
2025,"11",4,15.978,"Mmbra",1,"kolo",3,21.93,3,"Myotis",0.72859097127223,1,94.067,95.21,231.8301,2
2025,"11",4,15.978,"Mmbra",1,"kolo",3,21.93,3,"Myotis",0.72859097127223,1,94.067,95.21,231.8301,2
2025,"11",4,15.978,"Mmbra",1,"kolo",3,21.93,3,"Myotis",0.72859097127223,1,94.067,95.21,231.8301,2
2025,"11",4,15.978,"Mmbra",1,"kolo",3,21.93,3,"Myotis",0.72859097127223,1,94.067,95.21,231.8301,2
2025,"11",4,15.978,"Mmbra",1,"kolo",3,21.93,3,"Myotis",0.72859097127223,1,94.067,95.21,231.8301,2
2025,"11",4,15.978,"Mmbra",1,"kolo",3,21.93,3,"Myotis",0.72859097127223,1,94.067,95.21,231.8301,2
2025,"11",5,3.724,"Paur",1,"kolo",3.5,21.93,6,"Paur",0.169813041495668,0.583333333333333,94.067,95.21,231.8301,2
2025,"11",5,3.724,"Paur",1,"kolo",3.5,21.93,6,"Paur",0.169813041495668,0.583333333333333,94.067,95.21,231.8301,2
2025,"11",5,3.724,"Paur",1,"kolo",3.5,21.93,6,"Paur",0.169813041495668,0.583333333333333,94.067,95.21,231.8301,2
2025,"11",5,3.724,"Paur",1,"kolo",3.5,21.93,6,"Paur",0.169813041495668,0.583333333333333,94.067,95.21,231.8301,2
2025,"11",5,3.724,"Paur",1,"kolo",3.5,21.93,6,"Paur",0.169813041495668,0.583333333333333,94.067,95.21,231.8301,2
2025,"11",5,3.724,"Paur",1,"kolo",3.5,21.93,6,"Paur",0.169813041495668,0.583333333333333,94.067,95.21,231.8301,2
2025,"11",5,3.724,"Mmbra",1,"kolo",3.5,21.93,6,"Myotis",0.169813041495668,0.583333333333333,94.067,95.21,231.8301,2
2025,"11",5,3.724,"Mmbra",1,"kolo",3.5,21.93,6,"Myotis",0.169813041495668,0.583333333333333,94.067,95.21,231.8301,2
2025,"11",5,3.724,"Mmbra",1,"kolo",3.5,21.93,6,"Myotis",0.169813041495668,0.583333333333333,94.067,95.21,231.8301,2
2025,"11",5,3.724,"Mmbra",1,"kolo",3.5,21.93,6,"Myotis",0.169813041495668,0.583333333333333,94.067,95.21,231.8301,2
2025,"11",5,3.724,"Mmbra",1,"kolo",3.5,21.93,6,"Myotis",0.169813041495668,0.583333333333333,94.067,95.21,231.8301,2
2025,"11",5,3.724,"Mmbra",1,"kolo",3.5,21.93,6,"Myotis",0.169813041495668,0.583333333333333,94.067,95.21,231.8301,2
2025,"11",6,10.859,"Mmbra",1,"kolo",1.5,21.93,2.5,"Myotis",0.495166438668491,0.6,94.067,95.21,231.8301,2
2025,"11",6,10.859,"Mmbra",1,"kolo",1.5,21.93,2.5,"Myotis",0.495166438668491,0.6,94.067,95.21,231.8301,2
2025,"11",6,10.859,"Mmbra",1,"kolo",1.5,21.93,2.5,"Myotis",0.495166438668491,0.6,94.067,95.21,231.8301,2
2025,"2",1,8.236,"Enil",1,"kolo",2.3,16.608,2.3,"Enil",0.495905587668593,1,116.3,92.954,311.4932,2
2025,"2",1,8.236,"Enil",1,"kolo",2.3,16.608,2.3,"Enil",0.495905587668593,1,116.3,92.954,311.4932,2
2025,"2",1,8.236,"Enil",1,"kolo",2.3,16.608,2.3,"Enil",0.495905587668593,1,116.3,92.954,311.4932,2
2025,"2",2,6.167,"Enil",1,"kolo",1,16.608,1.9,"Enil",0.371327071290944,0.526315789473684,116.3,92.954,311.4932,2
2025,"2",2,6.167,"Enil",1,"kolo",1,16.608,1.9,"Enil",0.371327071290944,0.526315789473684,116.3,92.954,311.4932,2
2025,"2",2,6.167,"Enil",1,"kolo",1,16.608,1.9,"Enil",0.371327071290944,0.526315789473684,116.3,92.954,311.4932,2
2025,"1-180",1,14.456,"Enil",1,"kolo",1,24.446,3.1,"Enil",0.591344187188088,0.32258064516129,299.448,221.422,821.5596,4
2025,"1-180",1,14.456,"Enil",1,"kolo",1,24.446,3.1,"Enil",0.591344187188088,0.32258064516129,299.448,221.422,821.5596,4
2025,"1-180",1,14.456,"Enil",1,"kolo",1,24.446,3.1,"Enil",0.591344187188088,0.32258064516129,299.448,221.422,821.5596,4
2025,"1-180",2,14.327,"Enil",1,"kolo",1,24.446,2,"Enil",0.586067250265892,0.5,299.448,221.422,821.5596,4
2025,"1-180",2,14.327,"Enil",1,"kolo",1,24.446,2,"Enil",0.586067250265892,0.5,299.448,221.422,821.5596,4
2025,"1-180",2,14.327,"Enil",1,"kolo",1,24.446,2,"Enil",0.586067250265892,0.5,299.448,221.422,821.5596,4
2025,"1-180",3,12.398,"Enil",1,"kolo",2.1,24.446,2.5,"Enil",0.507158635359568,0.84,299.448,221.422,821.5596,4
2025,"1-180",3,12.398,"Enil",1,"kolo",2.1,24.446,2.5,"Enil",0.507158635359568,0.84,299.448,221.422,821.5596,4
2025,"1-180",3,12.398,"Enil",1,"kolo",2.1,24.446,2.5,"Enil",0.507158635359568,0.84,299.448,221.422,821.5596,4
2025,"1-180",4,7.053,"Enil",1,"pinta",1.6,24.446,1.6,"Enil",0.288513458234476,1,299.448,221.422,821.5596,4
2025,"1-180",4,7.053,"Enil",1,"pinta",1.6,24.446,1.6,"Enil",0.288513458234476,1,299.448,221.422,821.5596,4
2025,"1-180",4,7.053,"Enil",1,"pinta",1.6,24.446,1.6,"Enil",0.288513458234476,1,299.448,221.422,821.5596,4
2025,"7",1,9.191,"Mmbra",1,"kolo",5,25.985,5,"Myotis",0.353704060034635,1,176.048,184.846,441.139,4
2025,"7",1,9.191,"Mmbra",1,"kolo",5,25.985,5,"Myotis",0.353704060034635,1,176.048,184.846,441.139,4
2025,"7",1,9.191,"Mmbra",1,"kolo",5,25.985,5,"Myotis",0.353704060034635,1,176.048,184.846,441.139,4
2025,"7",1,9.191,"Mmbra",1,"kolo",5,25.985,5,"Myotis",0.353704060034635,1,176.048,184.846,441.139,4
2025,"7",1,9.191,"Mmbra",1,"kolo",5,25.985,5,"Myotis",0.353704060034635,1,176.048,184.846,441.139,4
2025,"7",1,9.191,"Mmbra",1,"kolo",5,25.985,5,"Myotis",0.353704060034635,1,176.048,184.846,441.139,4
2025,"7",2,12.754,"Mmbra",1,"kolo",1.4,25.985,2.3,"Myotis",0.490821627862228,0.608695652173913,176.048,184.846,441.139,4
2025,"7",2,12.754,"Mmbra",1,"kolo",1.4,25.985,2.3,"Myotis",0.490821627862228,0.608695652173913,176.048,184.846,441.139,4
2025,"7",2,12.754,"Mmbra",1,"kolo",1.4,25.985,2.3,"Myotis",0.490821627862228,0.608695652173913,176.048,184.846,441.139,4
2025,"7",2,12.754,"Mmbra",1,"kolo",1.4,25.985,2.3,"Myotis",0.490821627862228,0.608695652173913,176.048,184.846,441.139,4
2025,"7",2,12.754,"Mmbra",1,"kolo",1.4,25.985,2.3,"Myotis",0.490821627862228,0.608695652173913,176.048,184.846,441.139,4
2025,"7",2,12.754,"Mmbra",1,"kolo",1.4,25.985,2.3,"Myotis",0.490821627862228,0.608695652173913,176.048,184.846,441.139,4
2025,"7",3,12.969,"Enil",1,"kolo",1.5,25.985,2.3,"Enil",0.49909563209544,0.652173913043478,176.048,184.846,441.139,4
2025,"7",3,12.969,"Enil",1,"kolo",1.5,25.985,2.3,"Enil",0.49909563209544,0.652173913043478,176.048,184.846,441.139,4
2025,"7",3,12.969,"Enil",1,"kolo",1.5,25.985,2.3,"Enil",0.49909563209544,0.652173913043478,176.048,184.846,441.139,4
2025,"7",4,13.362,"Enil",1,"pinta",2.1,25.985,2.3,"Enil",0.514219742158938,0.91304347826087,176.048,184.846,441.139,4
2025,"7",4,13.362,"Enil",1,"pinta",2.1,25.985,2.3,"Enil",0.514219742158938,0.91304347826087,176.048,184.846,441.139,4
2025,"7",4,13.362,"Enil",1,"pinta",2.1,25.985,2.3,"Enil",0.514219742158938,0.91304347826087,176.048,184.846,441.139,4
2025,"7",5,17.462,"Enil",1,"kolo",2,25.985,2.3,"Enil",0.67200307869925,0.869565217391304,176.048,184.846,441.139,4
2025,"7",5,17.462,"Enil",1,"kolo",2,25.985,2.3,"Enil",0.67200307869925,0.869565217391304,176.048,184.846,441.139,4
2025,"7",5,17.462,"Enil",1,"kolo",2,25.985,2.3,"Enil",0.67200307869925,0.869565217391304,176.048,184.846,441.139,4
2025,"7",6,9.137,"Mmbra",1,"kolo",4,25.985,5,"Myotis",0.351625938041178,0.8,176.048,184.846,441.139,4
2025,"7",6,9.137,"Mmbra",1,"kolo",4,25.985,5,"Myotis",0.351625938041178,0.8,176.048,184.846,441.139,4
2025,"7",6,9.137,"Mmbra",1,"kolo",4,25.985,5,"Myotis",0.351625938041178,0.8,176.048,184.846,441.139,4
2025,"7",6,9.137,"Mmbra",1,"kolo",4,25.985,5,"Myotis",0.351625938041178,0.8,176.048,184.846,441.139,4
2025,"7",6,9.137,"Mmbra",1,"kolo",4,25.985,5,"Myotis",0.351625938041178,0.8,176.048,184.846,441.139,4
2025,"7",6,9.137,"Mmbra",1,"kolo",4,25.985,5,"Myotis",0.351625938041178,0.8,176.048,184.846,441.139,4
2025,"7",7,9.556,"Mmbra",1,"kolo",4,25.985,5,"Myotis",0.367750625360785,0.8,176.048,184.846,441.139,4
2025,"7",7,9.556,"Mmbra",1,"kolo",4,25.985,5,"Myotis",0.367750625360785,0.8,176.048,184.846,441.139,4
2025,"7",7,9.556,"Mmbra",1,"kolo",4,25.985,5,"Myotis",0.367750625360785,0.8,176.048,184.846,441.139,4
2025,"7",7,9.556,"Mmbra",1,"kolo",4,25.985,5,"Myotis",0.367750625360785,0.8,176.048,184.846,441.139,4
2025,"7",7,9.556,"Mmbra",1,"kolo",4,25.985,5,"Myotis",0.367750625360785,0.8,176.048,184.846,441.139,4
2025,"7",7,9.556,"Mmbra",1,"kolo",4,25.985,5,"Myotis",0.367750625360785,0.8,176.048,184.846,441.139,4
2025,"7",7,9.556,"Mmbra",1,"kolo",4,25.985,5,"Myotis",0.367750625360785,0.8,176.048,184.846,441.139,4
2025,"7",7,9.556,"Mmbra",1,"kolo",4,25.985,5,"Myotis",0.367750625360785,0.8,176.048,184.846,441.139,4
2025,"7",7,9.556,"Mmbra",1,"kolo",4,25.985,5,"Myotis",0.367750625360785,0.8,176.048,184.846,441.139,4
2025,"7",7,9.556,"Mmbra",1,"kolo",4,25.985,5,"Myotis",0.367750625360785,0.8,176.048,184.846,441.139,4
2025,"7",7,9.556,"Mmbra",1,"kolo",4,25.985,5,"Myotis",0.367750625360785,0.8,176.048,184.846,441.139,4
2025,"7",7,9.556,"Mmbra",1,"kolo",4,25.985,5,"Myotis",0.367750625360785,0.8,176.048,184.846,441.139,4
2025,"7",8,8.712,"Mmbra",1,"kolo",4,25.985,5,"Myotis",0.335270348277853,0.8,176.048,184.846,441.139,4
2025,"7",8,8.712,"Mmbra",1,"kolo",4,25.985,5,"Myotis",0.335270348277853,0.8,176.048,184.846,441.139,4
2025,"7",8,8.712,"Mmbra",1,"kolo",4,25.985,5,"Myotis",0.335270348277853,0.8,176.048,184.846,441.139,4
2025,"7",8,8.712,"Mmbra",1,"kolo",4,25.985,5,"Myotis",0.335270348277853,0.8,176.048,184.846,441.139,4
2025,"7",8,8.712,"Mmbra",1,"kolo",4,25.985,5,"Myotis",0.335270348277853,0.8,176.048,184.846,441.139,4
2025,"7",8,8.712,"Mmbra",1,"kolo",4,25.985,5,"Myotis",0.335270348277853,0.8,176.048,184.846,441.139,4
2025,"7",8,8.712,"Mmbra",1,"kolo",4,25.985,5,"Myotis",0.335270348277853,0.8,176.048,184.846,441.139,4
2025,"7",8,8.712,"Mmbra",1,"kolo",4,25.985,5,"Myotis",0.335270348277853,0.8,176.048,184.846,441.139,4
2025,"7",8,8.712,"Mmbra",1,"kolo",4,25.985,5,"Myotis",0.335270348277853,0.8,176.048,184.846,441.139,4
2025,"7",9,8.477,"Mmbra",1,"kolo",5,25.985,5,"Myotis",0.326226669232249,1,176.048,184.846,441.139,4
2025,"7",9,8.477,"Mmbra",1,"kolo",5,25.985,5,"Myotis",0.326226669232249,1,176.048,184.846,441.139,4
2025,"7",9,8.477,"Mmbra",1,"kolo",5,25.985,5,"Myotis",0.326226669232249,1,176.048,184.846,441.139,4
2025,"7",9,8.477,"Mmbra",1,"kolo",5,25.985,5,"Myotis",0.326226669232249,1,176.048,184.846,441.139,4
2025,"7",9,8.477,"Mmbra",1,"kolo",5,25.985,5,"Myotis",0.326226669232249,1,176.048,184.846,441.139,4
2025,"7",9,8.477,"Mmbra",1,"kolo",5,25.985,5,"Myotis",0.326226669232249,1,176.048,184.846,441.139,4
2025,"7",9,8.477,"Mmbra",1,"kolo",5,25.985,5,"Myotis",0.326226669232249,1,176.048,184.846,441.139,4
2025,"7",9,8.477,"Mmbra",1,"kolo",5,25.985,5,"Myotis",0.326226669232249,1,176.048,184.846,441.139,4
2025,"7",9,8.477,"Mmbra",1,"kolo",5,25.985,5,"Myotis",0.326226669232249,1,176.048,184.846,441.139,4
2025,"7",10,12.767,"Mmbra",1,"kolo",1.5,25.985,2.3,"Myotis",0.491321916490283,0.652173913043478,176.048,184.846,441.139,4
2025,"7",10,12.767,"Mmbra",1,"kolo",1.5,25.985,2.3,"Myotis",0.491321916490283,0.652173913043478,176.048,184.846,441.139,4
2025,"7",10,12.767,"Mmbra",1,"kolo",1.5,25.985,2.3,"Myotis",0.491321916490283,0.652173913043478,176.048,184.846,441.139,4
2025,"7",10,12.767,"Mmbra",1,"kolo",1.5,25.985,2.3,"Myotis",0.491321916490283,0.652173913043478,176.048,184.846,441.139,4
2025,"7",10,12.767,"Mmbra",1,"kolo",1.5,25.985,2.3,"Myotis",0.491321916490283,0.652173913043478,176.048,184.846,441.139,4
2025,"7",10,12.767,"Mmbra",1,"kolo",1.5,25.985,2.3,"Myotis",0.491321916490283,0.652173913043478,176.048,184.846,441.139,4
2025,"7",11,14.56,"Mmbra",1,"kolo",1.5,25.985,2.3,"Myotis",0.560323263421205,0.652173913043478,176.048,184.846,441.139,4
2025,"7",11,14.56,"Mmbra",1,"kolo",1.5,25.985,2.3,"Myotis",0.560323263421205,0.652173913043478,176.048,184.846,441.139,4
2025,"7",11,14.56,"Mmbra",1,"kolo",1.5,25.985,2.3,"Myotis",0.560323263421205,0.652173913043478,176.048,184.846,441.139,4
2025,"7",11,14.56,"Mmbra",1,"kolo",1.5,25.985,2.3,"Myotis",0.560323263421205,0.652173913043478,176.048,184.846,441.139,4
2025,"7",11,14.56,"Mmbra",1,"kolo",1.5,25.985,2.3,"Myotis",0.560323263421205,0.652173913043478,176.048,184.846,441.139,4
2025,"7",11,14.56,"Mmbra",1,"kolo",1.5,25.985,2.3,"Myotis",0.560323263421205,0.652173913043478,176.048,184.846,441.139,4
2025,"7",11,14.56,"Mmbra",1,"kolo",1.5,25.985,2.3,"Myotis",0.560323263421205,0.652173913043478,176.048,184.846,441.139,4
2025,"7",11,14.56,"Mmbra",1,"kolo",1.5,25.985,2.3,"Myotis",0.560323263421205,0.652173913043478,176.048,184.846,441.139,4
2025,"7",11,14.56,"Mmbra",1,"kolo",1.5,25.985,2.3,"Myotis",0.560323263421205,0.652173913043478,176.048,184.846,441.139,4
2025,"7",12,17.968,"Mmbra",1,"kolo",1.5,25.985,2.3,"Myotis",0.691475851452761,0.652173913043478,176.048,184.846,441.139,4
2025,"7",12,17.968,"Mmbra",1,"kolo",1.5,25.985,2.3,"Myotis",0.691475851452761,0.652173913043478,176.048,184.846,441.139,4
2025,"7",12,17.968,"Mmbra",1,"kolo",1.5,25.985,2.3,"Myotis",0.691475851452761,0.652173913043478,176.048,184.846,441.139,4
2025,"7",12,17.968,"Mmbra",1,"kolo",1.5,25.985,2.3,"Myotis",0.691475851452761,0.652173913043478,176.048,184.846,441.139,4
2025,"7",12,17.968,"Mmbra",1,"kolo",1.5,25.985,2.3,"Myotis",0.691475851452761,0.652173913043478,176.048,184.846,441.139,4
2025,"7",12,17.968,"Mmbra",1,"kolo",1.5,25.985,2.3,"Myotis",0.691475851452761,0.652173913043478,176.048,184.846,441.139,4
2025,"7",12,17.968,"Mmbra",1,"kolo",1.5,25.985,2.3,"Myotis",0.691475851452761,0.652173913043478,176.048,184.846,441.139,4
2025,"7",12,17.968,"Mmbra",1,"kolo",1.5,25.985,2.3,"Myotis",0.691475851452761,0.652173913043478,176.048,184.846,441.139,4
2025,"7",12,17.968,"Mmbra",1,"kolo",1.5,25.985,2.3,"Myotis",0.691475851452761,0.652173913043478,176.048,184.846,441.139,4
2025,"7",13,18.567,"Mmbra",1,"kolo",1.9,25.985,2.3,"Myotis",0.714527612083895,0.826086956521739,176.048,184.846,441.139,4
2025,"7",13,18.567,"Mmbra",1,"kolo",1.9,25.985,2.3,"Myotis",0.714527612083895,0.826086956521739,176.048,184.846,441.139,4
2025,"7",13,18.567,"Mmbra",1,"kolo",1.9,25.985,2.3,"Myotis",0.714527612083895,0.826086956521739,176.048,184.846,441.139,4
2025,"7",14,16.466,"Mmbra",1,"kolo",2,25.985,2.3,"Myotis",0.63367327304214,0.869565217391304,176.048,184.846,441.139,4
2025,"7",14,16.466,"Mmbra",1,"kolo",2,25.985,2.3,"Myotis",0.63367327304214,0.869565217391304,176.048,184.846,441.139,4
2025,"7",14,16.466,"Mmbra",1,"kolo",2,25.985,2.3,"Myotis",0.63367327304214,0.869565217391304,176.048,184.846,441.139,4
2025,"7",14,16.466,"Mmbra",1,"kolo",2,25.985,2.3,"Myotis",0.63367327304214,0.869565217391304,176.048,184.846,441.139,4
2025,"7",14,16.466,"Mmbra",1,"kolo",2,25.985,2.3,"Myotis",0.63367327304214,0.869565217391304,176.048,184.846,441.139,4
2025,"7",14,16.466,"Mmbra",1,"kolo",2,25.985,2.3,"Myotis",0.63367327304214,0.869565217391304,176.048,184.846,441.139,4
2025,"7",15,16.005,"Mmbra",1,"kolo",1.9,25.985,2.3,"Myotis",0.61593226861651,0.826086956521739,176.048,184.846,441.139,4
2025,"7",15,16.005,"Mmbra",1,"kolo",1.9,25.985,2.3,"Myotis",0.61593226861651,0.826086956521739,176.048,184.846,441.139,4
2025,"7",15,16.005,"Mmbra",1,"kolo",1.9,25.985,2.3,"Myotis",0.61593226861651,0.826086956521739,176.048,184.846,441.139,4
2025,"7",15,16.005,"Mmbra",1,"kolo",1.9,25.985,2.3,"Myotis",0.61593226861651,0.826086956521739,176.048,184.846,441.139,4
2025,"7",15,16.005,"Mmbra",1,"kolo",1.9,25.985,2.3,"Myotis",0.61593226861651,0.826086956521739,176.048,184.846,441.139,4
2025,"7",15,16.005,"Mmbra",1,"kolo",1.9,25.985,2.3,"Myotis",0.61593226861651,0.826086956521739,176.048,184.846,441.139,4
2025,"7",15,16.005,"Mmbra",1,"kolo",1.9,25.985,2.3,"Myotis",0.61593226861651,0.826086956521739,176.048,184.846,441.139,4
2025,"7",15,16.005,"Mmbra",1,"kolo",1.9,25.985,2.3,"Myotis",0.61593226861651,0.826086956521739,176.048,184.846,441.139,4
2025,"7",15,16.005,"Mmbra",1,"kolo",1.9,25.985,2.3,"Myotis",0.61593226861651,0.826086956521739,176.048,184.846,441.139,4
2025,"7",15,16.005,"Mmbra",1,"kolo",1.9,25.985,2.3,"Myotis",0.61593226861651,0.826086956521739,176.048,184.846,441.139,4
2025,"7",15,16.005,"Mmbra",1,"kolo",1.9,25.985,2.3,"Myotis",0.61593226861651,0.826086956521739,176.048,184.846,441.139,4
2025,"7",15,16.005,"Mmbra",1,"kolo",1.9,25.985,2.3,"Myotis",0.61593226861651,0.826086956521739,176.048,184.846,441.139,4
2025,"7",15,16.005,"Mmbra",1,"kolo",1.9,25.985,2.3,"Myotis",0.61593226861651,0.826086956521739,176.048,184.846,441.139,4
2025,"7",15,16.005,"Mmbra",1,"kolo",1.9,25.985,2.3,"Myotis",0.61593226861651,0.826086956521739,176.048,184.846,441.139,4
2025,"7",15,16.005,"Mmbra",1,"kolo",1.9,25.985,2.3,"Myotis",0.61593226861651,0.826086956521739,176.048,184.846,441.139,4
2025,"7",15,16.005,"Mmbra",1,"kolo",1.9,25.985,2.3,"Myotis",0.61593226861651,0.826086956521739,176.048,184.846,441.139,4
2025,"7",15,16.005,"Mmbra",1,"kolo",1.9,25.985,2.3,"Myotis",0.61593226861651,0.826086956521739,176.048,184.846,441.139,4
2025,"7",15,16.005,"Mmbra",1,"kolo",1.9,25.985,2.3,"Myotis",0.61593226861651,0.826086956521739,176.048,184.846,441.139,4
2025,"7",16,15.477,"Mmbra",1,"kolo",1.9,25.985,2.3,"Myotis",0.595612853569367,0.826086956521739,176.048,184.846,441.139,4
2025,"7",16,15.477,"Mmbra",1,"kolo",1.9,25.985,2.3,"Myotis",0.595612853569367,0.826086956521739,176.048,184.846,441.139,4
2025,"7",16,15.477,"Mmbra",1,"kolo",1.9,25.985,2.3,"Myotis",0.595612853569367,0.826086956521739,176.048,184.846,441.139,4
2025,"7",16,15.477,"Mmbra",1,"kolo",1.9,25.985,2.3,"Myotis",0.595612853569367,0.826086956521739,176.048,184.846,441.139,4
2025,"7",16,15.477,"Mmbra",1,"kolo",1.9,25.985,2.3,"Myotis",0.595612853569367,0.826086956521739,176.048,184.846,441.139,4
2025,"7",16,15.477,"Mmbra",1,"kolo",1.9,25.985,2.3,"Myotis",0.595612853569367,0.826086956521739,176.048,184.846,441.139,4
2025,"7",16,15.477,"Mmbra",1,"kolo",1.9,25.985,2.3,"Myotis",0.595612853569367,0.826086956521739,176.048,184.846,441.139,4
2025,"7",16,15.477,"Mmbra",1,"kolo",1.9,25.985,2.3,"Myotis",0.595612853569367,0.826086956521739,176.048,184.846,441.139,4
2025,"7",16,15.477,"Mmbra",1,"kolo",1.9,25.985,2.3,"Myotis",0.595612853569367,0.826086956521739,176.048,184.846,441.139,4
2025,"7",16,15.477,"Mmbra",1,"kolo",1.9,25.985,2.3,"Myotis",0.595612853569367,0.826086956521739,176.048,184.846,441.139,4
2025,"7",16,15.477,"Mmbra",1,"kolo",1.9,25.985,2.3,"Myotis",0.595612853569367,0.826086956521739,176.048,184.846,441.139,4
2025,"7",16,15.477,"Mmbra",1,"kolo",1.9,25.985,2.3,"Myotis",0.595612853569367,0.826086956521739,176.048,184.846,441.139,4
2025,"7",17,16.584,"Mmbra",1,"kolo",1.9,25.985,2.3,"Myotis",0.638214354435251,0.826086956521739,176.048,184.846,441.139,4
2025,"7",17,16.584,"Mmbra",1,"kolo",1.9,25.985,2.3,"Myotis",0.638214354435251,0.826086956521739,176.048,184.846,441.139,4
2025,"7",17,16.584,"Mmbra",1,"kolo",1.9,25.985,2.3,"Myotis",0.638214354435251,0.826086956521739,176.048,184.846,441.139,4
2025,"7",18,16.584,"Mdau",1,"kolo",1.9,25.985,2.3,"Myotis",0.638214354435251,0.826086956521739,176.048,184.846,441.139,4
2025,"7",18,16.584,"Mdau",1,"kolo",1.9,25.985,2.3,"Myotis",0.638214354435251,0.826086956521739,176.048,184.846,441.139,4
2025,"7",18,16.584,"Mdau",1,"kolo",1.9,25.985,2.3,"Myotis",0.638214354435251,0.826086956521739,176.048,184.846,441.139,4
2025,"7",19,18.17,"Mmbra",1,"kolo",2,25.985,2.3,"Myotis",0.699249567057918,0.869565217391304,176.048,184.846,441.139,4
2025,"7",19,18.17,"Mmbra",1,"kolo",2,25.985,2.3,"Myotis",0.699249567057918,0.869565217391304,176.048,184.846,441.139,4
2025,"7",19,18.17,"Mmbra",1,"kolo",2,25.985,2.3,"Myotis",0.699249567057918,0.869565217391304,176.048,184.846,441.139,4
2025,"7",20,18.187,"Paur",1,"kolo",1,25.985,2,"Paur",0.699903790648451,0.5,176.048,184.846,441.139,4
2025,"7",20,18.187,"Paur",1,"kolo",1,25.985,2,"Paur",0.699903790648451,0.5,176.048,184.846,441.139,4
2025,"7",20,18.187,"Paur",1,"kolo",1,25.985,2,"Paur",0.699903790648451,0.5,176.048,184.846,441.139,4
2025,"7",21,18.187,"Paur",1,"kolo",0.5,25.985,2,"Paur",0.699903790648451,0.25,176.048,184.846,441.139,4
2025,"7",21,18.187,"Paur",1,"kolo",0.5,25.985,2,"Paur",0.699903790648451,0.25,176.048,184.846,441.139,4
2025,"7",21,18.187,"Paur",1,"kolo",0.5,25.985,2,"Paur",0.699903790648451,0.25,176.048,184.846,441.139,4
2025,"7",22,19.975,"Mmbra",1,"kolo",1.5,25.985,3.2,"Myotis",0.768712718876275,0.46875,176.048,184.846,441.139,4
2025,"7",22,19.975,"Mmbra",1,"kolo",1.5,25.985,3.2,"Myotis",0.768712718876275,0.46875,176.048,184.846,441.139,4
2025,"7",22,19.975,"Mmbra",1,"kolo",1.5,25.985,3.2,"Myotis",0.768712718876275,0.46875,176.048,184.846,441.139,4
2025,"7",22,19.975,"Mmbra",1,"kolo",1.5,25.985,3.2,"Myotis",0.768712718876275,0.46875,176.048,184.846,441.139,4
2025,"7",22,19.975,"Mmbra",1,"kolo",1.5,25.985,3.2,"Myotis",0.768712718876275,0.46875,176.048,184.846,441.139,4
2025,"7",22,19.975,"Mmbra",1,"kolo",1.5,25.985,3.2,"Myotis",0.768712718876275,0.46875,176.048,184.846,441.139,4
2025,"7",23,18.849,"Mdau",1,"pinta",1.5,25.985,3.2,"Myotis",0.725380026938618,0.46875,176.048,184.846,441.139,4
2025,"7",23,18.849,"Mdau",1,"pinta",1.5,25.985,3.2,"Myotis",0.725380026938618,0.46875,176.048,184.846,441.139,4
2025,"7",23,18.849,"Mdau",1,"pinta",1.5,25.985,3.2,"Myotis",0.725380026938618,0.46875,176.048,184.846,441.139,4
2025,"7",24,22.067,"Mmbra",1,"pinta",3,25.985,3.2,"Myotis",0.849220704252453,0.9375,176.048,184.846,441.139,4
2025,"7",24,22.067,"Mmbra",1,"pinta",3,25.985,3.2,"Myotis",0.849220704252453,0.9375,176.048,184.846,441.139,4
2025,"7",24,22.067,"Mmbra",1,"pinta",3,25.985,3.2,"Myotis",0.849220704252453,0.9375,176.048,184.846,441.139,4
2025,"7",25,23.359,"Mmbra",1,"pinta",2.7,25.985,3.2,"Myotis",0.898941697132961,0.84375,176.048,184.846,441.139,4
2025,"7",25,23.359,"Mmbra",1,"pinta",2.7,25.985,3.2,"Myotis",0.898941697132961,0.84375,176.048,184.846,441.139,4
2025,"7",25,23.359,"Mmbra",1,"pinta",2.7,25.985,3.2,"Myotis",0.898941697132961,0.84375,176.048,184.846,441.139,4
2025,"7",25,23.359,"Mmbra",1,"pinta",2.7,25.985,3.2,"Myotis",0.898941697132961,0.84375,176.048,184.846,441.139,4
2025,"7",25,23.359,"Mmbra",1,"pinta",2.7,25.985,3.2,"Myotis",0.898941697132961,0.84375,176.048,184.846,441.139,4
2025,"7",25,23.359,"Mmbra",1,"pinta",2.7,25.985,3.2,"Myotis",0.898941697132961,0.84375,176.048,184.846,441.139,4
2025,"7",25,23.359,"Mmbra",1,"pinta",2.7,25.985,3.2,"Myotis",0.898941697132961,0.84375,176.048,184.846,441.139,4
2025,"7",25,23.359,"Mmbra",1,"pinta",2.7,25.985,3.2,"Myotis",0.898941697132961,0.84375,176.048,184.846,441.139,4
2025,"7",25,23.359,"Mmbra",1,"pinta",2.7,25.985,3.2,"Myotis",0.898941697132961,0.84375,176.048,184.846,441.139,4
2025,"7",25,23.359,"Mmbra",1,"pinta",2.7,25.985,3.2,"Myotis",0.898941697132961,0.84375,176.048,184.846,441.139,4
2025,"7",25,23.359,"Mmbra",1,"pinta",2.7,25.985,3.2,"Myotis",0.898941697132961,0.84375,176.048,184.846,441.139,4
2025,"7",25,23.359,"Mmbra",1,"pinta",2.7,25.985,3.2,"Myotis",0.898941697132961,0.84375,176.048,184.846,441.139,4
2025,"7",26,23.844,"Mmbra",1,"pinta",2.8,25.985,3.2,"Myotis",0.917606311333462,0.875,176.048,184.846,441.139,4
2025,"7",26,23.844,"Mmbra",1,"pinta",2.8,25.985,3.2,"Myotis",0.917606311333462,0.875,176.048,184.846,441.139,4
2025,"7",26,23.844,"Mmbra",1,"pinta",2.8,25.985,3.2,"Myotis",0.917606311333462,0.875,176.048,184.846,441.139,4
2025,"7",26,23.844,"Mmbra",1,"pinta",2.8,25.985,3.2,"Myotis",0.917606311333462,0.875,176.048,184.846,441.139,4
2025,"7",26,23.844,"Mmbra",1,"pinta",2.8,25.985,3.2,"Myotis",0.917606311333462,0.875,176.048,184.846,441.139,4
2025,"7",26,23.844,"Mmbra",1,"pinta",2.8,25.985,3.2,"Myotis",0.917606311333462,0.875,176.048,184.846,441.139,4
2025,"7",27,24.568,"Mmbra",1,"pinta",3,25.985,3.2,"Myotis",0.945468539542044,0.9375,176.048,184.846,441.139,4
2025,"7",27,24.568,"Mmbra",1,"pinta",3,25.985,3.2,"Myotis",0.945468539542044,0.9375,176.048,184.846,441.139,4
2025,"7",27,24.568,"Mmbra",1,"pinta",3,25.985,3.2,"Myotis",0.945468539542044,0.9375,176.048,184.846,441.139,4
2025,"7",27,24.568,"Mmbra",1,"pinta",3,25.985,3.2,"Myotis",0.945468539542044,0.9375,176.048,184.846,441.139,4
2025,"7",27,24.568,"Mmbra",1,"pinta",3,25.985,3.2,"Myotis",0.945468539542044,0.9375,176.048,184.846,441.139,4
2025,"7",27,24.568,"Mmbra",1,"pinta",3,25.985,3.2,"Myotis",0.945468539542044,0.9375,176.048,184.846,441.139,4
2025,"7",27,24.568,"Mmbra",1,"pinta",3,25.985,3.2,"Myotis",0.945468539542044,0.9375,176.048,184.846,441.139,4
2025,"7",27,24.568,"Mmbra",1,"pinta",3,25.985,3.2,"Myotis",0.945468539542044,0.9375,176.048,184.846,441.139,4
2025,"7",27,24.568,"Mmbra",1,"pinta",3,25.985,3.2,"Myotis",0.945468539542044,0.9375,176.048,184.846,441.139,4
2025,"7",27,24.568,"Mmbra",1,"pinta",3,25.985,3.2,"Myotis",0.945468539542044,0.9375,176.048,184.846,441.139,4
2025,"7",27,24.568,"Mmbra",1,"pinta",3,25.985,3.2,"Myotis",0.945468539542044,0.9375,176.048,184.846,441.139,4
2025,"7",27,24.568,"Mmbra",1,"pinta",3,25.985,3.2,"Myotis",0.945468539542044,0.9375,176.048,184.846,441.139,4
2025,"7",28,22.641,"Mmbra",1,"kolo",1.3,25.985,3.2,"Myotis",0.871310371368097,0.40625,176.048,184.846,441.139,4
2025,"7",28,22.641,"Mmbra",1,"kolo",1.3,25.985,3.2,"Myotis",0.871310371368097,0.40625,176.048,184.846,441.139,4
2025,"7",28,22.641,"Mmbra",1,"kolo",1.3,25.985,3.2,"Myotis",0.871310371368097,0.40625,176.048,184.846,441.139,4
2025,"7",29,22.183,"Mmbra",1,"pinta",2.4,25.985,3.2,"Myotis",0.853684818164326,0.75,176.048,184.846,441.139,4
2025,"7",29,22.183,"Mmbra",1,"pinta",2.4,25.985,3.2,"Myotis",0.853684818164326,0.75,176.048,184.846,441.139,4
2025,"7",29,22.183,"Mmbra",1,"pinta",2.4,25.985,3.2,"Myotis",0.853684818164326,0.75,176.048,184.846,441.139,4
2025,"7",30,24.598,"Mmbra",1,"pinta",3,25.985,3.2,"Myotis",0.946623051760631,0.9375,176.048,184.846,441.139,4
2025,"7",30,24.598,"Mmbra",1,"pinta",3,25.985,3.2,"Myotis",0.946623051760631,0.9375,176.048,184.846,441.139,4
2025,"7",30,24.598,"Mmbra",1,"pinta",3,25.985,3.2,"Myotis",0.946623051760631,0.9375,176.048,184.846,441.139,4
2025,"7",30,24.598,"Mmbra",1,"pinta",3,25.985,3.2,"Myotis",0.946623051760631,0.9375,176.048,184.846,441.139,4
2025,"7",30,24.598,"Mmbra",1,"pinta",3,25.985,3.2,"Myotis",0.946623051760631,0.9375,176.048,184.846,441.139,4
2025,"7",30,24.598,"Mmbra",1,"pinta",3,25.985,3.2,"Myotis",0.946623051760631,0.9375,176.048,184.846,441.139,4
2025,"7",30,24.598,"Mmbra",1,"pinta",3,25.985,3.2,"Myotis",0.946623051760631,0.9375,176.048,184.846,441.139,4
2025,"7",30,24.598,"Mmbra",1,"pinta",3,25.985,3.2,"Myotis",0.946623051760631,0.9375,176.048,184.846,441.139,4
2025,"7",30,24.598,"Mmbra",1,"pinta",3,25.985,3.2,"Myotis",0.946623051760631,0.9375,176.048,184.846,441.139,4
2025,"7",31,25.476,"Mmbra",1,"pinta",3,25.985,3.2,"Myotis",0.98041177602463,0.9375,176.048,184.846,441.139,4
2025,"7",31,25.476,"Mmbra",1,"pinta",3,25.985,3.2,"Myotis",0.98041177602463,0.9375,176.048,184.846,441.139,4
2025,"7",31,25.476,"Mmbra",1,"pinta",3,25.985,3.2,"Myotis",0.98041177602463,0.9375,176.048,184.846,441.139,4
2025,"7",32,6.188,"Mmbra",1,"kolo",2.1,25.985,2.3,"Myotis",0.238137386954012,0.91304347826087,176.048,184.846,441.139,4
2025,"7",32,6.188,"Mmbra",1,"kolo",2.1,25.985,2.3,"Myotis",0.238137386954012,0.91304347826087,176.048,184.846,441.139,4
2025,"7",32,6.188,"Mmbra",1,"kolo",2.1,25.985,2.3,"Myotis",0.238137386954012,0.91304347826087,176.048,184.846,441.139,4
2025,"7",32,6.188,"Mmbra",1,"kolo",2.1,25.985,2.3,"Myotis",0.238137386954012,0.91304347826087,176.048,184.846,441.139,4
2025,"7",32,6.188,"Mmbra",1,"kolo",2.1,25.985,2.3,"Myotis",0.238137386954012,0.91304347826087,176.048,184.846,441.139,4
2025,"7",32,6.188,"Mmbra",1,"kolo",2.1,25.985,2.3,"Myotis",0.238137386954012,0.91304347826087,176.048,184.846,441.139,4
2025,"7",32,6.188,"Mmbra",1,"kolo",2.1,25.985,2.3,"Myotis",0.238137386954012,0.91304347826087,176.048,184.846,441.139,4
2025,"7",32,6.188,"Mmbra",1,"kolo",2.1,25.985,2.3,"Myotis",0.238137386954012,0.91304347826087,176.048,184.846,441.139,4
2025,"7",32,6.188,"Mmbra",1,"kolo",2.1,25.985,2.3,"Myotis",0.238137386954012,0.91304347826087,176.048,184.846,441.139,4
2025,"7",32,6.188,"Mmbra",1,"kolo",2.1,25.985,2.3,"Myotis",0.238137386954012,0.91304347826087,176.048,184.846,441.139,4
2025,"7",32,6.188,"Mmbra",1,"kolo",2.1,25.985,2.3,"Myotis",0.238137386954012,0.91304347826087,176.048,184.846,441.139,4
2025,"7",32,6.188,"Mmbra",1,"kolo",2.1,25.985,2.3,"Myotis",0.238137386954012,0.91304347826087,176.048,184.846,441.139,4
2025,"7",32,6.188,"Mmbra",1,"kolo",2.1,25.985,2.3,"Myotis",0.238137386954012,0.91304347826087,176.048,184.846,441.139,4
2025,"7",32,6.188,"Mmbra",1,"kolo",2.1,25.985,2.3,"Myotis",0.238137386954012,0.91304347826087,176.048,184.846,441.139,4
2025,"7",32,6.188,"Mmbra",1,"kolo",2.1,25.985,2.3,"Myotis",0.238137386954012,0.91304347826087,176.048,184.846,441.139,4
2025,"7",33,7.417,"Mmbra",1,"kolo",1.3,25.985,2.3,"Myotis",0.285433904175486,0.565217391304348,176.048,184.846,441.139,4
2025,"7",33,7.417,"Mmbra",1,"kolo",1.3,25.985,2.3,"Myotis",0.285433904175486,0.565217391304348,176.048,184.846,441.139,4
2025,"7",33,7.417,"Mmbra",1,"kolo",1.3,25.985,2.3,"Myotis",0.285433904175486,0.565217391304348,176.048,184.846,441.139,4
2025,"7",33,7.417,"Mmbra",1,"kolo",1.3,25.985,2.3,"Myotis",0.285433904175486,0.565217391304348,176.048,184.846,441.139,4
2025,"7",33,7.417,"Mmbra",1,"kolo",1.3,25.985,2.3,"Myotis",0.285433904175486,0.565217391304348,176.048,184.846,441.139,4
2025,"7",33,7.417,"Mmbra",1,"kolo",1.3,25.985,2.3,"Myotis",0.285433904175486,0.565217391304348,176.048,184.846,441.139,4
2025,"7",34,7.354,"Mmbra",1,"kolo",2,25.985,2.3,"Myotis",0.283009428516452,0.869565217391304,176.048,184.846,441.139,4
2025,"7",34,7.354,"Mmbra",1,"kolo",2,25.985,2.3,"Myotis",0.283009428516452,0.869565217391304,176.048,184.846,441.139,4
2025,"7",34,7.354,"Mmbra",1,"kolo",2,25.985,2.3,"Myotis",0.283009428516452,0.869565217391304,176.048,184.846,441.139,4
2025,"7",35,7.115,"Mmbra",1,"kolo",2.4,25.985,2.4,"Myotis",0.27381181450837,1,176.048,184.846,441.139,4
2025,"7",35,7.115,"Mmbra",1,"kolo",2.4,25.985,2.4,"Myotis",0.27381181450837,1,176.048,184.846,441.139,4
2025,"7",35,7.115,"Mmbra",1,"kolo",2.4,25.985,2.4,"Myotis",0.27381181450837,1,176.048,184.846,441.139,4
2025,"7",35,7.115,"Mmbra",1,"kolo",2.4,25.985,2.4,"Myotis",0.27381181450837,1,176.048,184.846,441.139,4
2025,"7",35,7.115,"Mmbra",1,"kolo",2.4,25.985,2.4,"Myotis",0.27381181450837,1,176.048,184.846,441.139,4
2025,"7",35,7.115,"Mmbra",1,"kolo",2.4,25.985,2.4,"Myotis",0.27381181450837,1,176.048,184.846,441.139,4
2025,"7",35,7.115,"Mmbra",1,"kolo",2.4,25.985,2.4,"Myotis",0.27381181450837,1,176.048,184.846,441.139,4
2025,"7",35,7.115,"Mmbra",1,"kolo",2.4,25.985,2.4,"Myotis",0.27381181450837,1,176.048,184.846,441.139,4
2025,"7",35,7.115,"Mmbra",1,"kolo",2.4,25.985,2.4,"Myotis",0.27381181450837,1,176.048,184.846,441.139,4
2025,"7",35,7.115,"Mmbra",1,"kolo",2.4,25.985,2.4,"Myotis",0.27381181450837,1,176.048,184.846,441.139,4
2025,"7",35,7.115,"Mmbra",1,"kolo",2.4,25.985,2.4,"Myotis",0.27381181450837,1,176.048,184.846,441.139,4
2025,"7",35,7.115,"Mmbra",1,"kolo",2.4,25.985,2.4,"Myotis",0.27381181450837,1,176.048,184.846,441.139,4
2025,"7",36,9.94,"Enil",1,"pinta",1.7,25.985,2.3,"Enil",0.382528381758707,0.739130434782609,176.048,184.846,441.139,4
2025,"7",36,9.94,"Enil",1,"pinta",1.7,25.985,2.3,"Enil",0.382528381758707,0.739130434782609,176.048,184.846,441.139,4
2025,"7",36,9.94,"Enil",1,"pinta",1.7,25.985,2.3,"Enil",0.382528381758707,0.739130434782609,176.048,184.846,441.139,4
2025,"7",37,9.23,"Enil",1,"kolo",2,25.985,2.3,"Enil",0.355204925918799,0.869565217391304,176.048,184.846,441.139,4
2025,"7",37,9.23,"Enil",1,"kolo",2,25.985,2.3,"Enil",0.355204925918799,0.869565217391304,176.048,184.846,441.139,4
2025,"7",37,9.23,"Enil",1,"kolo",2,25.985,2.3,"Enil",0.355204925918799,0.869565217391304,176.048,184.846,441.139,4
2025,"7",38,6.022,"Enil",1,"kolo",1.9,25.985,2.3,"Enil",0.23174908601116,0.826086956521739,176.048,184.846,441.139,4
2025,"7",38,6.022,"Enil",1,"kolo",1.9,25.985,2.3,"Enil",0.23174908601116,0.826086956521739,176.048,184.846,441.139,4
2025,"7",38,6.022,"Enil",1,"kolo",1.9,25.985,2.3,"Enil",0.23174908601116,0.826086956521739,176.048,184.846,441.139,4
2025,"70",1,0.624,"Enil",1,"pinta",2.1,11.786,2.1,"Enil",0.0529441710503988,1,47.005,56.461,94.01,2
2025,"70",1,0.624,"Enil",1,"pinta",2.1,11.786,2.1,"Enil",0.0529441710503988,1,47.005,56.461,94.01,2
2025,"70",1,0.624,"Enil",1,"pinta",2.1,11.786,2.1,"Enil",0.0529441710503988,1,47.005,56.461,94.01,2
2025,"70",2,10.623,"Enil",1,"kolo",2.1,11.786,2.1,"Enil",0.90132360427626,1,47.005,56.461,94.01,2
2025,"70",2,10.623,"Enil",1,"kolo",2.1,11.786,2.1,"Enil",0.90132360427626,1,47.005,56.461,94.01,2
2025,"70",2,10.623,"Enil",1,"kolo",2.1,11.786,2.1,"Enil",0.90132360427626,1,47.005,56.461,94.01,2
2025,"70",3,9.912,"Enil",1,"kolo",2.1,11.786,2.1,"Enil",0.840997793992873,1,47.005,56.461,94.01,2
2025,"70",3,9.912,"Enil",1,"kolo",2.1,11.786,2.1,"Enil",0.840997793992873,1,47.005,56.461,94.01,2
2025,"70",3,9.912,"Enil",1,"kolo",2.1,11.786,2.1,"Enil",0.840997793992873,1,47.005,56.461,94.01,2
2025,"152",1,11.1,"Enil",1,"pinta",2,12.904,2,"Enil",0.860198388096714,1,43.884,51.194,87.768,1
2025,"152",1,11.1,"Enil",1,"pinta",2,12.904,2,"Enil",0.860198388096714,1,43.884,51.194,87.768,1
2025,"152",1,11.1,"Enil",1,"pinta",2,12.904,2,"Enil",0.860198388096714,1,43.884,51.194,87.768,1
2025,"72",1,6.51,"Enil",1,"pinta",2,10.996,2,"Enil",0.592033466715169,1,42.27,52.591,81.5811,1
2025,"72",1,6.51,"Enil",1,"pinta",2,10.996,2,"Enil",0.592033466715169,1,42.27,52.591,81.5811,1
2025,"72",1,6.51,"Enil",1,"pinta",2,10.996,2,"Enil",0.592033466715169,1,42.27,52.591,81.5811,1
2025,"72",2,4.314,"Enil",1,"kolo",2,10.996,2,"Enil",0.392324481629684,1,42.27,52.591,81.5811,1
2025,"72",2,4.314,"Enil",1,"kolo",2,10.996,2,"Enil",0.392324481629684,1,42.27,52.591,81.5811,1
2025,"72",2,4.314,"Enil",1,"kolo",2,10.996,2,"Enil",0.392324481629684,1,42.27,52.591,81.5811,1
2025,"72",3,6.017,"Enil",1,"kolo",2,10.996,2,"Enil",0.547198981447799,1,42.27,52.591,81.5811,1
2025,"72",3,6.017,"Enil",1,"kolo",2,10.996,2,"Enil",0.547198981447799,1,42.27,52.591,81.5811,1
2025,"72",3,6.017,"Enil",1,"kolo",2,10.996,2,"Enil",0.547198981447799,1,42.27,52.591,81.5811,1
2025,"72",4,8.389,"Enil",1,"kolo",2,10.996,2,"Enil",0.762913786831575,1,42.27,52.591,81.5811,1
2025,"72",4,8.389,"Enil",1,"kolo",2,10.996,2,"Enil",0.762913786831575,1,42.27,52.591,81.5811,1
2025,"72",4,8.389,"Enil",1,"kolo",2,10.996,2,"Enil",0.762913786831575,1,42.27,52.591,81.5811,1
2025,"72",5,4.084,"Chiroptera sp",1,"kolo",-2,10.996,2,"Chiroptera sp",0.371407784648963,-1,42.27,52.591,81.5811,1
2025,"72",5,4.084,"Chiroptera sp",1,"kolo",-2,10.996,2,"Chiroptera sp",0.371407784648963,-1,42.27,52.591,81.5811,1
2025,"72",5,4.084,"Chiroptera sp",1,"kolo",-2,10.996,2,"Chiroptera sp",0.371407784648963,-1,42.27,52.591,81.5811,1
2025,"72",5,4.084,"Chiroptera sp",1,"kolo",-2,10.996,2,"Chiroptera sp",0.371407784648963,-1,42.27,52.591,81.5811,1
2025,"72",5,4.084,"Chiroptera sp",1,"kolo",-2,10.996,2,"Chiroptera sp",0.371407784648963,-1,42.27,52.591,81.5811,1
2025,"72",5,4.084,"Chiroptera sp",1,"kolo",-2,10.996,2,"Chiroptera sp",0.371407784648963,-1,42.27,52.591,81.5811,1
2025,"72",6,9.767,"Enil",1,"kolo",2,10.996,2,"Enil",0.888232084394325,1,42.27,52.591,81.5811,1
2025,"72",6,9.767,"Enil",1,"kolo",2,10.996,2,"Enil",0.888232084394325,1,42.27,52.591,81.5811,1
2025,"72",6,9.767,"Enil",1,"kolo",2,10.996,2,"Enil",0.888232084394325,1,42.27,52.591,81.5811,1
2025,"153",1,3.357,"Enil",1,"kolo",2,7.9,2,"Enil",0.42493670886076,1,39.199,54.259,77.61402,3
2025,"153",1,3.357,"Enil",1,"kolo",2,7.9,2,"Enil",0.42493670886076,1,39.199,54.259,77.61402,3
2025,"153",1,3.357,"Enil",1,"kolo",2,7.9,2,"Enil",0.42493670886076,1,39.199,54.259,77.61402,3
2025,"153",2,3.1,"Enil",1,"kolo",2,7.9,2,"Enil",0.392405063291139,1,39.199,54.259,77.61402,3
2025,"153",2,3.1,"Enil",1,"kolo",2,7.9,2,"Enil",0.392405063291139,1,39.199,54.259,77.61402,3
2025,"153",2,3.1,"Enil",1,"kolo",2,7.9,2,"Enil",0.392405063291139,1,39.199,54.259,77.61402,3
2025,"69",1,6.35,"Enil",1,"kolo",1.93,11.75,1.93,"Enil",0.540425531914894,1,38.787,55.045,74.85891,1
2025,"69",1,6.35,"Enil",1,"kolo",1.93,11.75,1.93,"Enil",0.540425531914894,1,38.787,55.045,74.85891,1
2025,"69",1,6.35,"Enil",1,"kolo",1.93,11.75,1.93,"Enil",0.540425531914894,1,38.787,55.045,74.85891,1
2025,"69",2,9.458,"Enil",1,"pinta",1.93,11.75,1.93,"Enil",0.804936170212766,1,38.787,55.045,74.85891,1
2025,"69",2,9.458,"Enil",1,"pinta",1.93,11.75,1.93,"Enil",0.804936170212766,1,38.787,55.045,74.85891,1
2025,"69",2,9.458,"Enil",1,"pinta",1.93,11.75,1.93,"Enil",0.804936170212766,1,38.787,55.045,74.85891,1
2025,"69",3,1.41,"Enil",1,"pinta",1.93,11.75,1.93,"Enil",0.12,1,38.787,55.045,74.85891,1
2025,"69",3,1.41,"Enil",1,"pinta",1.93,11.75,1.93,"Enil",0.12,1,38.787,55.045,74.85891,1
2025,"69",3,1.41,"Enil",1,"pinta",1.93,11.75,1.93,"Enil",0.12,1,38.787,55.045,74.85891,1
2025,"73",1,2.573,"Enil",1,"pinta",2.1,21.589,5,"Enil",0.11918106443096,0.42,49.906,56.184,96.81764,1
2025,"73",1,2.573,"Enil",1,"pinta",2.1,21.589,5,"Enil",0.11918106443096,0.42,49.906,56.184,96.81764,1
2025,"73",1,2.573,"Enil",1,"pinta",2.1,21.589,5,"Enil",0.11918106443096,0.42,49.906,56.184,96.81764,1
2025,"77",1,8.11,"Enil",1,"kolo",1.9,12.372,1.9,"Enil",0.655512447462011,1,27.001,35.016,51.84192,1
2025,"77",1,8.11,"Enil",1,"kolo",1.9,12.372,1.9,"Enil",0.655512447462011,1,27.001,35.016,51.84192,1
2025,"77",1,8.11,"Enil",1,"kolo",1.9,12.372,1.9,"Enil",0.655512447462011,1,27.001,35.016,51.84192,1
2025,"79",1,6.777,"Enil",1,"kolo",1.9,9.119,1.9,"Enil",0.743173593595789,1,36.865,55.823,68.93755,2
2025,"79",1,6.777,"Enil",1,"kolo",1.9,9.119,1.9,"Enil",0.743173593595789,1,36.865,55.823,68.93755,2
2025,"79",1,6.777,"Enil",1,"kolo",1.9,9.119,1.9,"Enil",0.743173593595789,1,36.865,55.823,68.93755,2
2025,"79",2,6.157,"Enil",1,"pinta",1.9,9.119,1.9,"Enil",0.675183682421318,1,36.865,55.823,68.93755,2
2025,"79",2,6.157,"Enil",1,"pinta",1.9,9.119,1.9,"Enil",0.675183682421318,1,36.865,55.823,68.93755,2
2025,"79",2,6.157,"Enil",1,"pinta",1.9,9.119,1.9,"Enil",0.675183682421318,1,36.865,55.823,68.93755,2
2025,"143",1,5.612,"Enil",1,"kolo",2,9.18,2,"Enil",0.611328976034858,1,34.438,55.611,66.12096,2
2025,"143",1,5.612,"Enil",1,"kolo",2,9.18,2,"Enil",0.611328976034858,1,34.438,55.611,66.12096,2
2025,"143",1,5.612,"Enil",1,"kolo",2,9.18,2,"Enil",0.611328976034858,1,34.438,55.611,66.12096,2
2025,"143",1,5.612,"Enil",1,"kolo",2,9.18,2,"Enil",0.611328976034858,1,34.438,55.611,66.12096,2
2025,"143",1,5.612,"Enil",1,"kolo",2,9.18,2,"Enil",0.611328976034858,1,34.438,55.611,66.12096,2
2025,"143",1,5.612,"Enil",1,"kolo",2,9.18,2,"Enil",0.611328976034858,1,34.438,55.611,66.12096,2
2025,"143",2,6.794,"Enil",1,"kolo",2,9.18,2,"Enil",0.740087145969499,1,34.438,55.611,66.12096,2
2025,"143",2,6.794,"Enil",1,"kolo",2,9.18,2,"Enil",0.740087145969499,1,34.438,55.611,66.12096,2
2025,"143",2,6.794,"Enil",1,"kolo",2,9.18,2,"Enil",0.740087145969499,1,34.438,55.611,66.12096,2
2025,"121",1,7.652,"Enil",1,"kolo",1.9,10.063,1.9,"Enil",0.760409420649906,1,39.524,49.808,75.0956,1
2025,"121",1,7.652,"Enil",1,"kolo",1.9,10.063,1.9,"Enil",0.760409420649906,1,39.524,49.808,75.0956,1
2025,"121",1,7.652,"Enil",1,"kolo",1.9,10.063,1.9,"Enil",0.760409420649906,1,39.524,49.808,75.0956,1
2025,"121",2,6.486,"Enil",1,"kolo",1.9,10.063,1.9,"Enil",0.644539401768856,1,39.524,49.808,75.0956,1
2025,"121",2,6.486,"Enil",1,"kolo",1.9,10.063,1.9,"Enil",0.644539401768856,1,39.524,49.808,75.0956,1
2025,"121",2,6.486,"Enil",1,"kolo",1.9,10.063,1.9,"Enil",0.644539401768856,1,39.524,49.808,75.0956,1
2025,"121",3,6.946,"Myotis",1,"kolo",1.9,10.063,1.9,"Myotis",0.690251416078704,1,39.524,49.808,75.0956,1
2025,"121",3,6.946,"Myotis",1,"kolo",1.9,10.063,1.9,"Myotis",0.690251416078704,1,39.524,49.808,75.0956,1
2025,"121",3,6.946,"Myotis",1,"kolo",1.9,10.063,1.9,"Myotis",0.690251416078704,1,39.524,49.808,75.0956,1
2025,"142",1,3.334,"Enil",1,"kolo",1.4,9.781,2,"Enil",0.340864942234945,0.7,36.774,57.779,72.44478,2
2025,"142",1,3.334,"Enil",1,"kolo",1.4,9.781,2,"Enil",0.340864942234945,0.7,36.774,57.779,72.44478,2
2025,"142",1,3.334,"Enil",1,"kolo",1.4,9.781,2,"Enil",0.340864942234945,0.7,36.774,57.779,72.44478,2
2025,"142",2,8.976,"Enil",1,"kolo",2,9.781,2,"Enil",0.917697576934874,1,36.774,57.779,72.44478,2
2025,"142",2,8.976,"Enil",1,"kolo",2,9.781,2,"Enil",0.917697576934874,1,36.774,57.779,72.44478,2
2025,"142",2,8.976,"Enil",1,"kolo",2,9.781,2,"Enil",0.917697576934874,1,36.774,57.779,72.44478,2
2025,"141",1,6.543,"Enil",1,"pinta",1.9,10.191,1.9,"Enil",0.642037091551369,1,35.924,51.778,67.53712,1
2025,"141",1,6.543,"Enil",1,"pinta",1.9,10.191,1.9,"Enil",0.642037091551369,1,35.924,51.778,67.53712,1
2025,"141",1,6.543,"Enil",1,"pinta",1.9,10.191,1.9,"Enil",0.642037091551369,1,35.924,51.778,67.53712,1
2025,"141",2,8.924,"Enil",1,"pinta",1.9,10.191,1.9,"Enil",0.875674614856246,1,35.924,51.778,67.53712,1
2025,"141",2,8.924,"Enil",1,"pinta",1.9,10.191,1.9,"Enil",0.875674614856246,1,35.924,51.778,67.53712,1
2025,"141",2,8.924,"Enil",1,"pinta",1.9,10.191,1.9,"Enil",0.875674614856246,1,35.924,51.778,67.53712,1
2025,"30",1,6.248,"Enil",1,"kolo",1.9,10.697,1.9,"Enil",0.584088996915023,1,35.788,53.37,67.63932,1
2025,"30",1,6.248,"Enil",1,"kolo",1.9,10.697,1.9,"Enil",0.584088996915023,1,35.788,53.37,67.63932,1
2025,"30",1,6.248,"Enil",1,"kolo",1.9,10.697,1.9,"Enil",0.584088996915023,1,35.788,53.37,67.63932,1
2025,"30",2,5.736,"Paur",1,"kolo",1.9,10.697,1.9,"Paur",0.536225109843881,1,35.788,53.37,67.63932,1
2025,"30",2,5.736,"Paur",1,"kolo",1.9,10.697,1.9,"Paur",0.536225109843881,1,35.788,53.37,67.63932,1
2025,"30",2,5.736,"Paur",1,"kolo",1.9,10.697,1.9,"Paur",0.536225109843881,1,35.788,53.37,67.63932,1
2025,"140",1,0.745,"Enil",1,"pinta",2,8.232,2,"Enil",0.0905004859086492,1,39.458,54.502,78.916,3
2025,"140",1,0.745,"Enil",1,"pinta",2,8.232,2,"Enil",0.0905004859086492,1,39.458,54.502,78.916,3
2025,"140",1,0.745,"Enil",1,"pinta",2,8.232,2,"Enil",0.0905004859086492,1,39.458,54.502,78.916,3
2025,"140",2,6.43,"Enil",1,"pinta",2,8.232,2,"Enil",0.781098153547133,1,39.458,54.502,78.916,3
2025,"140",2,6.43,"Enil",1,"pinta",2,8.232,2,"Enil",0.781098153547133,1,39.458,54.502,78.916,3
2025,"140",2,6.43,"Enil",1,"pinta",2,8.232,2,"Enil",0.781098153547133,1,39.458,54.502,78.916,3
2025,"140",3,6.867,"Enil",1,"kolo",2,8.232,2,"Enil",0.834183673469388,1,39.458,54.502,78.916,3
2025,"140",3,6.867,"Enil",1,"kolo",2,8.232,2,"Enil",0.834183673469388,1,39.458,54.502,78.916,3
2025,"140",3,6.867,"Enil",1,"kolo",2,8.232,2,"Enil",0.834183673469388,1,39.458,54.502,78.916,3
2025,"140",4,7.614,"Enil",1,"kolo",2,8.232,2,"Enil",0.924927113702624,1,39.458,54.502,78.916,3
2025,"140",4,7.614,"Enil",1,"kolo",2,8.232,2,"Enil",0.924927113702624,1,39.458,54.502,78.916,3
2025,"140",4,7.614,"Enil",1,"kolo",2,8.232,2,"Enil",0.924927113702624,1,39.458,54.502,78.916,3
2025,"140",5,7.411,"Enil",1,"kolo",2,8.232,2,"Enil",0.900267249757046,1,39.458,54.502,78.916,3
2025,"140",5,7.411,"Enil",1,"kolo",2,8.232,2,"Enil",0.900267249757046,1,39.458,54.502,78.916,3
2025,"140",5,7.411,"Enil",1,"kolo",2,8.232,2,"Enil",0.900267249757046,1,39.458,54.502,78.916,3
2025,"140",6,5.872,"Chiroptera sp",1,"kolo",2,8.232,2,"Chiroptera sp",0.713313896987366,1,39.458,54.502,78.916,3
2025,"140",6,5.872,"Chiroptera sp",1,"kolo",2,8.232,2,"Chiroptera sp",0.713313896987366,1,39.458,54.502,78.916,3
2025,"140",6,5.872,"Chiroptera sp",1,"kolo",2,8.232,2,"Chiroptera sp",0.713313896987366,1,39.458,54.502,78.916,3
2025,"140",7,5.094,"Enil",1,"kolo",1.7,8.232,2,"Enil",0.618804664723032,0.85,39.458,54.502,78.916,3
2025,"140",7,5.094,"Enil",1,"kolo",1.7,8.232,2,"Enil",0.618804664723032,0.85,39.458,54.502,78.916,3
2025,"140",7,5.094,"Enil",1,"kolo",1.7,8.232,2,"Enil",0.618804664723032,0.85,39.458,54.502,78.916,3
2025,"140",8,1.885,"Enil",1,"kolo",1.2,8.232,2,"Enil",0.228984450923226,0.6,39.458,54.502,78.916,3
2025,"140",8,1.885,"Enil",1,"kolo",1.2,8.232,2,"Enil",0.228984450923226,0.6,39.458,54.502,78.916,3
2025,"140",8,1.885,"Enil",1,"kolo",1.2,8.232,2,"Enil",0.228984450923226,0.6,39.458,54.502,78.916,3
2025,"241",1,1.837,"Enil",1,"pinta",2,6.987,2,"Enil",0.262916845570345,1,28.698,38.497,57.396,2
2025,"241",1,1.837,"Enil",1,"pinta",2,6.987,2,"Enil",0.262916845570345,1,28.698,38.497,57.396,2
2025,"241",1,1.837,"Enil",1,"pinta",2,6.987,2,"Enil",0.262916845570345,1,28.698,38.497,57.396,2
2025,"241",2,1.264,"Enil",1,"pinta",2,6.987,2,"Enil",0.180907399456133,1,28.698,38.497,57.396,2
2025,"241",2,1.264,"Enil",1,"pinta",2,6.987,2,"Enil",0.180907399456133,1,28.698,38.497,57.396,2
2025,"241",2,1.264,"Enil",1,"pinta",2,6.987,2,"Enil",0.180907399456133,1,28.698,38.497,57.396,2
2025,"241",3,4.789,"Enil",1,"kolo",2,6.987,2,"Enil",0.685415772148275,1,28.698,38.497,57.396,2
2025,"241",3,4.789,"Enil",1,"kolo",2,6.987,2,"Enil",0.685415772148275,1,28.698,38.497,57.396,2
2025,"241",3,4.789,"Enil",1,"kolo",2,6.987,2,"Enil",0.685415772148275,1,28.698,38.497,57.396,2
2025,"241",4,3.358,"Enil",1,"pinta",2,6.987,2,"Enil",0.480606841276657,1,28.698,38.497,57.396,2
2025,"241",4,3.358,"Enil",1,"pinta",2,6.987,2,"Enil",0.480606841276657,1,28.698,38.497,57.396,2
2025,"241",4,3.358,"Enil",1,"pinta",2,6.987,2,"Enil",0.480606841276657,1,28.698,38.497,57.396,2
2025,"241",5,4.742,"Enil",1,"pinta",2,6.987,2,"Enil",0.678688993845713,1,28.698,38.497,57.396,2
2025,"241",5,4.742,"Enil",1,"pinta",2,6.987,2,"Enil",0.678688993845713,1,28.698,38.497,57.396,2
2025,"241",5,4.742,"Enil",1,"pinta",2,6.987,2,"Enil",0.678688993845713,1,28.698,38.497,57.396,2
2025,"241",6,6.871,"Enil",1,"pinta",2,6.987,2,"Enil",0.983397738657507,1,28.698,38.497,57.396,2
2025,"241",6,6.871,"Enil",1,"pinta",2,6.987,2,"Enil",0.983397738657507,1,28.698,38.497,57.396,2
2025,"241",6,6.871,"Enil",1,"pinta",2,6.987,2,"Enil",0.983397738657507,1,28.698,38.497,57.396,2
2025,"244",1,7.237,"Enil",1,"pinta",1.9,11.595,2.2,"Enil",0.624148339801639,0.863636363636364,49.648,57.343,99.296,1
2025,"244",1,7.237,"Enil",1,"pinta",1.9,11.595,2.2,"Enil",0.624148339801639,0.863636363636364,49.648,57.343,99.296,1
2025,"244",1,7.237,"Enil",1,"pinta",1.9,11.595,2.2,"Enil",0.624148339801639,0.863636363636364,49.648,57.343,99.296,1
2025,"252",1,5.447,"Enil",1,"pinta",1.9,6.392,2,"Enil",0.852158948685857,0.95,23.559,31.012,47.118,1
2025,"252",1,5.447,"Enil",1,"pinta",1.9,6.392,2,"Enil",0.852158948685857,0.95,23.559,31.012,47.118,1
2025,"252",1,5.447,"Enil",1,"pinta",1.9,6.392,2,"Enil",0.852158948685857,0.95,23.559,31.012,47.118,1
2025,"252",2,3.294,"Enil",1,"kolo",1.6,6.392,2,"Enil",0.515331664580726,0.8,23.559,31.012,47.118,1
2025,"252",2,3.294,"Enil",1,"kolo",1.6,6.392,2,"Enil",0.515331664580726,0.8,23.559,31.012,47.118,1
2025,"252",2,3.294,"Enil",1,"kolo",1.6,6.392,2,"Enil",0.515331664580726,0.8,23.559,31.012,47.118,1
2025,"427",1,9.249,"Enil",1,"pinta",1.9,11.328,1.9,"Enil",0.816472457627119,1,41.504,54.707,83.008,1
2025,"427",1,9.249,"Enil",1,"pinta",1.9,11.328,1.9,"Enil",0.816472457627119,1,41.504,54.707,83.008,1
2025,"427",1,9.249,"Enil",1,"pinta",1.9,11.328,1.9,"Enil",0.816472457627119,1,41.504,54.707,83.008,1
2025,"427",2,7.068,"Enil",1,"pinta",1.9,11.328,1.9,"Enil",0.623940677966102,1,41.504,54.707,83.008,1
2025,"427",2,7.068,"Enil",1,"pinta",1.9,11.328,1.9,"Enil",0.623940677966102,1,41.504,54.707,83.008,1
2025,"427",2,7.068,"Enil",1,"pinta",1.9,11.328,1.9,"Enil",0.623940677966102,1,41.504,54.707,83.008,1
2025,"427",3,4.507,"Enil",1,"pinta",1.9,11.328,1.9,"Enil",0.397863700564972,1,41.504,54.707,83.008,1
2025,"427",3,4.507,"Enil",1,"pinta",1.9,11.328,1.9,"Enil",0.397863700564972,1,41.504,54.707,83.008,1
2025,"427",3,4.507,"Enil",1,"pinta",1.9,11.328,1.9,"Enil",0.397863700564972,1,41.504,54.707,83.008,1
2025,"23",1,6.634,"Enil",1,"kolo",2,17.641,2,"Enil",0.376055779150842,1,58.978,66.053,117.956,3
2025,"23",1,6.634,"Enil",1,"kolo",2,17.641,2,"Enil",0.376055779150842,1,58.978,66.053,117.956,3
2025,"23",1,6.634,"Enil",1,"kolo",2,17.641,2,"Enil",0.376055779150842,1,58.978,66.053,117.956,3
2025,"23",1,6.634,"Enil",1,"kolo",2,17.641,2,"Enil",0.376055779150842,1,58.978,66.053,117.956,3
2025,"23",1,6.634,"Enil",1,"kolo",2,17.641,2,"Enil",0.376055779150842,1,58.978,66.053,117.956,3
2025,"23",1,6.634,"Enil",1,"kolo",2,17.641,2,"Enil",0.376055779150842,1,58.978,66.053,117.956,3
2025,"23",2,9.977,"Enil",1,"kolo",2,17.641,2,"Enil",0.565557508077773,1,58.978,66.053,117.956,3
2025,"23",2,9.977,"Enil",1,"kolo",2,17.641,2,"Enil",0.565557508077773,1,58.978,66.053,117.956,3
2025,"23",2,9.977,"Enil",1,"kolo",2,17.641,2,"Enil",0.565557508077773,1,58.978,66.053,117.956,3
2025,"23",2,9.977,"Enil",1,"kolo",2,17.641,2,"Enil",0.565557508077773,1,58.978,66.053,117.956,3
2025,"23",2,9.977,"Enil",1,"kolo",2,17.641,2,"Enil",0.565557508077773,1,58.978,66.053,117.956,3
2025,"23",2,9.977,"Enil",1,"kolo",2,17.641,2,"Enil",0.565557508077773,1,58.978,66.053,117.956,3
2025,"23",3,13.561,"Paur",1,"kolo",2,17.641,2,"Paur",0.768720594070631,1,58.978,66.053,117.956,3
2025,"23",3,13.561,"Paur",1,"kolo",2,17.641,2,"Paur",0.768720594070631,1,58.978,66.053,117.956,3
2025,"23",3,13.561,"Paur",1,"kolo",2,17.641,2,"Paur",0.768720594070631,1,58.978,66.053,117.956,3
2025,"23",4,17.147,"Enil",1,"kolo",2,17.641,2,"Enil",0.971997052321297,1,58.978,66.053,117.956,3
2025,"23",4,17.147,"Enil",1,"kolo",2,17.641,2,"Enil",0.971997052321297,1,58.978,66.053,117.956,3
2025,"23",4,17.147,"Enil",1,"kolo",2,17.641,2,"Enil",0.971997052321297,1,58.978,66.053,117.956,3
2025,"23",4,17.147,"Enil",1,"kolo",2,17.641,2,"Enil",0.971997052321297,1,58.978,66.053,117.956,3
2025,"23",4,17.147,"Enil",1,"kolo",2,17.641,2,"Enil",0.971997052321297,1,58.978,66.053,117.956,3
2025,"23",4,17.147,"Enil",1,"kolo",2,17.641,2,"Enil",0.971997052321297,1,58.978,66.053,117.956,3
2025,"23",4,17.147,"Enil",1,"kolo",2,17.641,2,"Enil",0.971997052321297,1,58.978,66.053,117.956,3
2025,"23",4,17.147,"Enil",1,"kolo",2,17.641,2,"Enil",0.971997052321297,1,58.978,66.053,117.956,3
2025,"23",4,17.147,"Enil",1,"kolo",2,17.641,2,"Enil",0.971997052321297,1,58.978,66.053,117.956,3
2025,"23",5,14.392,"Enil",1,"kolo",2,17.641,2,"Enil",0.815826767190069,1,58.978,66.053,117.956,3
2025,"23",5,14.392,"Enil",1,"kolo",2,17.641,2,"Enil",0.815826767190069,1,58.978,66.053,117.956,3
2025,"23",5,14.392,"Enil",1,"kolo",2,17.641,2,"Enil",0.815826767190069,1,58.978,66.053,117.956,3
2025,"23",6,7.725,"Enil",1,"kolo",2,17.641,2,"Enil",0.437900345785386,1,58.978,66.053,117.956,3
2025,"23",6,7.725,"Enil",1,"kolo",2,17.641,2,"Enil",0.437900345785386,1,58.978,66.053,117.956,3
2025,"23",6,7.725,"Enil",1,"kolo",2,17.641,2,"Enil",0.437900345785386,1,58.978,66.053,117.956,3
2025,"23",6,7.725,"Enil",1,"kolo",2,17.641,2,"Enil",0.437900345785386,1,58.978,66.053,117.956,3
2025,"23",6,7.725,"Enil",1,"kolo",2,17.641,2,"Enil",0.437900345785386,1,58.978,66.053,117.956,3
2025,"23",6,7.725,"Enil",1,"kolo",2,17.641,2,"Enil",0.437900345785386,1,58.978,66.053,117.956,3
2023,"43",1,3.146,"Enil",1,"pinta",2,8.085,2,"Enil",0.389115646258503,1,22.431,33.49,44.862,1
2023,"43",1,3.146,"Enil",1,"pinta",2,8.085,2,"Enil",0.389115646258503,1,22.431,33.49,44.862,1
2023,"43",1,3.146,"Enil",1,"pinta",2,8.085,2,"Enil",0.389115646258503,1,22.431,33.49,44.862,1
2023,"40",1,10.531,"Enil",1,"pinta",1.7,12.882,2.1,"Enil",0.817497283030585,0.809523809523809,30.913,38.64,61.826,1
2023,"40",1,10.531,"Enil",1,"pinta",1.7,12.882,2.1,"Enil",0.817497283030585,0.809523809523809,30.913,38.64,61.826,1
2023,"40",1,10.531,"Enil",1,"pinta",1.7,12.882,2.1,"Enil",0.817497283030585,0.809523809523809,30.913,38.64,61.826,1
2023,"40",2,4.746,"Enil",1,"pinta",4,12.882,5,"Enil",0.368421052631579,0.8,30.913,38.64,61.826,1
2023,"40",2,4.746,"Enil",1,"pinta",4,12.882,5,"Enil",0.368421052631579,0.8,30.913,38.64,61.826,1
2023,"40",2,4.746,"Enil",1,"pinta",4,12.882,5,"Enil",0.368421052631579,0.8,30.913,38.64,61.826,1
2023,"40",2,4.746,"Enil",1,"pinta",4,12.882,5,"Enil",0.368421052631579,0.8,30.913,38.64,61.826,1
2023,"40",2,4.746,"Enil",1,"pinta",4,12.882,5,"Enil",0.368421052631579,0.8,30.913,38.64,61.826,1
2023,"40",2,4.746,"Enil",1,"pinta",4,12.882,5,"Enil",0.368421052631579,0.8,30.913,38.64,61.826,1
2023,"40",2,4.746,"Enil",1,"pinta",4,12.882,5,"Enil",0.368421052631579,0.8,30.913,38.64,61.826,1
2023,"40",2,4.746,"Enil",1,"pinta",4,12.882,5,"Enil",0.368421052631579,0.8,30.913,38.64,61.826,1
2023,"40",2,4.746,"Enil",1,"pinta",4,12.882,5,"Enil",0.368421052631579,0.8,30.913,38.64,61.826,1
2023,"40",3,3.702,"Enil",1,"pinta",2,12.882,2.1,"Enil",0.287377736376339,0.952380952380952,30.913,38.64,61.826,1
2023,"40",3,3.702,"Enil",1,"pinta",2,12.882,2.1,"Enil",0.287377736376339,0.952380952380952,30.913,38.64,61.826,1
2023,"40",3,3.702,"Enil",1,"pinta",2,12.882,2.1,"Enil",0.287377736376339,0.952380952380952,30.913,38.64,61.826,1
2023,"167",1,18.734,"Enil",1,"kolo",3.6,21.122,3.6,"Enil",0.886942524382161,1,248.389,122.728,848.4209,3
2023,"167",1,18.734,"Enil",1,"kolo",3.6,21.122,3.6,"Enil",0.886942524382161,1,248.389,122.728,848.4209,3
2023,"167",1,18.734,"Enil",1,"kolo",3.6,21.122,3.6,"Enil",0.886942524382161,1,248.389,122.728,848.4209,3
2023,"167",2,15.611,"Enil",1,"kolo",3.6,21.122,3.6,"Enil",0.739087207650791,1,248.389,122.728,848.4209,3
2023,"167",2,15.611,"Enil",1,"kolo",3.6,21.122,3.6,"Enil",0.739087207650791,1,248.389,122.728,848.4209,3
2023,"167",2,15.611,"Enil",1,"kolo",3.6,21.122,3.6,"Enil",0.739087207650791,1,248.389,122.728,848.4209,3
2023,"167",3,13.431,"Myotis",1,"kolo",3.6,21.122,3.6,"Myotis",0.635877284348073,1,248.389,122.728,848.4209,3
2023,"167",3,13.431,"Myotis",1,"kolo",3.6,21.122,3.6,"Myotis",0.635877284348073,1,248.389,122.728,848.4209,3
2023,"167",3,13.431,"Myotis",1,"kolo",3.6,21.122,3.6,"Myotis",0.635877284348073,1,248.389,122.728,848.4209,3
2023,"167",3,13.431,"Myotis",1,"kolo",3.6,21.122,3.6,"Myotis",0.635877284348073,1,248.389,122.728,848.4209,3
2023,"167",3,13.431,"Myotis",1,"kolo",3.6,21.122,3.6,"Myotis",0.635877284348073,1,248.389,122.728,848.4209,3
2023,"167",3,13.431,"Myotis",1,"kolo",3.6,21.122,3.6,"Myotis",0.635877284348073,1,248.389,122.728,848.4209,3
2023,"167",4,9.982,"Enil",1,"kolo",2,21.122,2.5,"Enil",0.47258782312281,0.8,248.389,122.728,848.4209,3
2023,"167",4,9.982,"Enil",1,"kolo",2,21.122,2.5,"Enil",0.47258782312281,0.8,248.389,122.728,848.4209,3
2023,"167",4,9.982,"Enil",1,"kolo",2,21.122,2.5,"Enil",0.47258782312281,0.8,248.389,122.728,848.4209,3
2023,"167",5,6.885,"Myotis",1,"kolo",2.5,21.122,2.5,"Myotis",0.32596345043083,1,248.389,122.728,848.4209,3
2023,"167",5,6.885,"Myotis",1,"kolo",2.5,21.122,2.5,"Myotis",0.32596345043083,1,248.389,122.728,848.4209,3
2023,"167",5,6.885,"Myotis",1,"kolo",2.5,21.122,2.5,"Myotis",0.32596345043083,1,248.389,122.728,848.4209,3
2023,"167",6,14.543,"Enil",1,"pinta",3.6,21.122,3.6,"Enil",0.688523814032762,1,248.389,122.728,848.4209,3
2023,"167",6,14.543,"Enil",1,"pinta",3.6,21.122,3.6,"Enil",0.688523814032762,1,248.389,122.728,848.4209,3
2023,"167",6,14.543,"Enil",1,"pinta",3.6,21.122,3.6,"Enil",0.688523814032762,1,248.389,122.728,848.4209,3
2023,"167",6,14.543,"Enil",1,"pinta",3.6,21.122,3.6,"Enil",0.688523814032762,1,248.389,122.728,848.4209,3
2023,"167",6,14.543,"Enil",1,"pinta",3.6,21.122,3.6,"Enil",0.688523814032762,1,248.389,122.728,848.4209,3
2023,"167",6,14.543,"Enil",1,"pinta",3.6,21.122,3.6,"Enil",0.688523814032762,1,248.389,122.728,848.4209,3
2023,"170-171",1,8.986,"Enil",1,"pinta",2,9.967,2,"Enil",0.901575198153908,1,45.954,61.215,91.908,3
2023,"170-171",1,8.986,"Enil",1,"pinta",2,9.967,2,"Enil",0.901575198153908,1,45.954,61.215,91.908,3
2023,"170-171",1,8.986,"Enil",1,"pinta",2,9.967,2,"Enil",0.901575198153908,1,45.954,61.215,91.908,3
2023,"170-171",2,7.769,"Enil",1,"pinta",2,9.967,2,"Enil",0.779472258452894,1,45.954,61.215,91.908,3
2023,"170-171",2,7.769,"Enil",1,"pinta",2,9.967,2,"Enil",0.779472258452894,1,45.954,61.215,91.908,3
2023,"170-171",2,7.769,"Enil",1,"pinta",2,9.967,2,"Enil",0.779472258452894,1,45.954,61.215,91.908,3
2023,"28-172",1,10.281,"Enil",1,"pinta",2,11.529,2,"Enil",0.891751236013531,1,38.186,54.052,76.372,1
2023,"28-172",1,10.281,"Enil",1,"pinta",2,11.529,2,"Enil",0.891751236013531,1,38.186,54.052,76.372,1
2023,"28-172",1,10.281,"Enil",1,"pinta",2,11.529,2,"Enil",0.891751236013531,1,38.186,54.052,76.372,1
2023,"38",1,4.659,"Enil",1,"kolo",2.2,14.835,2.2,"Enil",0.314054600606673,1,26.275,33.583,52.55,1
2023,"38",1,4.659,"Enil",1,"kolo",2.2,14.835,2.2,"Enil",0.314054600606673,1,26.275,33.583,52.55,1
2023,"38",1,4.659,"Enil",1,"kolo",2.2,14.835,2.2,"Enil",0.314054600606673,1,26.275,33.583,52.55,1
2023,"38",2,5.696,"Enil",1,"pinta",2.2,14.835,2.2,"Enil",0.383956858779912,1,26.275,33.583,52.55,1
2023,"38",2,5.696,"Enil",1,"pinta",2.2,14.835,2.2,"Enil",0.383956858779912,1,26.275,33.583,52.55,1
2023,"38",2,5.696,"Enil",1,"pinta",2.2,14.835,2.2,"Enil",0.383956858779912,1,26.275,33.583,52.55,1
2023,"38",3,6.123,"Enil",1,"pinta",5,14.835,5,"Enil",0.412740141557128,1,26.275,33.583,52.55,1
2023,"38",3,6.123,"Enil",1,"pinta",5,14.835,5,"Enil",0.412740141557128,1,26.275,33.583,52.55,1
2023,"38",3,6.123,"Enil",1,"pinta",5,14.835,5,"Enil",0.412740141557128,1,26.275,33.583,52.55,1
2023,"38",4,6.621,"Enil",1,"pinta",2,14.835,2.2,"Enil",0.446309403437816,0.909090909090909,26.275,33.583,52.55,1
2023,"38",4,6.621,"Enil",1,"pinta",2,14.835,2.2,"Enil",0.446309403437816,0.909090909090909,26.275,33.583,52.55,1
2023,"38",4,6.621,"Enil",1,"pinta",2,14.835,2.2,"Enil",0.446309403437816,0.909090909090909,26.275,33.583,52.55,1
2023,"173",1,6.278,"Enil",1,"pinta",2,11.247,2,"Enil",0.558193295990042,1,37.908,53.56,75.816,1
2023,"173",1,6.278,"Enil",1,"pinta",2,11.247,2,"Enil",0.558193295990042,1,37.908,53.56,75.816,1
2023,"173",1,6.278,"Enil",1,"pinta",2,11.247,2,"Enil",0.558193295990042,1,37.908,53.56,75.816,1
2023,"173",2,6.817,"Enil",1,"pinta",2,11.247,2,"Enil",0.60611718680537,1,37.908,53.56,75.816,1
2023,"173",2,6.817,"Enil",1,"pinta",2,11.247,2,"Enil",0.60611718680537,1,37.908,53.56,75.816,1
2023,"173",2,6.817,"Enil",1,"pinta",2,11.247,2,"Enil",0.60611718680537,1,37.908,53.56,75.816,1
2023,"173",3,3.676,"Enil",1,"pinta",2,11.247,2,"Enil",0.326842713612519,1,37.908,53.56,75.816,1
2023,"173",3,3.676,"Enil",1,"pinta",2,11.247,2,"Enil",0.326842713612519,1,37.908,53.56,75.816,1
2023,"173",3,3.676,"Enil",1,"pinta",2,11.247,2,"Enil",0.326842713612519,1,37.908,53.56,75.816,1
2023,"173",4,3.774,"Enil",1,"pinta",2,11.247,2,"Enil",0.335556148306215,1,37.908,53.56,75.816,1
2023,"173",4,3.774,"Enil",1,"pinta",2,11.247,2,"Enil",0.335556148306215,1,37.908,53.56,75.816,1
2023,"173",4,3.774,"Enil",1,"pinta",2,11.247,2,"Enil",0.335556148306215,1,37.908,53.56,75.816,1
2022,"40",1,12.452,"Enil",1,"pinta",2,12.882,2.1,"Enil",0.966620090048129,0.952380952380952,30.913,38.64,61.826,1
2022,"40",1,12.452,"Enil",1,"pinta",2,12.882,2.1,"Enil",0.966620090048129,0.952380952380952,30.913,38.64,61.826,1
2022,"40",1,12.452,"Enil",1,"pinta",2,12.882,2.1,"Enil",0.966620090048129,0.952380952380952,30.913,38.64,61.826,1
2022,"40",2,4.718,"Enil",1,"pinta",2,12.882,2.1,"Enil",0.366247477099829,0.952380952380952,30.913,38.64,61.826,1
2022,"40",2,4.718,"Enil",1,"pinta",2,12.882,2.1,"Enil",0.366247477099829,0.952380952380952,30.913,38.64,61.826,1
2022,"40",2,4.718,"Enil",1,"pinta",2,12.882,2.1,"Enil",0.366247477099829,0.952380952380952,30.913,38.64,61.826,1
2022,"167",1,15.128,"Enil",1,"pinta",3.7,21.122,3.7,"Enil",0.716220054919042,1,248.389,122.728,848.4209,3
2022,"167",1,15.128,"Enil",1,"pinta",3.7,21.122,3.7,"Enil",0.716220054919042,1,248.389,122.728,848.4209,3
2022,"167",1,15.128,"Enil",1,"pinta",3.7,21.122,3.7,"Enil",0.716220054919042,1,248.389,122.728,848.4209,3
2022,"167",2,15.125,"Enil",1,"pinta",3.6,21.122,3.6,"Enil",0.716078022914497,1,248.389,122.728,848.4209,3
2022,"167",2,15.125,"Enil",1,"pinta",3.6,21.122,3.6,"Enil",0.716078022914497,1,248.389,122.728,848.4209,3
2022,"167",2,15.125,"Enil",1,"pinta",3.6,21.122,3.6,"Enil",0.716078022914497,1,248.389,122.728,848.4209,3
2022,"167",3,15.518,"Enil",1,"pinta",3.6,21.122,3.6,"Enil",0.734684215509895,1,248.389,122.728,848.4209,3
2022,"167",3,15.518,"Enil",1,"pinta",3.6,21.122,3.6,"Enil",0.734684215509895,1,248.389,122.728,848.4209,3
2022,"167",3,15.518,"Enil",1,"pinta",3.6,21.122,3.6,"Enil",0.734684215509895,1,248.389,122.728,848.4209,3
2022,"167",4,9.533,"Mmbra",1,"kolo",2,21.122,2.5,"Myotis",0.451330366442572,0.8,248.389,122.728,848.4209,3
2022,"167",4,9.533,"Mmbra",1,"kolo",2,21.122,2.5,"Myotis",0.451330366442572,0.8,248.389,122.728,848.4209,3
2022,"167",4,9.533,"Mmbra",1,"kolo",2,21.122,2.5,"Myotis",0.451330366442572,0.8,248.389,122.728,848.4209,3
2022,"173",1,10.249,"Enil",1,"pinta",1,11.247,2,"Enil",0.911265226282564,0.5,37.908,53.56,75.816,1
2022,"173",1,10.249,"Enil",1,"pinta",1,11.247,2,"Enil",0.911265226282564,0.5,37.908,53.56,75.816,1
2022,"173",1,10.249,"Enil",1,"pinta",1,11.247,2,"Enil",0.911265226282564,0.5,37.908,53.56,75.816,1
2022,"28-172",1,6.631,"Enil",1,NA,2,11.529,2,"Enil",0.575158296469772,1,38.186,54.052,76.372,1
2022,"28-172",1,6.631,"Enil",1,NA,2,11.529,2,"Enil",0.575158296469772,1,38.186,54.052,76.372,1
2022,"28-172",1,6.631,"Enil",1,NA,2,11.529,2,"Enil",0.575158296469772,1,38.186,54.052,76.372,1
2022,"28-172",2,5.72,"Enil",1,NA,2,11.529,2,"Enil",0.496140168271316,1,38.186,54.052,76.372,1
2022,"28-172",2,5.72,"Enil",1,NA,2,11.529,2,"Enil",0.496140168271316,1,38.186,54.052,76.372,1
2022,"28-172",2,5.72,"Enil",1,NA,2,11.529,2,"Enil",0.496140168271316,1,38.186,54.052,76.372,1
2022,"38",1,7.408,"Enil",1,"pinta",1.8,14.835,2.2,"Enil",0.499359622514324,0.818181818181818,26.275,33.583,52.55,1
2022,"38",1,7.408,"Enil",1,"pinta",1.8,14.835,2.2,"Enil",0.499359622514324,0.818181818181818,26.275,33.583,52.55,1
2022,"38",1,7.408,"Enil",1,"pinta",1.8,14.835,2.2,"Enil",0.499359622514324,0.818181818181818,26.275,33.583,52.55,1
2022,"38",2,6.675,"Enil",1,"kolo",2.2,14.835,2.2,"Enil",0.44994944388271,1,26.275,33.583,52.55,1
2022,"38",2,6.675,"Enil",1,"kolo",2.2,14.835,2.2,"Enil",0.44994944388271,1,26.275,33.583,52.55,1
2022,"38",2,6.675,"Enil",1,"kolo",2.2,14.835,2.2,"Enil",0.44994944388271,1,26.275,33.583,52.55,1
2022,"38",2,6.675,"Enil",1,"kolo",2.2,14.835,2.2,"Enil",0.44994944388271,1,26.275,33.583,52.55,1
2022,"38",2,6.675,"Enil",1,"kolo",2.2,14.835,2.2,"Enil",0.44994944388271,1,26.275,33.583,52.55,1
2022,"38",2,6.675,"Enil",1,"kolo",2.2,14.835,2.2,"Enil",0.44994944388271,1,26.275,33.583,52.55,1
2022,"38",3,5.951,"Enil",1,"pinta",2.15,14.835,2.2,"Enil",0.401145938658578,0.977272727272727,26.275,33.583,52.55,1
2022,"38",3,5.951,"Enil",1,"pinta",2.15,14.835,2.2,"Enil",0.401145938658578,0.977272727272727,26.275,33.583,52.55,1
2022,"38",3,5.951,"Enil",1,"pinta",2.15,14.835,2.2,"Enil",0.401145938658578,0.977272727272727,26.275,33.583,52.55,1
2022,"38",4,6.149,"Enil",1,"kolo",2.2,14.835,4.3,"Enil",0.414492753623188,0.511627906976744,26.275,33.583,52.55,1
2022,"38",4,6.149,"Enil",1,"kolo",2.2,14.835,4.3,"Enil",0.414492753623188,0.511627906976744,26.275,33.583,52.55,1
2022,"38",4,6.149,"Enil",1,"kolo",2.2,14.835,4.3,"Enil",0.414492753623188,0.511627906976744,26.275,33.583,52.55,1
2022,"38",4,6.149,"Enil",1,"kolo",2.2,14.835,4.3,"Enil",0.414492753623188,0.511627906976744,26.275,33.583,52.55,1
2022,"38",4,6.149,"Enil",1,"kolo",2.2,14.835,4.3,"Enil",0.414492753623188,0.511627906976744,26.275,33.583,52.55,1
2022,"38",4,6.149,"Enil",1,"kolo",2.2,14.835,4.3,"Enil",0.414492753623188,0.511627906976744,26.275,33.583,52.55,1
2022,"38",4,6.149,"Enil",1,"kolo",2.2,14.835,4.3,"Enil",0.414492753623188,0.511627906976744,26.275,33.583,52.55,1
2022,"38",4,6.149,"Enil",1,"kolo",2.2,14.835,4.3,"Enil",0.414492753623188,0.511627906976744,26.275,33.583,52.55,1
2022,"38",4,6.149,"Enil",1,"kolo",2.2,14.835,4.3,"Enil",0.414492753623188,0.511627906976744,26.275,33.583,52.55,1
2022,"38",5,6.498,"Enil",1,"pinta",1,14.835,2.2,"Enil",0.438018200202224,0.454545454545455,26.275,33.583,52.55,1
2022,"38",5,6.498,"Enil",1,"pinta",1,14.835,2.2,"Enil",0.438018200202224,0.454545454545455,26.275,33.583,52.55,1
2022,"38",5,6.498,"Enil",1,"pinta",1,14.835,2.2,"Enil",0.438018200202224,0.454545454545455,26.275,33.583,52.55,1
2023,"17",1,3.137,"Enil",1,"kolo",2.2,20.022,2.2,"Enil",0.156677654579962,1,192.665,116.888,589.5532,3
2023,"17",1,3.137,"Enil",1,"kolo",2.2,20.022,2.2,"Enil",0.156677654579962,1,192.665,116.888,589.5532,3
2023,"17",1,3.137,"Enil",1,"kolo",2.2,20.022,2.2,"Enil",0.156677654579962,1,192.665,116.888,589.5532,3
2023,"17",2,6.049,"Enil",1,"kolo",1.8,20.022,2.8,"Enil",0.302117670562381,0.642857142857143,192.665,116.888,589.5532,3
2023,"17",2,6.049,"Enil",1,"kolo",1.8,20.022,2.8,"Enil",0.302117670562381,0.642857142857143,192.665,116.888,589.5532,3
2023,"17",2,6.049,"Enil",1,"kolo",1.8,20.022,2.8,"Enil",0.302117670562381,0.642857142857143,192.665,116.888,589.5532,3
2023,"17",3,4.504,"Paur",1,"kolo",2.8,20.022,2.8,"Paur",0.224952552192588,1,192.665,116.888,589.5532,3
2023,"17",3,4.504,"Paur",1,"kolo",2.8,20.022,2.8,"Paur",0.224952552192588,1,192.665,116.888,589.5532,3
2023,"17",3,4.504,"Paur",1,"kolo",2.8,20.022,2.8,"Paur",0.224952552192588,1,192.665,116.888,589.5532,3
2023,"17",4,14.704,"Mmbra",1,"kolo",3.2,20.022,3.2,"Myotis",0.734392168614524,1,192.665,116.888,589.5532,3
2023,"17",4,14.704,"Mmbra",1,"kolo",3.2,20.022,3.2,"Myotis",0.734392168614524,1,192.665,116.888,589.5532,3
2023,"17",4,14.704,"Mmbra",1,"kolo",3.2,20.022,3.2,"Myotis",0.734392168614524,1,192.665,116.888,589.5532,3
2023,"17",5,5.737,"Myotis",1,"kolo",2.8,20.022,2.8,"Myotis",0.286534811707122,1,192.665,116.888,589.5532,3
2023,"17",5,5.737,"Myotis",1,"kolo",2.8,20.022,2.8,"Myotis",0.286534811707122,1,192.665,116.888,589.5532,3
2023,"17",5,5.737,"Myotis",1,"kolo",2.8,20.022,2.8,"Myotis",0.286534811707122,1,192.665,116.888,589.5532,3
2023,"82",1,2.018,"Enil",1,"pinta",1.3,10.897,1.9,"Enil",0.185188584013949,0.684210526315789,43.211,55.143,82.1009,1
2023,"82",1,2.018,"Enil",1,"pinta",1.3,10.897,1.9,"Enil",0.185188584013949,0.684210526315789,43.211,55.143,82.1009,1
2023,"82",1,2.018,"Enil",1,"pinta",1.3,10.897,1.9,"Enil",0.185188584013949,0.684210526315789,43.211,55.143,82.1009,1
2023,"82",2,3.208,"Enil",1,"pinta",1.8,10.897,1.9,"Enil",0.294392952188676,0.947368421052632,43.211,55.143,82.1009,1
2023,"82",2,3.208,"Enil",1,"pinta",1.8,10.897,1.9,"Enil",0.294392952188676,0.947368421052632,43.211,55.143,82.1009,1
2023,"82",2,3.208,"Enil",1,"pinta",1.8,10.897,1.9,"Enil",0.294392952188676,0.947368421052632,43.211,55.143,82.1009,1
2023,"82",3,4.787,"Enil",1,"pinta",1.5,10.897,1.9,"Enil",0.439295218867578,0.789473684210526,43.211,55.143,82.1009,1
2023,"82",3,4.787,"Enil",1,"pinta",1.5,10.897,1.9,"Enil",0.439295218867578,0.789473684210526,43.211,55.143,82.1009,1
2023,"82",3,4.787,"Enil",1,"pinta",1.5,10.897,1.9,"Enil",0.439295218867578,0.789473684210526,43.211,55.143,82.1009,1
2023,"83",1,3.767,"Enil",1,"pinta",2.1,8.101,2.1,"Enil",0.465004320454265,1,26.195,35.122,55.0095,1
2023,"83",1,3.767,"Enil",1,"pinta",2.1,8.101,2.1,"Enil",0.465004320454265,1,26.195,35.122,55.0095,1
2023,"83",1,3.767,"Enil",1,"pinta",2.1,8.101,2.1,"Enil",0.465004320454265,1,26.195,35.122,55.0095,1
2023,"83",2,5.776,"Enil",1,"pinta",2.1,8.101,2.1,"Enil",0.712998395259844,1,26.195,35.122,55.0095,1
2023,"83",2,5.776,"Enil",1,"pinta",2.1,8.101,2.1,"Enil",0.712998395259844,1,26.195,35.122,55.0095,1
2023,"83",2,5.776,"Enil",1,"pinta",2.1,8.101,2.1,"Enil",0.712998395259844,1,26.195,35.122,55.0095,1
2023,"83",3,2.441,"Enil",1,"pinta",2.1,8.101,2.1,"Enil",0.301320824589557,1,26.195,35.122,55.0095,1
2023,"83",3,2.441,"Enil",1,"pinta",2.1,8.101,2.1,"Enil",0.301320824589557,1,26.195,35.122,55.0095,1
2023,"83",3,2.441,"Enil",1,"pinta",2.1,8.101,2.1,"Enil",0.301320824589557,1,26.195,35.122,55.0095,1
2023,"83",4,7.093,"Enil",1,"pinta",2.1,8.101,2.1,"Enil",0.87557091717072,1,26.195,35.122,55.0095,1
2023,"83",4,7.093,"Enil",1,"pinta",2.1,8.101,2.1,"Enil",0.87557091717072,1,26.195,35.122,55.0095,1
2023,"83",4,7.093,"Enil",1,"pinta",2.1,8.101,2.1,"Enil",0.87557091717072,1,26.195,35.122,55.0095,1
2023,"160",1,13.245,"Mdau",1,"kolo",2,26.684,2.8,"Myotis",0.496364862839154,0.714285714285714,103.377,93.452,294.504,3
2023,"160",1,13.245,"Mdau",1,"kolo",2,26.684,2.8,"Myotis",0.496364862839154,0.714285714285714,103.377,93.452,294.504,3
2023,"160",1,13.245,"Mdau",1,"kolo",2,26.684,2.8,"Myotis",0.496364862839154,0.714285714285714,103.377,93.452,294.504,3
2023,"160",2,12.11,"Mdau",1,"kolo",2.8,26.684,2.8,"Myotis",0.453830010493179,1,103.377,93.452,294.504,3
2023,"160",2,12.11,"Mdau",1,"kolo",2.8,26.684,2.8,"Myotis",0.453830010493179,1,103.377,93.452,294.504,3
2023,"160",2,12.11,"Mdau",1,"kolo",2.8,26.684,2.8,"Myotis",0.453830010493179,1,103.377,93.452,294.504,3
2023,"160",3,14.117,"Mdau",1,"pinta",2.8,26.684,2.8,"Myotis",0.52904362164593,1,103.377,93.452,294.504,3
2023,"160",3,14.117,"Mdau",1,"pinta",2.8,26.684,2.8,"Myotis",0.52904362164593,1,103.377,93.452,294.504,3
2023,"160",3,14.117,"Mdau",1,"pinta",2.8,26.684,2.8,"Myotis",0.52904362164593,1,103.377,93.452,294.504,3
2023,"160",4,14.862,"Mmbra",1,"pinta",2.8,26.684,2.8,"Myotis",0.556962974066857,1,103.377,93.452,294.504,3
2023,"160",4,14.862,"Mmbra",1,"pinta",2.8,26.684,2.8,"Myotis",0.556962974066857,1,103.377,93.452,294.504,3
2023,"160",4,14.862,"Mmbra",1,"pinta",2.8,26.684,2.8,"Myotis",0.556962974066857,1,103.377,93.452,294.504,3
2023,"160",4,14.862,"Mmbra",1,"pinta",2.8,26.684,2.8,"Myotis",0.556962974066857,1,103.377,93.452,294.504,3
2023,"160",4,14.862,"Mmbra",1,"pinta",2.8,26.684,2.8,"Myotis",0.556962974066857,1,103.377,93.452,294.504,3
2023,"160",4,14.862,"Mmbra",1,"pinta",2.8,26.684,2.8,"Myotis",0.556962974066857,1,103.377,93.452,294.504,3
2023,"160",4,14.862,"Mmbra",1,"pinta",2.8,26.684,2.8,"Myotis",0.556962974066857,1,103.377,93.452,294.504,3
2023,"160",4,14.862,"Mmbra",1,"pinta",2.8,26.684,2.8,"Myotis",0.556962974066857,1,103.377,93.452,294.504,3
2023,"160",4,14.862,"Mmbra",1,"pinta",2.8,26.684,2.8,"Myotis",0.556962974066857,1,103.377,93.452,294.504,3
2023,"160",4,14.862,"Mmbra",1,"pinta",2.8,26.684,2.8,"Myotis",0.556962974066857,1,103.377,93.452,294.504,3
2023,"160",4,14.862,"Mmbra",1,"pinta",2.8,26.684,2.8,"Myotis",0.556962974066857,1,103.377,93.452,294.504,3
2023,"160",4,14.862,"Mmbra",1,"pinta",2.8,26.684,2.8,"Myotis",0.556962974066857,1,103.377,93.452,294.504,3
2023,"160",4,14.862,"Mmbra",1,"pinta",2.8,26.684,2.8,"Myotis",0.556962974066857,1,103.377,93.452,294.504,3
2023,"160",4,14.862,"Mmbra",1,"pinta",2.8,26.684,2.8,"Myotis",0.556962974066857,1,103.377,93.452,294.504,3
2023,"160",4,14.862,"Mmbra",1,"pinta",2.8,26.684,2.8,"Myotis",0.556962974066857,1,103.377,93.452,294.504,3
2023,"160",4,14.862,"Mmbra",1,"pinta",2.8,26.684,2.8,"Myotis",0.556962974066857,1,103.377,93.452,294.504,3
2023,"160",4,14.862,"Mmbra",1,"pinta",2.8,26.684,2.8,"Myotis",0.556962974066857,1,103.377,93.452,294.504,3
2023,"160",4,14.862,"Mmbra",1,"pinta",2.8,26.684,2.8,"Myotis",0.556962974066857,1,103.377,93.452,294.504,3
2023,"160",5,15.155,"Mdau",1,"pinta",2.8,26.684,2.8,"Myotis",0.56794333683106,1,103.377,93.452,294.504,3
2023,"160",5,15.155,"Mdau",1,"pinta",2.8,26.684,2.8,"Myotis",0.56794333683106,1,103.377,93.452,294.504,3
2023,"160",5,15.155,"Mdau",1,"pinta",2.8,26.684,2.8,"Myotis",0.56794333683106,1,103.377,93.452,294.504,3
2023,"160",6,16.384,"Mmbra",1,"pinta",2.8,26.684,2.8,"Myotis",0.61400089941538,1,103.377,93.452,294.504,3
2023,"160",6,16.384,"Mmbra",1,"pinta",2.8,26.684,2.8,"Myotis",0.61400089941538,1,103.377,93.452,294.504,3
2023,"160",6,16.384,"Mmbra",1,"pinta",2.8,26.684,2.8,"Myotis",0.61400089941538,1,103.377,93.452,294.504,3
2023,"160",7,18.245,"Enil",1,"pinta",2.8,26.684,2.8,"Enil",0.683743067006446,1,103.377,93.452,294.504,3
2023,"160",7,18.245,"Enil",1,"pinta",2.8,26.684,2.8,"Enil",0.683743067006446,1,103.377,93.452,294.504,3
2023,"160",7,18.245,"Enil",1,"pinta",2.8,26.684,2.8,"Enil",0.683743067006446,1,103.377,93.452,294.504,3
2023,"160",8,18.129,"Mmbra",1,"pinta",2.8,26.684,2.8,"Myotis",0.679395892669765,1,103.377,93.452,294.504,3
2023,"160",8,18.129,"Mmbra",1,"pinta",2.8,26.684,2.8,"Myotis",0.679395892669765,1,103.377,93.452,294.504,3
2023,"160",8,18.129,"Mmbra",1,"pinta",2.8,26.684,2.8,"Myotis",0.679395892669765,1,103.377,93.452,294.504,3
2023,"160",9,18.037,"Mmbra",1,"pinta",2.8,26.684,2.8,"Myotis",0.675948133713086,1,103.377,93.452,294.504,3
2023,"160",9,18.037,"Mmbra",1,"pinta",2.8,26.684,2.8,"Myotis",0.675948133713086,1,103.377,93.452,294.504,3
2023,"160",9,18.037,"Mmbra",1,"pinta",2.8,26.684,2.8,"Myotis",0.675948133713086,1,103.377,93.452,294.504,3
2023,"160",9,18.037,"Mmbra",1,"pinta",2.8,26.684,2.8,"Myotis",0.675948133713086,1,103.377,93.452,294.504,3
2023,"160",9,18.037,"Mmbra",1,"pinta",2.8,26.684,2.8,"Myotis",0.675948133713086,1,103.377,93.452,294.504,3
2023,"160",9,18.037,"Mmbra",1,"pinta",2.8,26.684,2.8,"Myotis",0.675948133713086,1,103.377,93.452,294.504,3
2023,"160",9,18.037,"Mmbra",1,"pinta",2.8,26.684,2.8,"Myotis",0.675948133713086,1,103.377,93.452,294.504,3
2023,"160",9,18.037,"Mmbra",1,"pinta",2.8,26.684,2.8,"Myotis",0.675948133713086,1,103.377,93.452,294.504,3
2023,"160",9,18.037,"Mmbra",1,"pinta",2.8,26.684,2.8,"Myotis",0.675948133713086,1,103.377,93.452,294.504,3
2023,"160",9,18.037,"Mmbra",1,"pinta",2.8,26.684,2.8,"Myotis",0.675948133713086,1,103.377,93.452,294.504,3
2023,"160",9,18.037,"Mmbra",1,"pinta",2.8,26.684,2.8,"Myotis",0.675948133713086,1,103.377,93.452,294.504,3
2023,"160",9,18.037,"Mmbra",1,"pinta",2.8,26.684,2.8,"Myotis",0.675948133713086,1,103.377,93.452,294.504,3
2023,"160",10,18.978,"Mmbra",1,"pinta",3.3,26.684,3.3,"Myotis",0.711212711737371,1,103.377,93.452,294.504,3
2023,"160",10,18.978,"Mmbra",1,"pinta",3.3,26.684,3.3,"Myotis",0.711212711737371,1,103.377,93.452,294.504,3
2023,"160",10,18.978,"Mmbra",1,"pinta",3.3,26.684,3.3,"Myotis",0.711212711737371,1,103.377,93.452,294.504,3
2023,"160",10,18.978,"Mmbra",1,"pinta",3.3,26.684,3.3,"Myotis",0.711212711737371,1,103.377,93.452,294.504,3
2023,"160",10,18.978,"Mmbra",1,"pinta",3.3,26.684,3.3,"Myotis",0.711212711737371,1,103.377,93.452,294.504,3
2023,"160",10,18.978,"Mmbra",1,"pinta",3.3,26.684,3.3,"Myotis",0.711212711737371,1,103.377,93.452,294.504,3
2023,"160",10,18.978,"Mmbra",1,"pinta",3.3,26.684,3.3,"Myotis",0.711212711737371,1,103.377,93.452,294.504,3
2023,"160",10,18.978,"Mmbra",1,"pinta",3.3,26.684,3.3,"Myotis",0.711212711737371,1,103.377,93.452,294.504,3
2023,"160",10,18.978,"Mmbra",1,"pinta",3.3,26.684,3.3,"Myotis",0.711212711737371,1,103.377,93.452,294.504,3
2023,"160",10,18.978,"Mmbra",1,"pinta",3.3,26.684,3.3,"Myotis",0.711212711737371,1,103.377,93.452,294.504,3
2023,"160",10,18.978,"Mmbra",1,"pinta",3.3,26.684,3.3,"Myotis",0.711212711737371,1,103.377,93.452,294.504,3
2023,"160",10,18.978,"Mmbra",1,"pinta",3.3,26.684,3.3,"Myotis",0.711212711737371,1,103.377,93.452,294.504,3
2023,"160",10,18.978,"Mmbra",1,"pinta",3.3,26.684,3.3,"Myotis",0.711212711737371,1,103.377,93.452,294.504,3
2023,"160",10,18.978,"Mmbra",1,"pinta",3.3,26.684,3.3,"Myotis",0.711212711737371,1,103.377,93.452,294.504,3
2023,"160",10,18.978,"Mmbra",1,"pinta",3.3,26.684,3.3,"Myotis",0.711212711737371,1,103.377,93.452,294.504,3
2023,"160",10,18.978,"Mmbra",1,"pinta",3.3,26.684,3.3,"Myotis",0.711212711737371,1,103.377,93.452,294.504,3
2023,"160",10,18.978,"Mmbra",1,"pinta",3.3,26.684,3.3,"Myotis",0.711212711737371,1,103.377,93.452,294.504,3
2023,"160",10,18.978,"Mmbra",1,"pinta",3.3,26.684,3.3,"Myotis",0.711212711737371,1,103.377,93.452,294.504,3
2023,"160",10,18.978,"Mmbra",1,"pinta",3.3,26.684,3.3,"Myotis",0.711212711737371,1,103.377,93.452,294.504,3
2023,"160",10,18.978,"Mmbra",1,"pinta",3.3,26.684,3.3,"Myotis",0.711212711737371,1,103.377,93.452,294.504,3
2023,"160",10,18.978,"Mmbra",1,"pinta",3.3,26.684,3.3,"Myotis",0.711212711737371,1,103.377,93.452,294.504,3
2023,"160",11,22.089,"Mmbra",1,"pinta",3.3,26.684,3.3,"Myotis",0.827799430370259,1,103.377,93.452,294.504,3
2023,"160",11,22.089,"Mmbra",1,"pinta",3.3,26.684,3.3,"Myotis",0.827799430370259,1,103.377,93.452,294.504,3
2023,"160",11,22.089,"Mmbra",1,"pinta",3.3,26.684,3.3,"Myotis",0.827799430370259,1,103.377,93.452,294.504,3
2023,"160",11,22.089,"Mmbra",1,"pinta",3.3,26.684,3.3,"Myotis",0.827799430370259,1,103.377,93.452,294.504,3
2023,"160",11,22.089,"Mmbra",1,"pinta",3.3,26.684,3.3,"Myotis",0.827799430370259,1,103.377,93.452,294.504,3
2023,"160",11,22.089,"Mmbra",1,"pinta",3.3,26.684,3.3,"Myotis",0.827799430370259,1,103.377,93.452,294.504,3
2023,"160",11,22.089,"Mmbra",1,"pinta",3.3,26.684,3.3,"Myotis",0.827799430370259,1,103.377,93.452,294.504,3
2023,"160",11,22.089,"Mmbra",1,"pinta",3.3,26.684,3.3,"Myotis",0.827799430370259,1,103.377,93.452,294.504,3
2023,"160",11,22.089,"Mmbra",1,"pinta",3.3,26.684,3.3,"Myotis",0.827799430370259,1,103.377,93.452,294.504,3
2023,"160",12,23.307,"Mdau",1,"pinta",3.3,26.684,3.3,"Myotis",0.873444760905411,1,103.377,93.452,294.504,3
2023,"160",12,23.307,"Mdau",1,"pinta",3.3,26.684,3.3,"Myotis",0.873444760905411,1,103.377,93.452,294.504,3
2023,"160",12,23.307,"Mdau",1,"pinta",3.3,26.684,3.3,"Myotis",0.873444760905411,1,103.377,93.452,294.504,3
2023,"160",13,23.174,"Mmbra",1,"pinta",3.3,26.684,3.3,"Myotis",0.868460500674561,1,103.377,93.452,294.504,3
2023,"160",13,23.174,"Mmbra",1,"pinta",3.3,26.684,3.3,"Myotis",0.868460500674561,1,103.377,93.452,294.504,3
2023,"160",13,23.174,"Mmbra",1,"pinta",3.3,26.684,3.3,"Myotis",0.868460500674561,1,103.377,93.452,294.504,3
2023,"160",13,23.174,"Mmbra",1,"pinta",3.3,26.684,3.3,"Myotis",0.868460500674561,1,103.377,93.452,294.504,3
2023,"160",13,23.174,"Mmbra",1,"pinta",3.3,26.684,3.3,"Myotis",0.868460500674561,1,103.377,93.452,294.504,3
2023,"160",13,23.174,"Mmbra",1,"pinta",3.3,26.684,3.3,"Myotis",0.868460500674561,1,103.377,93.452,294.504,3
2023,"160",13,23.174,"Mmbra",1,"pinta",3.3,26.684,3.3,"Myotis",0.868460500674561,1,103.377,93.452,294.504,3
2023,"160",13,23.174,"Mmbra",1,"pinta",3.3,26.684,3.3,"Myotis",0.868460500674561,1,103.377,93.452,294.504,3
2023,"160",13,23.174,"Mmbra",1,"pinta",3.3,26.684,3.3,"Myotis",0.868460500674561,1,103.377,93.452,294.504,3
2023,"160",14,24.779,"Mmbra",1,"pinta",3.3,26.684,3.3,"Myotis",0.928608904212262,1,103.377,93.452,294.504,3
2023,"160",14,24.779,"Mmbra",1,"pinta",3.3,26.684,3.3,"Myotis",0.928608904212262,1,103.377,93.452,294.504,3
2023,"160",14,24.779,"Mmbra",1,"pinta",3.3,26.684,3.3,"Myotis",0.928608904212262,1,103.377,93.452,294.504,3
2023,"160",15,25.038,"Mmbra",1,"pinta",3.3,26.684,3.3,"Myotis",0.938315095188128,1,103.377,93.452,294.504,3
2023,"160",15,25.038,"Mmbra",1,"pinta",3.3,26.684,3.3,"Myotis",0.938315095188128,1,103.377,93.452,294.504,3
2023,"160",15,25.038,"Mmbra",1,"pinta",3.3,26.684,3.3,"Myotis",0.938315095188128,1,103.377,93.452,294.504,3
2023,"160",16,26.437,"Paur",1,"kolo",3.3,26.684,3.3,"Paur",0.990743516714136,1,103.377,93.452,294.504,3
2023,"160",16,26.437,"Paur",1,"kolo",3.3,26.684,3.3,"Paur",0.990743516714136,1,103.377,93.452,294.504,3
2023,"160",16,26.437,"Paur",1,"kolo",3.3,26.684,3.3,"Paur",0.990743516714136,1,103.377,93.452,294.504,3
2023,"160",17,26.289,"Mmbra",1,"pinta",3.3,26.684,3.3,"Myotis",0.985197121870784,1,103.377,93.452,294.504,3
2023,"160",17,26.289,"Mmbra",1,"pinta",3.3,26.684,3.3,"Myotis",0.985197121870784,1,103.377,93.452,294.504,3
2023,"160",17,26.289,"Mmbra",1,"pinta",3.3,26.684,3.3,"Myotis",0.985197121870784,1,103.377,93.452,294.504,3
2023,"160",18,12.242,"Mmbra",1,"kolo",2.8,26.684,2.8,"Myotis",0.458776795083196,1,103.377,93.452,294.504,3
2023,"160",18,12.242,"Mmbra",1,"kolo",2.8,26.684,2.8,"Myotis",0.458776795083196,1,103.377,93.452,294.504,3
2023,"160",18,12.242,"Mmbra",1,"kolo",2.8,26.684,2.8,"Myotis",0.458776795083196,1,103.377,93.452,294.504,3
2023,"160",18,12.242,"Mmbra",1,"kolo",2.8,26.684,2.8,"Myotis",0.458776795083196,1,103.377,93.452,294.504,3
2023,"160",18,12.242,"Mmbra",1,"kolo",2.8,26.684,2.8,"Myotis",0.458776795083196,1,103.377,93.452,294.504,3
2023,"160",18,12.242,"Mmbra",1,"kolo",2.8,26.684,2.8,"Myotis",0.458776795083196,1,103.377,93.452,294.504,3
2023,"160",18,12.242,"Mmbra",1,"kolo",2.8,26.684,2.8,"Myotis",0.458776795083196,1,103.377,93.452,294.504,3
2023,"160",18,12.242,"Mmbra",1,"kolo",2.8,26.684,2.8,"Myotis",0.458776795083196,1,103.377,93.452,294.504,3
2023,"160",18,12.242,"Mmbra",1,"kolo",2.8,26.684,2.8,"Myotis",0.458776795083196,1,103.377,93.452,294.504,3
2023,"160",18,12.242,"Mmbra",1,"kolo",2.8,26.684,2.8,"Myotis",0.458776795083196,1,103.377,93.452,294.504,3
2023,"160",18,12.242,"Mmbra",1,"kolo",2.8,26.684,2.8,"Myotis",0.458776795083196,1,103.377,93.452,294.504,3
2023,"160",18,12.242,"Mmbra",1,"kolo",2.8,26.684,2.8,"Myotis",0.458776795083196,1,103.377,93.452,294.504,3
2023,"160",18,12.242,"Mmbra",1,"kolo",2.8,26.684,2.8,"Myotis",0.458776795083196,1,103.377,93.452,294.504,3
2023,"160",18,12.242,"Mmbra",1,"kolo",2.8,26.684,2.8,"Myotis",0.458776795083196,1,103.377,93.452,294.504,3
2023,"160",18,12.242,"Mmbra",1,"kolo",2.8,26.684,2.8,"Myotis",0.458776795083196,1,103.377,93.452,294.504,3
2023,"160",18,12.242,"Mmbra",1,"kolo",2.8,26.684,2.8,"Myotis",0.458776795083196,1,103.377,93.452,294.504,3
2023,"160",18,12.242,"Mmbra",1,"kolo",2.8,26.684,2.8,"Myotis",0.458776795083196,1,103.377,93.452,294.504,3
2023,"160",18,12.242,"Mmbra",1,"kolo",2.8,26.684,2.8,"Myotis",0.458776795083196,1,103.377,93.452,294.504,3
2023,"160",18,12.242,"Mmbra",1,"kolo",2.8,26.684,2.8,"Myotis",0.458776795083196,1,103.377,93.452,294.504,3
2023,"160",18,12.242,"Mmbra",1,"kolo",2.8,26.684,2.8,"Myotis",0.458776795083196,1,103.377,93.452,294.504,3
2023,"160",18,12.242,"Mmbra",1,"kolo",2.8,26.684,2.8,"Myotis",0.458776795083196,1,103.377,93.452,294.504,3
2023,"160",18,12.242,"Mmbra",1,"kolo",2.8,26.684,2.8,"Myotis",0.458776795083196,1,103.377,93.452,294.504,3
2023,"160",18,12.242,"Mmbra",1,"kolo",2.8,26.684,2.8,"Myotis",0.458776795083196,1,103.377,93.452,294.504,3
2023,"160",18,12.242,"Mmbra",1,"kolo",2.8,26.684,2.8,"Myotis",0.458776795083196,1,103.377,93.452,294.504,3
2023,"160",18,12.242,"Mmbra",1,"kolo",2.8,26.684,2.8,"Myotis",0.458776795083196,1,103.377,93.452,294.504,3
2023,"160",18,12.242,"Mmbra",1,"kolo",2.8,26.684,2.8,"Myotis",0.458776795083196,1,103.377,93.452,294.504,3
2023,"160",18,12.242,"Mmbra",1,"kolo",2.8,26.684,2.8,"Myotis",0.458776795083196,1,103.377,93.452,294.504,3
2023,"87",1,11.143,"Enil",1,"pinta",2,11.208,2,"Enil",0.9942005710207,1,24.631,28.62,49.262,1
2023,"87",1,11.143,"Enil",1,"pinta",2,11.208,2,"Enil",0.9942005710207,1,24.631,28.62,49.262,1
2023,"87",1,11.143,"Enil",1,"pinta",2,11.208,2,"Enil",0.9942005710207,1,24.631,28.62,49.262,1
2023,"278",1,2.597,"Enil",1,"pinta",2,12.206,2,"Enil",0.212764214320826,1,25.798,30.485,51.596,1
2023,"278",1,2.597,"Enil",1,"pinta",2,12.206,2,"Enil",0.212764214320826,1,25.798,30.485,51.596,1
2023,"278",1,2.597,"Enil",1,"pinta",2,12.206,2,"Enil",0.212764214320826,1,25.798,30.485,51.596,1
2023,"278",2,3.314,"Enil",1,"pinta",0.5,12.206,2,"Enil",0.271505816811404,0.25,25.798,30.485,51.596,1
2023,"278",2,3.314,"Enil",1,"pinta",0.5,12.206,2,"Enil",0.271505816811404,0.25,25.798,30.485,51.596,1
2023,"278",2,3.314,"Enil",1,"pinta",0.5,12.206,2,"Enil",0.271505816811404,0.25,25.798,30.485,51.596,1
2023,"278",2,3.314,"Enil",1,"pinta",0.5,12.206,2,"Enil",0.271505816811404,0.25,25.798,30.485,51.596,1
2023,"278",2,3.314,"Enil",1,"pinta",0.5,12.206,2,"Enil",0.271505816811404,0.25,25.798,30.485,51.596,1
2023,"278",2,3.314,"Enil",1,"pinta",0.5,12.206,2,"Enil",0.271505816811404,0.25,25.798,30.485,51.596,1
2023,"278",3,10.039,"Enil",1,"pinta",0.5,12.206,2,"Enil",0.822464361789284,0.25,25.798,30.485,51.596,1
2023,"278",3,10.039,"Enil",1,"pinta",0.5,12.206,2,"Enil",0.822464361789284,0.25,25.798,30.485,51.596,1
2023,"278",3,10.039,"Enil",1,"pinta",0.5,12.206,2,"Enil",0.822464361789284,0.25,25.798,30.485,51.596,1
2022,"87",1,5.74,"Enil",1,NA,2,11.208,2,"Enil",0.512134189864383,1,24.631,28.62,49.262,1
2022,"87",1,5.74,"Enil",1,NA,2,11.208,2,"Enil",0.512134189864383,1,24.631,28.62,49.262,1
2022,"87",1,5.74,"Enil",1,NA,2,11.208,2,"Enil",0.512134189864383,1,24.631,28.62,49.262,1
2022,"160",1,13.668,"Mmbra",1,"pinta",2.8,26.684,2.8,"Myotis",0.512217058911707,1,103.377,93.452,294.504,3
2022,"160",1,13.668,"Mmbra",1,"pinta",2.8,26.684,2.8,"Myotis",0.512217058911707,1,103.377,93.452,294.504,3
2022,"160",1,13.668,"Mmbra",1,"pinta",2.8,26.684,2.8,"Myotis",0.512217058911707,1,103.377,93.452,294.504,3
2022,"160",2,14.129,"Mmbra",1,"pinta",2.8,26.684,2.8,"Myotis",0.529493329335932,1,103.377,93.452,294.504,3
2022,"160",2,14.129,"Mmbra",1,"pinta",2.8,26.684,2.8,"Myotis",0.529493329335932,1,103.377,93.452,294.504,3
2022,"160",2,14.129,"Mmbra",1,"pinta",2.8,26.684,2.8,"Myotis",0.529493329335932,1,103.377,93.452,294.504,3
2022,"160",3,16.39,"Mmbra",1,"pinta",2.8,26.684,2.8,"Myotis",0.614225753260381,1,103.377,93.452,294.504,3
2022,"160",3,16.39,"Mmbra",1,"pinta",2.8,26.684,2.8,"Myotis",0.614225753260381,1,103.377,93.452,294.504,3
2022,"160",3,16.39,"Mmbra",1,"pinta",2.8,26.684,2.8,"Myotis",0.614225753260381,1,103.377,93.452,294.504,3
2022,"160",4,16.88,"Mmbra",1,"pinta",2.8,26.684,2.8,"Myotis",0.632588817268775,1,103.377,93.452,294.504,3
2022,"160",4,16.88,"Mmbra",1,"pinta",2.8,26.684,2.8,"Myotis",0.632588817268775,1,103.377,93.452,294.504,3
2022,"160",4,16.88,"Mmbra",1,"pinta",2.8,26.684,2.8,"Myotis",0.632588817268775,1,103.377,93.452,294.504,3
2022,"160",5,19.213,"Mmbra",1,"pinta",2.8,26.684,2.8,"Myotis",0.720019487333233,1,103.377,93.452,294.504,3
2022,"160",5,19.213,"Mmbra",1,"pinta",2.8,26.684,2.8,"Myotis",0.720019487333233,1,103.377,93.452,294.504,3
2022,"160",5,19.213,"Mmbra",1,"pinta",2.8,26.684,2.8,"Myotis",0.720019487333233,1,103.377,93.452,294.504,3
2022,"160",5,19.213,"Mmbra",1,"pinta",2.8,26.684,2.8,"Myotis",0.720019487333233,1,103.377,93.452,294.504,3
2022,"160",5,19.213,"Mmbra",1,"pinta",2.8,26.684,2.8,"Myotis",0.720019487333233,1,103.377,93.452,294.504,3
2022,"160",5,19.213,"Mmbra",1,"pinta",2.8,26.684,2.8,"Myotis",0.720019487333233,1,103.377,93.452,294.504,3
2022,"160",5,19.213,"Mmbra",1,"pinta",2.8,26.684,2.8,"Myotis",0.720019487333233,1,103.377,93.452,294.504,3
2022,"160",5,19.213,"Mmbra",1,"pinta",2.8,26.684,2.8,"Myotis",0.720019487333233,1,103.377,93.452,294.504,3
2022,"160",5,19.213,"Mmbra",1,"pinta",2.8,26.684,2.8,"Myotis",0.720019487333233,1,103.377,93.452,294.504,3
2022,"160",5,19.213,"Mmbra",1,"pinta",2.8,26.684,2.8,"Myotis",0.720019487333233,1,103.377,93.452,294.504,3
2022,"160",5,19.213,"Mmbra",1,"pinta",2.8,26.684,2.8,"Myotis",0.720019487333233,1,103.377,93.452,294.504,3
2022,"160",5,19.213,"Mmbra",1,"pinta",2.8,26.684,2.8,"Myotis",0.720019487333233,1,103.377,93.452,294.504,3
2022,"160",5,19.213,"Mmbra",1,"pinta",2.8,26.684,2.8,"Myotis",0.720019487333233,1,103.377,93.452,294.504,3
2022,"160",5,19.213,"Mmbra",1,"pinta",2.8,26.684,2.8,"Myotis",0.720019487333233,1,103.377,93.452,294.504,3
2022,"160",5,19.213,"Mmbra",1,"pinta",2.8,26.684,2.8,"Myotis",0.720019487333233,1,103.377,93.452,294.504,3
2022,"160",6,19.586,"Mmbra",1,"kolo",3.3,26.684,3.3,"Myotis",0.733997901364113,1,103.377,93.452,294.504,3
2022,"160",6,19.586,"Mmbra",1,"kolo",3.3,26.684,3.3,"Myotis",0.733997901364113,1,103.377,93.452,294.504,3
2022,"160",6,19.586,"Mmbra",1,"kolo",3.3,26.684,3.3,"Myotis",0.733997901364113,1,103.377,93.452,294.504,3
2022,"160",6,19.586,"Mmbra",1,"kolo",3.3,26.684,3.3,"Myotis",0.733997901364113,1,103.377,93.452,294.504,3
2022,"160",6,19.586,"Mmbra",1,"kolo",3.3,26.684,3.3,"Myotis",0.733997901364113,1,103.377,93.452,294.504,3
2022,"160",6,19.586,"Mmbra",1,"kolo",3.3,26.684,3.3,"Myotis",0.733997901364113,1,103.377,93.452,294.504,3
2022,"160",7,19.893,"Mmbra",1,"pinta",3.3,26.684,3.3,"Myotis",0.745502923099985,1,103.377,93.452,294.504,3
2022,"160",7,19.893,"Mmbra",1,"pinta",3.3,26.684,3.3,"Myotis",0.745502923099985,1,103.377,93.452,294.504,3
2022,"160",7,19.893,"Mmbra",1,"pinta",3.3,26.684,3.3,"Myotis",0.745502923099985,1,103.377,93.452,294.504,3
2022,"160",7,19.893,"Mmbra",1,"pinta",3.3,26.684,3.3,"Myotis",0.745502923099985,1,103.377,93.452,294.504,3
2022,"160",7,19.893,"Mmbra",1,"pinta",3.3,26.684,3.3,"Myotis",0.745502923099985,1,103.377,93.452,294.504,3
2022,"160",7,19.893,"Mmbra",1,"pinta",3.3,26.684,3.3,"Myotis",0.745502923099985,1,103.377,93.452,294.504,3
2022,"160",8,22.578,"Mmbra",1,"pinta",3.3,26.684,3.3,"Myotis",0.84612501873782,1,103.377,93.452,294.504,3
2022,"160",8,22.578,"Mmbra",1,"pinta",3.3,26.684,3.3,"Myotis",0.84612501873782,1,103.377,93.452,294.504,3
2022,"160",8,22.578,"Mmbra",1,"pinta",3.3,26.684,3.3,"Myotis",0.84612501873782,1,103.377,93.452,294.504,3
2022,"160",8,22.578,"Mmbra",1,"pinta",3.3,26.684,3.3,"Myotis",0.84612501873782,1,103.377,93.452,294.504,3
2022,"160",8,22.578,"Mmbra",1,"pinta",3.3,26.684,3.3,"Myotis",0.84612501873782,1,103.377,93.452,294.504,3
2022,"160",8,22.578,"Mmbra",1,"pinta",3.3,26.684,3.3,"Myotis",0.84612501873782,1,103.377,93.452,294.504,3
2022,"160",8,22.578,"Mmbra",1,"pinta",3.3,26.684,3.3,"Myotis",0.84612501873782,1,103.377,93.452,294.504,3
2022,"160",8,22.578,"Mmbra",1,"pinta",3.3,26.684,3.3,"Myotis",0.84612501873782,1,103.377,93.452,294.504,3
2022,"160",8,22.578,"Mmbra",1,"pinta",3.3,26.684,3.3,"Myotis",0.84612501873782,1,103.377,93.452,294.504,3
2022,"160",8,22.578,"Mmbra",1,"pinta",3.3,26.684,3.3,"Myotis",0.84612501873782,1,103.377,93.452,294.504,3
2022,"160",8,22.578,"Mmbra",1,"pinta",3.3,26.684,3.3,"Myotis",0.84612501873782,1,103.377,93.452,294.504,3
2022,"160",8,22.578,"Mmbra",1,"pinta",3.3,26.684,3.3,"Myotis",0.84612501873782,1,103.377,93.452,294.504,3
2022,"160",8,22.578,"Mmbra",1,"pinta",3.3,26.684,3.3,"Myotis",0.84612501873782,1,103.377,93.452,294.504,3
2022,"160",8,22.578,"Mmbra",1,"pinta",3.3,26.684,3.3,"Myotis",0.84612501873782,1,103.377,93.452,294.504,3
2022,"160",8,22.578,"Mmbra",1,"pinta",3.3,26.684,3.3,"Myotis",0.84612501873782,1,103.377,93.452,294.504,3
2022,"160",8,22.578,"Mmbra",1,"pinta",3.3,26.684,3.3,"Myotis",0.84612501873782,1,103.377,93.452,294.504,3
2022,"160",8,22.578,"Mmbra",1,"pinta",3.3,26.684,3.3,"Myotis",0.84612501873782,1,103.377,93.452,294.504,3
2022,"160",8,22.578,"Mmbra",1,"pinta",3.3,26.684,3.3,"Myotis",0.84612501873782,1,103.377,93.452,294.504,3
2022,"160",8,22.578,"Mmbra",1,"pinta",3.3,26.684,3.3,"Myotis",0.84612501873782,1,103.377,93.452,294.504,3
2022,"160",8,22.578,"Mmbra",1,"pinta",3.3,26.684,3.3,"Myotis",0.84612501873782,1,103.377,93.452,294.504,3
2022,"160",8,22.578,"Mmbra",1,"pinta",3.3,26.684,3.3,"Myotis",0.84612501873782,1,103.377,93.452,294.504,3
2022,"160",8,22.578,"Mmbra",1,"pinta",3.3,26.684,3.3,"Myotis",0.84612501873782,1,103.377,93.452,294.504,3
2022,"160",8,22.578,"Mmbra",1,"pinta",3.3,26.684,3.3,"Myotis",0.84612501873782,1,103.377,93.452,294.504,3
2022,"160",8,22.578,"Mmbra",1,"pinta",3.3,26.684,3.3,"Myotis",0.84612501873782,1,103.377,93.452,294.504,3
2022,"160",9,23.653,"Mdau",1,"pinta",3.3,26.684,3.3,"Myotis",0.886411332633788,1,103.377,93.452,294.504,3
2022,"160",9,23.653,"Mdau",1,"pinta",3.3,26.684,3.3,"Myotis",0.886411332633788,1,103.377,93.452,294.504,3
2022,"160",9,23.653,"Mdau",1,"pinta",3.3,26.684,3.3,"Myotis",0.886411332633788,1,103.377,93.452,294.504,3
2022,"160",10,26.589,"Mmbra",1,"kolo",3.3,26.684,3.3,"Myotis",0.996439814120821,1,103.377,93.452,294.504,3
2022,"160",10,26.589,"Mmbra",1,"kolo",3.3,26.684,3.3,"Myotis",0.996439814120821,1,103.377,93.452,294.504,3
2022,"160",10,26.589,"Mmbra",1,"kolo",3.3,26.684,3.3,"Myotis",0.996439814120821,1,103.377,93.452,294.504,3
2022,"160",10,26.589,"Mmbra",1,"kolo",3.3,26.684,3.3,"Myotis",0.996439814120821,1,103.377,93.452,294.504,3
2022,"160",10,26.589,"Mmbra",1,"kolo",3.3,26.684,3.3,"Myotis",0.996439814120821,1,103.377,93.452,294.504,3
2022,"160",10,26.589,"Mmbra",1,"kolo",3.3,26.684,3.3,"Myotis",0.996439814120821,1,103.377,93.452,294.504,3
2022,"160",10,26.589,"Mmbra",1,"kolo",3.3,26.684,3.3,"Myotis",0.996439814120821,1,103.377,93.452,294.504,3
2022,"160",10,26.589,"Mmbra",1,"kolo",3.3,26.684,3.3,"Myotis",0.996439814120821,1,103.377,93.452,294.504,3
2022,"160",10,26.589,"Mmbra",1,"kolo",3.3,26.684,3.3,"Myotis",0.996439814120821,1,103.377,93.452,294.504,3
2022,"160",11,26.37,"Mmbra",1,"kolo",3.3,26.684,3.3,"Myotis",0.988232648778294,1,103.377,93.452,294.504,3
2022,"160",11,26.37,"Mmbra",1,"kolo",3.3,26.684,3.3,"Myotis",0.988232648778294,1,103.377,93.452,294.504,3
2022,"160",11,26.37,"Mmbra",1,"kolo",3.3,26.684,3.3,"Myotis",0.988232648778294,1,103.377,93.452,294.504,3
2022,"160",11,26.37,"Mmbra",1,"kolo",3.3,26.684,3.3,"Myotis",0.988232648778294,1,103.377,93.452,294.504,3
2022,"160",11,26.37,"Mmbra",1,"kolo",3.3,26.684,3.3,"Myotis",0.988232648778294,1,103.377,93.452,294.504,3
2022,"160",11,26.37,"Mmbra",1,"kolo",3.3,26.684,3.3,"Myotis",0.988232648778294,1,103.377,93.452,294.504,3
2022,"160",11,26.37,"Mmbra",1,"kolo",3.3,26.684,3.3,"Myotis",0.988232648778294,1,103.377,93.452,294.504,3
2022,"160",11,26.37,"Mmbra",1,"kolo",3.3,26.684,3.3,"Myotis",0.988232648778294,1,103.377,93.452,294.504,3
2022,"160",11,26.37,"Mmbra",1,"kolo",3.3,26.684,3.3,"Myotis",0.988232648778294,1,103.377,93.452,294.504,3
2022,"160",12,24.251,"Mmbra",1,"pinta",3.3,26.684,3.3,"Myotis",0.908821765852196,1,103.377,93.452,294.504,3
2022,"160",12,24.251,"Mmbra",1,"pinta",3.3,26.684,3.3,"Myotis",0.908821765852196,1,103.377,93.452,294.504,3
2022,"160",12,24.251,"Mmbra",1,"pinta",3.3,26.684,3.3,"Myotis",0.908821765852196,1,103.377,93.452,294.504,3
2022,"160",12,24.251,"Mmbra",1,"pinta",3.3,26.684,3.3,"Myotis",0.908821765852196,1,103.377,93.452,294.504,3
2022,"160",12,24.251,"Mmbra",1,"pinta",3.3,26.684,3.3,"Myotis",0.908821765852196,1,103.377,93.452,294.504,3
2022,"160",12,24.251,"Mmbra",1,"pinta",3.3,26.684,3.3,"Myotis",0.908821765852196,1,103.377,93.452,294.504,3
2022,"160",12,24.251,"Mmbra",1,"pinta",3.3,26.684,3.3,"Myotis",0.908821765852196,1,103.377,93.452,294.504,3
2022,"160",12,24.251,"Mmbra",1,"pinta",3.3,26.684,3.3,"Myotis",0.908821765852196,1,103.377,93.452,294.504,3
2022,"160",12,24.251,"Mmbra",1,"pinta",3.3,26.684,3.3,"Myotis",0.908821765852196,1,103.377,93.452,294.504,3
2022,"160",12,24.251,"Mmbra",1,"pinta",3.3,26.684,3.3,"Myotis",0.908821765852196,1,103.377,93.452,294.504,3
2022,"160",12,24.251,"Mmbra",1,"pinta",3.3,26.684,3.3,"Myotis",0.908821765852196,1,103.377,93.452,294.504,3
2022,"160",12,24.251,"Mmbra",1,"pinta",3.3,26.684,3.3,"Myotis",0.908821765852196,1,103.377,93.452,294.504,3
2022,"160",12,24.251,"Mmbra",1,"pinta",3.3,26.684,3.3,"Myotis",0.908821765852196,1,103.377,93.452,294.504,3
2022,"160",12,24.251,"Mmbra",1,"pinta",3.3,26.684,3.3,"Myotis",0.908821765852196,1,103.377,93.452,294.504,3
2022,"160",12,24.251,"Mmbra",1,"pinta",3.3,26.684,3.3,"Myotis",0.908821765852196,1,103.377,93.452,294.504,3
2022,"160",12,24.251,"Mmbra",1,"pinta",3.3,26.684,3.3,"Myotis",0.908821765852196,1,103.377,93.452,294.504,3
2022,"160",12,24.251,"Mmbra",1,"pinta",3.3,26.684,3.3,"Myotis",0.908821765852196,1,103.377,93.452,294.504,3
2022,"160",12,24.251,"Mmbra",1,"pinta",3.3,26.684,3.3,"Myotis",0.908821765852196,1,103.377,93.452,294.504,3
2022,"160",12,24.251,"Mmbra",1,"pinta",3.3,26.684,3.3,"Myotis",0.908821765852196,1,103.377,93.452,294.504,3
2022,"160",12,24.251,"Mmbra",1,"pinta",3.3,26.684,3.3,"Myotis",0.908821765852196,1,103.377,93.452,294.504,3
2022,"160",12,24.251,"Mmbra",1,"pinta",3.3,26.684,3.3,"Myotis",0.908821765852196,1,103.377,93.452,294.504,3
2022,"160",12,24.251,"Mmbra",1,"pinta",3.3,26.684,3.3,"Myotis",0.908821765852196,1,103.377,93.452,294.504,3
2022,"160",12,24.251,"Mmbra",1,"pinta",3.3,26.684,3.3,"Myotis",0.908821765852196,1,103.377,93.452,294.504,3
2022,"160",12,24.251,"Mmbra",1,"pinta",3.3,26.684,3.3,"Myotis",0.908821765852196,1,103.377,93.452,294.504,3
2022,"160",12,24.251,"Mmbra",1,"pinta",3.3,26.684,3.3,"Myotis",0.908821765852196,1,103.377,93.452,294.504,3
2022,"160",12,24.251,"Mmbra",1,"pinta",3.3,26.684,3.3,"Myotis",0.908821765852196,1,103.377,93.452,294.504,3
2022,"160",12,24.251,"Mmbra",1,"pinta",3.3,26.684,3.3,"Myotis",0.908821765852196,1,103.377,93.452,294.504,3
2022,"160",12,24.251,"Mmbra",1,"pinta",3.3,26.684,3.3,"Myotis",0.908821765852196,1,103.377,93.452,294.504,3
2022,"160",12,24.251,"Mmbra",1,"pinta",3.3,26.684,3.3,"Myotis",0.908821765852196,1,103.377,93.452,294.504,3
2022,"160",12,24.251,"Mmbra",1,"pinta",3.3,26.684,3.3,"Myotis",0.908821765852196,1,103.377,93.452,294.504,3
2022,"160",12,24.251,"Mmbra",1,"pinta",3.3,26.684,3.3,"Myotis",0.908821765852196,1,103.377,93.452,294.504,3
2022,"160",12,24.251,"Mmbra",1,"pinta",3.3,26.684,3.3,"Myotis",0.908821765852196,1,103.377,93.452,294.504,3
2022,"160",12,24.251,"Mmbra",1,"pinta",3.3,26.684,3.3,"Myotis",0.908821765852196,1,103.377,93.452,294.504,3
2022,"160",13,19.216,"Myotis",1,"pinta",3.3,26.684,3.3,"Myotis",0.720131914255734,1,103.377,93.452,294.504,3
2022,"160",13,19.216,"Myotis",1,"pinta",3.3,26.684,3.3,"Myotis",0.720131914255734,1,103.377,93.452,294.504,3
2022,"160",13,19.216,"Myotis",1,"pinta",3.3,26.684,3.3,"Myotis",0.720131914255734,1,103.377,93.452,294.504,3
2022,"160",14,21.211,"Mmbra",1,"pinta",3.3,26.684,3.3,"Myotis",0.794895817718483,1,103.377,93.452,294.504,3
2022,"160",14,21.211,"Mmbra",1,"pinta",3.3,26.684,3.3,"Myotis",0.794895817718483,1,103.377,93.452,294.504,3
2022,"160",14,21.211,"Mmbra",1,"pinta",3.3,26.684,3.3,"Myotis",0.794895817718483,1,103.377,93.452,294.504,3
2022,"160",15,15.046,"Mmbra",1,"pinta",2.8,26.684,2.8,"Myotis",0.563858491980213,1,103.377,93.452,294.504,3
2022,"160",15,15.046,"Mmbra",1,"pinta",2.8,26.684,2.8,"Myotis",0.563858491980213,1,103.377,93.452,294.504,3
2022,"160",15,15.046,"Mmbra",1,"pinta",2.8,26.684,2.8,"Myotis",0.563858491980213,1,103.377,93.452,294.504,3
2022,"160",16,12.884,"Enil",1,"kolo",2.8,26.684,2.8,"Enil",0.482836156498276,1,103.377,93.452,294.504,3
2022,"160",16,12.884,"Enil",1,"kolo",2.8,26.684,2.8,"Enil",0.482836156498276,1,103.377,93.452,294.504,3
2022,"160",16,12.884,"Enil",1,"kolo",2.8,26.684,2.8,"Enil",0.482836156498276,1,103.377,93.452,294.504,3
2022,"160",16,12.884,"Enil",1,"kolo",2.8,26.684,2.8,"Enil",0.482836156498276,1,103.377,93.452,294.504,3
2022,"160",16,12.884,"Enil",1,"kolo",2.8,26.684,2.8,"Enil",0.482836156498276,1,103.377,93.452,294.504,3
2022,"160",16,12.884,"Enil",1,"kolo",2.8,26.684,2.8,"Enil",0.482836156498276,1,103.377,93.452,294.504,3
2022,"160",16,12.884,"Enil",1,"kolo",2.8,26.684,2.8,"Enil",0.482836156498276,1,103.377,93.452,294.504,3
2022,"160",16,12.884,"Enil",1,"kolo",2.8,26.684,2.8,"Enil",0.482836156498276,1,103.377,93.452,294.504,3
2022,"160",16,12.884,"Enil",1,"kolo",2.8,26.684,2.8,"Enil",0.482836156498276,1,103.377,93.452,294.504,3
2022,"82",1,10.228,"Enil",1,"pinta",1.9,10.897,1.9,"Enil",0.938606956042948,1,43.211,55.143,82.1009,1
2022,"82",1,10.228,"Enil",1,"pinta",1.9,10.897,1.9,"Enil",0.938606956042948,1,43.211,55.143,82.1009,1
2022,"82",1,10.228,"Enil",1,"pinta",1.9,10.897,1.9,"Enil",0.938606956042948,1,43.211,55.143,82.1009,1
2022,"82",1,10.228,"Enil",1,"pinta",1.9,10.897,1.9,"Enil",0.938606956042948,1,43.211,55.143,82.1009,1
2022,"82",1,10.228,"Enil",1,"pinta",1.9,10.897,1.9,"Enil",0.938606956042948,1,43.211,55.143,82.1009,1
2022,"82",1,10.228,"Enil",1,"pinta",1.9,10.897,1.9,"Enil",0.938606956042948,1,43.211,55.143,82.1009,1
2022,"82",2,3.556,"Enil",1,"pinta",1.9,10.897,1.9,"Enil",0.326328347251537,1,43.211,55.143,82.1009,1
2022,"82",2,3.556,"Enil",1,"pinta",1.9,10.897,1.9,"Enil",0.326328347251537,1,43.211,55.143,82.1009,1
2022,"82",2,3.556,"Enil",1,"pinta",1.9,10.897,1.9,"Enil",0.326328347251537,1,43.211,55.143,82.1009,1
2022,"83",1,6.987,"Enil",1,"pinta",2.1,8.101,2.1,"Enil",0.862486112825577,1,26.195,35.122,55.0095,1
2022,"83",1,6.987,"Enil",1,"pinta",2.1,8.101,2.1,"Enil",0.862486112825577,1,26.195,35.122,55.0095,1
2022,"83",1,6.987,"Enil",1,"pinta",2.1,8.101,2.1,"Enil",0.862486112825577,1,26.195,35.122,55.0095,1
2023,"384",1,3.893,"Enil",1,"pinta",1,10.657,2.2,"Enil",0.36529980294642,0.454545454545455,40.625,54.586,81.25,1
2023,"384",1,3.893,"Enil",1,"pinta",1,10.657,2.2,"Enil",0.36529980294642,0.454545454545455,40.625,54.586,81.25,1
2023,"384",1,3.893,"Enil",1,"pinta",1,10.657,2.2,"Enil",0.36529980294642,0.454545454545455,40.625,54.586,81.25,1
2023,"384",2,3.266,"Enil",1,"pinta",2,10.657,2.2,"Enil",0.30646523411842,0.909090909090909,40.625,54.586,81.25,1
2023,"384",2,3.266,"Enil",1,"pinta",2,10.657,2.2,"Enil",0.30646523411842,0.909090909090909,40.625,54.586,81.25,1
2023,"384",2,3.266,"Enil",1,"pinta",2,10.657,2.2,"Enil",0.30646523411842,0.909090909090909,40.625,54.586,81.25,1
2023,"384",3,1.588,"Enil",1,"pinta",1.3,10.657,2.2,"Enil",0.149010040349066,0.590909090909091,40.625,54.586,81.25,1
2023,"384",3,1.588,"Enil",1,"pinta",1.3,10.657,2.2,"Enil",0.149010040349066,0.590909090909091,40.625,54.586,81.25,1
2023,"384",3,1.588,"Enil",1,"pinta",1.3,10.657,2.2,"Enil",0.149010040349066,0.590909090909091,40.625,54.586,81.25,1
2023,"312",1,3.318,"Enil",1,"pinta",2,10.597,2,"Enil",0.313107483249976,1,42.042,50.393,84.084,1
2023,"312",1,3.318,"Enil",1,"pinta",2,10.597,2,"Enil",0.313107483249976,1,42.042,50.393,84.084,1
2023,"312",1,3.318,"Enil",1,"pinta",2,10.597,2,"Enil",0.313107483249976,1,42.042,50.393,84.084,1
2023,"312",2,7.813,"Enil",1,"pinta",2,10.597,2,"Enil",0.737284137019911,1,42.042,50.393,84.084,1
2023,"312",2,7.813,"Enil",1,"pinta",2,10.597,2,"Enil",0.737284137019911,1,42.042,50.393,84.084,1
2023,"312",2,7.813,"Enil",1,"pinta",2,10.597,2,"Enil",0.737284137019911,1,42.042,50.393,84.084,1
2023,"312",3,10.147,"Mmbra",1,"pinta",2,10.597,2,"Myotis",0.95753515145796,1,42.042,50.393,84.084,1
2023,"312",3,10.147,"Mmbra",1,"pinta",2,10.597,2,"Myotis",0.95753515145796,1,42.042,50.393,84.084,1
2023,"312",3,10.147,"Mmbra",1,"pinta",2,10.597,2,"Myotis",0.95753515145796,1,42.042,50.393,84.084,1
2023,"304",1,5.726,"Enil",1,"pinta",1.8,9.654,2,"Enil",0.593122021959809,0.9,36.38,57.859,72.76,2
2023,"304",1,5.726,"Enil",1,"pinta",1.8,9.654,2,"Enil",0.593122021959809,0.9,36.38,57.859,72.76,2
2023,"304",1,5.726,"Enil",1,"pinta",1.8,9.654,2,"Enil",0.593122021959809,0.9,36.38,57.859,72.76,2
2023,"304",2,7.193,"Enil",1,"pinta",2,9.654,2,"Enil",0.745079759685105,1,36.38,57.859,72.76,2
2023,"304",2,7.193,"Enil",1,"pinta",2,9.654,2,"Enil",0.745079759685105,1,36.38,57.859,72.76,2
2023,"304",2,7.193,"Enil",1,"pinta",2,9.654,2,"Enil",0.745079759685105,1,36.38,57.859,72.76,2
2023,"306",1,7.344,"Enil",1,"kolo",2,8.832,2,"Enil",0.831521739130435,1,44.796,58.496,89.592,2
2023,"306",1,7.344,"Enil",1,"kolo",2,8.832,2,"Enil",0.831521739130435,1,44.796,58.496,89.592,2
2023,"306",1,7.344,"Enil",1,"kolo",2,8.832,2,"Enil",0.831521739130435,1,44.796,58.496,89.592,2
2023,"306",2,8.438,"Enil",1,"kolo",2,8.832,2,"Enil",0.955389492753623,1,44.796,58.496,89.592,2
2023,"306",2,8.438,"Enil",1,"kolo",2,8.832,2,"Enil",0.955389492753623,1,44.796,58.496,89.592,2
2023,"306",2,8.438,"Enil",1,"kolo",2,8.832,2,"Enil",0.955389492753623,1,44.796,58.496,89.592,2
2023,"352",1,3.55,"Enil",1,"kolo",0.8,7.816,2,"Enil",0.454196519959058,0.4,43.122,63.694,77.6196,3
2023,"352",1,3.55,"Enil",1,"kolo",0.8,7.816,2,"Enil",0.454196519959058,0.4,43.122,63.694,77.6196,3
2023,"352",1,3.55,"Enil",1,"kolo",0.8,7.816,2,"Enil",0.454196519959058,0.4,43.122,63.694,77.6196,3
2023,"352",2,5.005,"Enil",1,"pinta",2,7.816,2,"Enil",0.640353121801433,1,43.122,63.694,77.6196,3
2023,"352",2,5.005,"Enil",1,"pinta",2,7.816,2,"Enil",0.640353121801433,1,43.122,63.694,77.6196,3
2023,"352",2,5.005,"Enil",1,"pinta",2,7.816,2,"Enil",0.640353121801433,1,43.122,63.694,77.6196,3
2023,"314",1,6.042,"Enil",1,"pinta",1.8,12.959,2,"Enil",0.466239678987576,0.9,48.58,65.034,97.16,1
2023,"314",1,6.042,"Enil",1,"pinta",1.8,12.959,2,"Enil",0.466239678987576,0.9,48.58,65.034,97.16,1
2023,"314",1,6.042,"Enil",1,"pinta",1.8,12.959,2,"Enil",0.466239678987576,0.9,48.58,65.034,97.16,1
2023,"314",2,6.578,"Enil",1,"pinta",2,12.959,2,"Enil",0.507600895130797,1,48.58,65.034,97.16,1
2023,"314",2,6.578,"Enil",1,"pinta",2,12.959,2,"Enil",0.507600895130797,1,48.58,65.034,97.16,1
2023,"314",2,6.578,"Enil",1,"pinta",2,12.959,2,"Enil",0.507600895130797,1,48.58,65.034,97.16,1
2023,"314",2,6.578,"Enil",1,"pinta",2,12.959,2,"Enil",0.507600895130797,1,48.58,65.034,97.16,1
2023,"314",2,6.578,"Enil",1,"pinta",2,12.959,2,"Enil",0.507600895130797,1,48.58,65.034,97.16,1
2023,"314",2,6.578,"Enil",1,"pinta",2,12.959,2,"Enil",0.507600895130797,1,48.58,65.034,97.16,1
2023,"316",1,1.959,"Enil",1,"pinta",2,11.308,2,"Enil",0.173240183940573,1,76.844,92.008,153.688,2
2023,"316",1,1.959,"Enil",1,"pinta",2,11.308,2,"Enil",0.173240183940573,1,76.844,92.008,153.688,2
2023,"316",1,1.959,"Enil",1,"pinta",2,11.308,2,"Enil",0.173240183940573,1,76.844,92.008,153.688,2
2023,"316",1,1.959,"Enil",1,"pinta",2,11.308,2,"Enil",0.173240183940573,1,76.844,92.008,153.688,2
2023,"316",1,1.959,"Enil",1,"pinta",2,11.308,2,"Enil",0.173240183940573,1,76.844,92.008,153.688,2
2023,"316",1,1.959,"Enil",1,"pinta",2,11.308,2,"Enil",0.173240183940573,1,76.844,92.008,153.688,2
2023,"316",2,2.067,"Enil",1,"pinta",2,11.308,2,"Enil",0.182790944464096,1,76.844,92.008,153.688,2
2023,"316",2,2.067,"Enil",1,"pinta",2,11.308,2,"Enil",0.182790944464096,1,76.844,92.008,153.688,2
2023,"316",2,2.067,"Enil",1,"pinta",2,11.308,2,"Enil",0.182790944464096,1,76.844,92.008,153.688,2
2023,"316",3,7.287,"Enil",1,"pinta",2,11.308,2,"Enil",0.644411036434383,1,76.844,92.008,153.688,2
2023,"316",3,7.287,"Enil",1,"pinta",2,11.308,2,"Enil",0.644411036434383,1,76.844,92.008,153.688,2
2023,"316",3,7.287,"Enil",1,"pinta",2,11.308,2,"Enil",0.644411036434383,1,76.844,92.008,153.688,2
2023,"316",4,9.363,"Enil",1,"kolo",1.8,11.308,2,"Enil",0.827997877608773,0.9,76.844,92.008,153.688,2
2023,"316",4,9.363,"Enil",1,"kolo",1.8,11.308,2,"Enil",0.827997877608773,0.9,76.844,92.008,153.688,2
2023,"316",4,9.363,"Enil",1,"kolo",1.8,11.308,2,"Enil",0.827997877608773,0.9,76.844,92.008,153.688,2
2023,"308",1,7.843,"Enil",1,"pinta",0.7,10.944,2.1,"Enil",0.716648391812865,0.333333333333333,72.474,80.904,144.948,3
2023,"308",1,7.843,"Enil",1,"pinta",0.7,10.944,2.1,"Enil",0.716648391812865,0.333333333333333,72.474,80.904,144.948,3
2023,"308",1,7.843,"Enil",1,"pinta",0.7,10.944,2.1,"Enil",0.716648391812865,0.333333333333333,72.474,80.904,144.948,3
2023,"308",2,9.861,"Enil",1,"pinta",2,10.944,2.1,"Enil",0.901041666666667,0.952380952380952,72.474,80.904,144.948,3
2023,"308",2,9.861,"Enil",1,"pinta",2,10.944,2.1,"Enil",0.901041666666667,0.952380952380952,72.474,80.904,144.948,3
2023,"308",2,9.861,"Enil",1,"pinta",2,10.944,2.1,"Enil",0.901041666666667,0.952380952380952,72.474,80.904,144.948,3
2023,"308",3,5.648,"Enil",1,"pinta",2,10.944,2.1,"Enil",0.516081871345029,0.952380952380952,72.474,80.904,144.948,3
2023,"308",3,5.648,"Enil",1,"pinta",2,10.944,2.1,"Enil",0.516081871345029,0.952380952380952,72.474,80.904,144.948,3
2023,"308",3,5.648,"Enil",1,"pinta",2,10.944,2.1,"Enil",0.516081871345029,0.952380952380952,72.474,80.904,144.948,3
2023,"309",1,5.447,"Enil",1,"pinta",2,8.916,2,"Enil",0.610924181247196,1,37.953,47.839,75.906,1
2023,"309",1,5.447,"Enil",1,"pinta",2,8.916,2,"Enil",0.610924181247196,1,37.953,47.839,75.906,1
2023,"309",1,5.447,"Enil",1,"pinta",2,8.916,2,"Enil",0.610924181247196,1,37.953,47.839,75.906,1
2023,"309",2,6.357,"Enil",1,"kolo",2,8.916,2,"Enil",0.712987886944818,1,37.953,47.839,75.906,1
2023,"309",2,6.357,"Enil",1,"kolo",2,8.916,2,"Enil",0.712987886944818,1,37.953,47.839,75.906,1
2023,"309",2,6.357,"Enil",1,"kolo",2,8.916,2,"Enil",0.712987886944818,1,37.953,47.839,75.906,1
2022,"316",1,2.418,"Paur",1,NA,2,11.308,2,"Paur",0.213830916165547,1,76.844,92.008,153.688,2
2022,"316",1,2.418,"Paur",1,NA,2,11.308,2,"Paur",0.213830916165547,1,76.844,92.008,153.688,2
2022,"316",1,2.418,"Paur",1,NA,2,11.308,2,"Paur",0.213830916165547,1,76.844,92.008,153.688,2
2022,"316",2,4.598,"Mmbra",1,NA,2,11.308,2,"Myotis",0.406614785992218,1,76.844,92.008,153.688,2
2022,"316",2,4.598,"Mmbra",1,NA,2,11.308,2,"Myotis",0.406614785992218,1,76.844,92.008,153.688,2
2022,"316",2,4.598,"Mmbra",1,NA,2,11.308,2,"Myotis",0.406614785992218,1,76.844,92.008,153.688,2
2022,"316",3,9.316,"Paur",1,NA,2,11.308,2,"Paur",0.823841528121684,1,76.844,92.008,153.688,2
2022,"316",3,9.316,"Paur",1,NA,2,11.308,2,"Paur",0.823841528121684,1,76.844,92.008,153.688,2
2022,"316",3,9.316,"Paur",1,NA,2,11.308,2,"Paur",0.823841528121684,1,76.844,92.008,153.688,2
2022,"316",4,8.584,"Enil",1,NA,2,11.308,2,"Enil",0.759108595684471,1,76.844,92.008,153.688,2
2022,"316",4,8.584,"Enil",1,NA,2,11.308,2,"Enil",0.759108595684471,1,76.844,92.008,153.688,2
2022,"316",4,8.584,"Enil",1,NA,2,11.308,2,"Enil",0.759108595684471,1,76.844,92.008,153.688,2
2022,"316",5,5.95,"Enil",1,NA,2,11.308,2,"Enil",0.526176158471878,1,76.844,92.008,153.688,2
2022,"316",5,5.95,"Enil",1,NA,2,11.308,2,"Enil",0.526176158471878,1,76.844,92.008,153.688,2
2022,"316",5,5.95,"Enil",1,NA,2,11.308,2,"Enil",0.526176158471878,1,76.844,92.008,153.688,2
2022,"316",6,6.472,"Paur",1,NA,2,11.308,2,"Paur",0.572338167668907,1,76.844,92.008,153.688,2
2022,"316",6,6.472,"Paur",1,NA,2,11.308,2,"Paur",0.572338167668907,1,76.844,92.008,153.688,2
2022,"316",6,6.472,"Paur",1,NA,2,11.308,2,"Paur",0.572338167668907,1,76.844,92.008,153.688,2
2022,"314",1,7,"Enil",1,"pinta",2,12.959,2,"Enil",0.540165136198781,1,48.58,65.034,97.16,1
2022,"314",1,7,"Enil",1,"pinta",2,12.959,2,"Enil",0.540165136198781,1,48.58,65.034,97.16,1
2022,"314",1,7,"Enil",1,"pinta",2,12.959,2,"Enil",0.540165136198781,1,48.58,65.034,97.16,1
2022,"314",2,11.779,"Enil",1,"pinta",2,12.959,2,"Enil",0.908943591326491,1,48.58,65.034,97.16,1
2022,"314",2,11.779,"Enil",1,"pinta",2,12.959,2,"Enil",0.908943591326491,1,48.58,65.034,97.16,1
2022,"314",2,11.779,"Enil",1,"pinta",2,12.959,2,"Enil",0.908943591326491,1,48.58,65.034,97.16,1
2022,"314",2,11.779,"Enil",1,"pinta",2,12.959,2,"Enil",0.908943591326491,1,48.58,65.034,97.16,1
2022,"314",2,11.779,"Enil",1,"pinta",2,12.959,2,"Enil",0.908943591326491,1,48.58,65.034,97.16,1
2022,"314",2,11.779,"Enil",1,"pinta",2,12.959,2,"Enil",0.908943591326491,1,48.58,65.034,97.16,1
2022,"384",1,1.334,"Enil",1,NA,2.2,10.657,2.2,"Enil",0.125175940696256,1,40.625,54.586,81.25,1
2022,"384",1,1.334,"Enil",1,NA,2.2,10.657,2.2,"Enil",0.125175940696256,1,40.625,54.586,81.25,1
2022,"384",1,1.334,"Enil",1,NA,2.2,10.657,2.2,"Enil",0.125175940696256,1,40.625,54.586,81.25,1
2022,"384",2,3.71,"Enil",1,NA,2.2,10.657,2.2,"Enil",0.348127990991836,1,40.625,54.586,81.25,1
2022,"384",2,3.71,"Enil",1,NA,2.2,10.657,2.2,"Enil",0.348127990991836,1,40.625,54.586,81.25,1
2022,"384",2,3.71,"Enil",1,NA,2.2,10.657,2.2,"Enil",0.348127990991836,1,40.625,54.586,81.25,1
2022,"384",3,6.244,"Enil",1,NA,NA,10.657,2.2,"Enil",0.585905977291921,NA,40.625,54.586,81.25,1
2022,"384",3,6.244,"Enil",1,NA,NA,10.657,2.2,"Enil",0.585905977291921,NA,40.625,54.586,81.25,1
2022,"384",3,6.244,"Enil",1,NA,NA,10.657,2.2,"Enil",0.585905977291921,NA,40.625,54.586,81.25,1
2022,"384",3,6.244,"Enil",1,NA,NA,10.657,2.2,"Enil",0.585905977291921,NA,40.625,54.586,81.25,1
2022,"384",3,6.244,"Enil",1,NA,NA,10.657,2.2,"Enil",0.585905977291921,NA,40.625,54.586,81.25,1
2022,"384",3,6.244,"Enil",1,NA,NA,10.657,2.2,"Enil",0.585905977291921,NA,40.625,54.586,81.25,1
2022,"384",3,6.244,"Enil",1,NA,NA,10.657,2.2,"Enil",0.585905977291921,NA,40.625,54.586,81.25,1
2022,"384",3,6.244,"Enil",1,NA,NA,10.657,2.2,"Enil",0.585905977291921,NA,40.625,54.586,81.25,1
2022,"384",3,6.244,"Enil",1,NA,NA,10.657,2.2,"Enil",0.585905977291921,NA,40.625,54.586,81.25,1
2022,"384",4,6.45,"Paur",1,"pinta",2,10.657,2.2,"Paur",0.605235995120578,0.909090909090909,40.625,54.586,81.25,1
2022,"384",4,6.45,"Paur",1,"pinta",2,10.657,2.2,"Paur",0.605235995120578,0.909090909090909,40.625,54.586,81.25,1
2022,"384",4,6.45,"Paur",1,"pinta",2,10.657,2.2,"Paur",0.605235995120578,0.909090909090909,40.625,54.586,81.25,1
2022,"308",1,3.39,"Enil",1,"pinta",2,10.944,2.1,"Enil",0.309758771929825,0.952380952380952,72.474,80.904,144.948,3
2022,"308",1,3.39,"Enil",1,"pinta",2,10.944,2.1,"Enil",0.309758771929825,0.952380952380952,72.474,80.904,144.948,3
2022,"308",1,3.39,"Enil",1,"pinta",2,10.944,2.1,"Enil",0.309758771929825,0.952380952380952,72.474,80.904,144.948,3
2022,"308",2,10.065,"Enil",1,"pinta",2,10.944,2.1,"Enil",0.91968201754386,0.952380952380952,72.474,80.904,144.948,3
2022,"308",2,10.065,"Enil",1,"pinta",2,10.944,2.1,"Enil",0.91968201754386,0.952380952380952,72.474,80.904,144.948,3
2022,"308",2,10.065,"Enil",1,"pinta",2,10.944,2.1,"Enil",0.91968201754386,0.952380952380952,72.474,80.904,144.948,3
2022,"308",3,8.933,"Mmbra",1,"kolo",2,10.944,2.1,"Myotis",0.81624634502924,0.952380952380952,72.474,80.904,144.948,3
2022,"308",3,8.933,"Mmbra",1,"kolo",2,10.944,2.1,"Myotis",0.81624634502924,0.952380952380952,72.474,80.904,144.948,3
2022,"308",3,8.933,"Mmbra",1,"kolo",2,10.944,2.1,"Myotis",0.81624634502924,0.952380952380952,72.474,80.904,144.948,3
2022,"309",1,6.386,"Enil",1,"pinta",2,8.916,2,"Enil",0.71624046657694,1,37.953,47.839,75.906,1
2022,"309",1,6.386,"Enil",1,"pinta",2,8.916,2,"Enil",0.71624046657694,1,37.953,47.839,75.906,1
2022,"309",1,6.386,"Enil",1,"pinta",2,8.916,2,"Enil",0.71624046657694,1,37.953,47.839,75.906,1
2022,"306",1,1.924,"Enil",1,NA,2,8.832,2,"Enil",0.217844202898551,1,44.796,58.496,89.592,2
2022,"306",1,1.924,"Enil",1,NA,2,8.832,2,"Enil",0.217844202898551,1,44.796,58.496,89.592,2
2022,"306",1,1.924,"Enil",1,NA,2,8.832,2,"Enil",0.217844202898551,1,44.796,58.496,89.592,2
2022,"306",2,8.106,"Enil",1,NA,2,8.832,2,"Enil",0.917798913043478,1,44.796,58.496,89.592,2
2022,"306",2,8.106,"Enil",1,NA,2,8.832,2,"Enil",0.917798913043478,1,44.796,58.496,89.592,2
2022,"306",2,8.106,"Enil",1,NA,2,8.832,2,"Enil",0.917798913043478,1,44.796,58.496,89.592,2
2022,"306",3,7.48,"Enil",1,NA,2,8.832,2,"Enil",0.846920289855072,1,44.796,58.496,89.592,2
2022,"306",3,7.48,"Enil",1,NA,2,8.832,2,"Enil",0.846920289855072,1,44.796,58.496,89.592,2
2022,"306",3,7.48,"Enil",1,NA,2,8.832,2,"Enil",0.846920289855072,1,44.796,58.496,89.592,2
2023,"144",1,0.422,"Enil",1,"pinta",2,16.74,2,"Enil",0.0252090800477897,1,84.866,80.624,238.2972,3
2023,"144",1,0.422,"Enil",1,"pinta",2,16.74,2,"Enil",0.0252090800477897,1,84.866,80.624,238.2972,3
2023,"144",1,0.422,"Enil",1,"pinta",2,16.74,2,"Enil",0.0252090800477897,1,84.866,80.624,238.2972,3
2023,"144",2,4.683,"Enil",1,"pinta",2,16.74,2,"Enil",0.279749103942652,1,84.866,80.624,238.2972,3
2023,"144",2,4.683,"Enil",1,"pinta",2,16.74,2,"Enil",0.279749103942652,1,84.866,80.624,238.2972,3
2023,"144",2,4.683,"Enil",1,"pinta",2,16.74,2,"Enil",0.279749103942652,1,84.866,80.624,238.2972,3
2023,"144",3,5.387,"Myotis",1,"kolo",2.5,16.74,2.5,"Myotis",0.321804062126643,1,84.866,80.624,238.2972,3
2023,"144",3,5.387,"Myotis",1,"kolo",2.5,16.74,2.5,"Myotis",0.321804062126643,1,84.866,80.624,238.2972,3
2023,"144",3,5.387,"Myotis",1,"kolo",2.5,16.74,2.5,"Myotis",0.321804062126643,1,84.866,80.624,238.2972,3
2023,"144",4,5.549,"Myotis",1,"kolo",2.5,16.74,2.5,"Myotis",0.331481481481482,1,84.866,80.624,238.2972,3
2023,"144",4,5.549,"Myotis",1,"kolo",2.5,16.74,2.5,"Myotis",0.331481481481482,1,84.866,80.624,238.2972,3
2023,"144",4,5.549,"Myotis",1,"kolo",2.5,16.74,2.5,"Myotis",0.331481481481482,1,84.866,80.624,238.2972,3
2023,"144",4,5.549,"Myotis",1,"kolo",2.5,16.74,2.5,"Myotis",0.331481481481482,1,84.866,80.624,238.2972,3
2023,"144",4,5.549,"Myotis",1,"kolo",2.5,16.74,2.5,"Myotis",0.331481481481482,1,84.866,80.624,238.2972,3
2023,"144",4,5.549,"Myotis",1,"kolo",2.5,16.74,2.5,"Myotis",0.331481481481482,1,84.866,80.624,238.2972,3
2023,"144",5,8.053,"Mdau",1,"pinta",2,16.74,3.2,"Myotis",0.481063321385902,0.625,84.866,80.624,238.2972,3
2023,"144",5,8.053,"Mdau",1,"pinta",2,16.74,3.2,"Myotis",0.481063321385902,0.625,84.866,80.624,238.2972,3
2023,"144",5,8.053,"Mdau",1,"pinta",2,16.74,3.2,"Myotis",0.481063321385902,0.625,84.866,80.624,238.2972,3
2023,"144",6,15.823,"Mdau",1,"kolo",2.5,16.74,3.2,"Myotis",0.945221027479092,0.78125,84.866,80.624,238.2972,3
2023,"144",6,15.823,"Mdau",1,"kolo",2.5,16.74,3.2,"Myotis",0.945221027479092,0.78125,84.866,80.624,238.2972,3
2023,"144",6,15.823,"Mdau",1,"kolo",2.5,16.74,3.2,"Myotis",0.945221027479092,0.78125,84.866,80.624,238.2972,3
2023,"144",6,15.823,"Mdau",1,"kolo",2.5,16.74,3.2,"Myotis",0.945221027479092,0.78125,84.866,80.624,238.2972,3
2023,"144",6,15.823,"Mdau",1,"kolo",2.5,16.74,3.2,"Myotis",0.945221027479092,0.78125,84.866,80.624,238.2972,3
2023,"144",6,15.823,"Mdau",1,"kolo",2.5,16.74,3.2,"Myotis",0.945221027479092,0.78125,84.866,80.624,238.2972,3
2023,"144",7,15.898,"Mdau",1,"kolo",3.2,16.74,3.2,"Myotis",0.949701314217443,1,84.866,80.624,238.2972,3
2023,"144",7,15.898,"Mdau",1,"kolo",3.2,16.74,3.2,"Myotis",0.949701314217443,1,84.866,80.624,238.2972,3
2023,"144",7,15.898,"Mdau",1,"kolo",3.2,16.74,3.2,"Myotis",0.949701314217443,1,84.866,80.624,238.2972,3
2023,"144",7,15.898,"Mdau",1,"kolo",3.2,16.74,3.2,"Myotis",0.949701314217443,1,84.866,80.624,238.2972,3
2023,"144",7,15.898,"Mdau",1,"kolo",3.2,16.74,3.2,"Myotis",0.949701314217443,1,84.866,80.624,238.2972,3
2023,"144",7,15.898,"Mdau",1,"kolo",3.2,16.74,3.2,"Myotis",0.949701314217443,1,84.866,80.624,238.2972,3
2023,"144",8,15.342,"Mdau",1,"kolo",3.2,16.74,3.2,"Myotis",0.916487455197133,1,84.866,80.624,238.2972,3
2023,"144",8,15.342,"Mdau",1,"kolo",3.2,16.74,3.2,"Myotis",0.916487455197133,1,84.866,80.624,238.2972,3
2023,"144",8,15.342,"Mdau",1,"kolo",3.2,16.74,3.2,"Myotis",0.916487455197133,1,84.866,80.624,238.2972,3
2023,"144",9,15.935,"Mmbra",1,"kolo",3.2,16.74,3.2,"Myotis",0.951911589008363,1,84.866,80.624,238.2972,3
2023,"144",9,15.935,"Mmbra",1,"kolo",3.2,16.74,3.2,"Myotis",0.951911589008363,1,84.866,80.624,238.2972,3
2023,"144",9,15.935,"Mmbra",1,"kolo",3.2,16.74,3.2,"Myotis",0.951911589008363,1,84.866,80.624,238.2972,3
2023,"144",9,15.935,"Mmbra",1,"kolo",3.2,16.74,3.2,"Myotis",0.951911589008363,1,84.866,80.624,238.2972,3
2023,"144",9,15.935,"Mmbra",1,"kolo",3.2,16.74,3.2,"Myotis",0.951911589008363,1,84.866,80.624,238.2972,3
2023,"144",9,15.935,"Mmbra",1,"kolo",3.2,16.74,3.2,"Myotis",0.951911589008363,1,84.866,80.624,238.2972,3
2023,"144",10,14.914,"Mmbra",1,"kolo",3.2,16.74,3.2,"Myotis",0.890919952210275,1,84.866,80.624,238.2972,3
2023,"144",10,14.914,"Mmbra",1,"kolo",3.2,16.74,3.2,"Myotis",0.890919952210275,1,84.866,80.624,238.2972,3
2023,"144",10,14.914,"Mmbra",1,"kolo",3.2,16.74,3.2,"Myotis",0.890919952210275,1,84.866,80.624,238.2972,3
2023,"144",11,15.409,"Mdau",1,"kolo",3.2,16.74,3.2,"Myotis",0.920489844683393,1,84.866,80.624,238.2972,3
2023,"144",11,15.409,"Mdau",1,"kolo",3.2,16.74,3.2,"Myotis",0.920489844683393,1,84.866,80.624,238.2972,3
2023,"144",11,15.409,"Mdau",1,"kolo",3.2,16.74,3.2,"Myotis",0.920489844683393,1,84.866,80.624,238.2972,3
2023,"144",11,15.409,"Mdau",1,"kolo",3.2,16.74,3.2,"Myotis",0.920489844683393,1,84.866,80.624,238.2972,3
2023,"144",11,15.409,"Mdau",1,"kolo",3.2,16.74,3.2,"Myotis",0.920489844683393,1,84.866,80.624,238.2972,3
2023,"144",11,15.409,"Mdau",1,"kolo",3.2,16.74,3.2,"Myotis",0.920489844683393,1,84.866,80.624,238.2972,3
2023,"144",12,16.453,"Mdau",1,"kolo",2,16.74,3.2,"Myotis",0.982855436081243,0.625,84.866,80.624,238.2972,3
2023,"144",12,16.453,"Mdau",1,"kolo",2,16.74,3.2,"Myotis",0.982855436081243,0.625,84.866,80.624,238.2972,3
2023,"144",12,16.453,"Mdau",1,"kolo",2,16.74,3.2,"Myotis",0.982855436081243,0.625,84.866,80.624,238.2972,3
2023,"144",13,15.454,"Mmbra",1,"kolo",2,16.74,3.2,"Myotis",0.923178016726404,0.625,84.866,80.624,238.2972,3
2023,"144",13,15.454,"Mmbra",1,"kolo",2,16.74,3.2,"Myotis",0.923178016726404,0.625,84.866,80.624,238.2972,3
2023,"144",13,15.454,"Mmbra",1,"kolo",2,16.74,3.2,"Myotis",0.923178016726404,0.625,84.866,80.624,238.2972,3
2023,"144",14,13.873,"Mdau",1,"pinta",2.5,16.74,3.2,"Myotis",0.828733572281959,0.78125,84.866,80.624,238.2972,3
2023,"144",14,13.873,"Mdau",1,"pinta",2.5,16.74,3.2,"Myotis",0.828733572281959,0.78125,84.866,80.624,238.2972,3
2023,"144",14,13.873,"Mdau",1,"pinta",2.5,16.74,3.2,"Myotis",0.828733572281959,0.78125,84.866,80.624,238.2972,3
2023,"144",14,13.873,"Mdau",1,"pinta",2.5,16.74,3.2,"Myotis",0.828733572281959,0.78125,84.866,80.624,238.2972,3
2023,"144",14,13.873,"Mdau",1,"pinta",2.5,16.74,3.2,"Myotis",0.828733572281959,0.78125,84.866,80.624,238.2972,3
2023,"144",14,13.873,"Mdau",1,"pinta",2.5,16.74,3.2,"Myotis",0.828733572281959,0.78125,84.866,80.624,238.2972,3
2023,"144",15,12.437,"Mmbra",1,"kolo",1,16.74,3.2,"Myotis",0.742951015531661,0.3125,84.866,80.624,238.2972,3
2023,"144",15,12.437,"Mmbra",1,"kolo",1,16.74,3.2,"Myotis",0.742951015531661,0.3125,84.866,80.624,238.2972,3
2023,"144",15,12.437,"Mmbra",1,"kolo",1,16.74,3.2,"Myotis",0.742951015531661,0.3125,84.866,80.624,238.2972,3
2023,"144",16,12.746,"Paur",1,"pinta",0.6,16.74,3.2,"Paur",0.761409796893668,0.1875,84.866,80.624,238.2972,3
2023,"144",16,12.746,"Paur",1,"pinta",0.6,16.74,3.2,"Paur",0.761409796893668,0.1875,84.866,80.624,238.2972,3
2023,"144",16,12.746,"Paur",1,"pinta",0.6,16.74,3.2,"Paur",0.761409796893668,0.1875,84.866,80.624,238.2972,3
2023,"144",17,9.401,"Enil",1,"kolo",3,16.74,3.2,"Enil",0.561589008363202,0.9375,84.866,80.624,238.2972,3
2023,"144",17,9.401,"Enil",1,"kolo",3,16.74,3.2,"Enil",0.561589008363202,0.9375,84.866,80.624,238.2972,3
2023,"144",17,9.401,"Enil",1,"kolo",3,16.74,3.2,"Enil",0.561589008363202,0.9375,84.866,80.624,238.2972,3
2023,"144",17,9.401,"Mdau",1,"kolo",3,16.74,3.2,"Myotis",0.561589008363202,0.9375,84.866,80.624,238.2972,3
2023,"144",17,9.401,"Mdau",1,"kolo",3,16.74,3.2,"Myotis",0.561589008363202,0.9375,84.866,80.624,238.2972,3
2023,"144",17,9.401,"Mdau",1,"kolo",3,16.74,3.2,"Myotis",0.561589008363202,0.9375,84.866,80.624,238.2972,3
2023,"144",18,11.139,"Mdau",1,"pinta",2,16.74,3.2,"Myotis",0.665412186379928,0.625,84.866,80.624,238.2972,3
2023,"144",18,11.139,"Mdau",1,"pinta",2,16.74,3.2,"Myotis",0.665412186379928,0.625,84.866,80.624,238.2972,3
2023,"144",18,11.139,"Mdau",1,"pinta",2,16.74,3.2,"Myotis",0.665412186379928,0.625,84.866,80.624,238.2972,3
2023,"144",18,11.139,"Mdau",1,"pinta",2,16.74,3.2,"Myotis",0.665412186379928,0.625,84.866,80.624,238.2972,3
2023,"144",18,11.139,"Mdau",1,"pinta",2,16.74,3.2,"Myotis",0.665412186379928,0.625,84.866,80.624,238.2972,3
2023,"144",18,11.139,"Mdau",1,"pinta",2,16.74,3.2,"Myotis",0.665412186379928,0.625,84.866,80.624,238.2972,3
2023,"144",18,11.139,"Mdau",1,"pinta",2,16.74,3.2,"Myotis",0.665412186379928,0.625,84.866,80.624,238.2972,3
2023,"144",18,11.139,"Mdau",1,"pinta",2,16.74,3.2,"Myotis",0.665412186379928,0.625,84.866,80.624,238.2972,3
2023,"144",18,11.139,"Mdau",1,"pinta",2,16.74,3.2,"Myotis",0.665412186379928,0.625,84.866,80.624,238.2972,3
2023,"144",18,11.139,"Mdau",1,"pinta",2,16.74,3.2,"Myotis",0.665412186379928,0.625,84.866,80.624,238.2972,3
2023,"144",18,11.139,"Mdau",1,"pinta",2,16.74,3.2,"Myotis",0.665412186379928,0.625,84.866,80.624,238.2972,3
2023,"144",18,11.139,"Mdau",1,"pinta",2,16.74,3.2,"Myotis",0.665412186379928,0.625,84.866,80.624,238.2972,3
2023,"144",18,11.139,"Mdau",1,"pinta",2,16.74,3.2,"Myotis",0.665412186379928,0.625,84.866,80.624,238.2972,3
2023,"144",18,11.139,"Mdau",1,"pinta",2,16.74,3.2,"Myotis",0.665412186379928,0.625,84.866,80.624,238.2972,3
2023,"144",18,11.139,"Mdau",1,"pinta",2,16.74,3.2,"Myotis",0.665412186379928,0.625,84.866,80.624,238.2972,3
2023,"144",18,11.139,"Mdau",1,"pinta",2,16.74,3.2,"Myotis",0.665412186379928,0.625,84.866,80.624,238.2972,3
2023,"144",18,11.139,"Mdau",1,"pinta",2,16.74,3.2,"Myotis",0.665412186379928,0.625,84.866,80.624,238.2972,3
2023,"144",18,11.139,"Mdau",1,"pinta",2,16.74,3.2,"Myotis",0.665412186379928,0.625,84.866,80.624,238.2972,3
2023,"144",18,11.139,"Mdau",1,"pinta",2,16.74,3.2,"Myotis",0.665412186379928,0.625,84.866,80.624,238.2972,3
2023,"144",18,11.139,"Mdau",1,"pinta",2,16.74,3.2,"Myotis",0.665412186379928,0.625,84.866,80.624,238.2972,3
2023,"144",18,11.139,"Mdau",1,"pinta",2,16.74,3.2,"Myotis",0.665412186379928,0.625,84.866,80.624,238.2972,3
2023,"144",18,11.139,"Mdau",1,"pinta",2,16.74,3.2,"Myotis",0.665412186379928,0.625,84.866,80.624,238.2972,3
2023,"144",18,11.139,"Mdau",1,"pinta",2,16.74,3.2,"Myotis",0.665412186379928,0.625,84.866,80.624,238.2972,3
2023,"144",18,11.139,"Mdau",1,"pinta",2,16.74,3.2,"Myotis",0.665412186379928,0.625,84.866,80.624,238.2972,3
2023,"144",18,11.139,"Mdau",1,"pinta",2,16.74,3.2,"Myotis",0.665412186379928,0.625,84.866,80.624,238.2972,3
2023,"144",18,11.139,"Mdau",1,"pinta",2,16.74,3.2,"Myotis",0.665412186379928,0.625,84.866,80.624,238.2972,3
2023,"144",18,11.139,"Mdau",1,"pinta",2,16.74,3.2,"Myotis",0.665412186379928,0.625,84.866,80.624,238.2972,3
2023,"144",19,8.411,"Enil",1,"pinta",1.8,16.74,3.2,"Enil",0.502449223416965,0.5625,84.866,80.624,238.2972,3
2023,"144",19,8.411,"Enil",1,"pinta",1.8,16.74,3.2,"Enil",0.502449223416965,0.5625,84.866,80.624,238.2972,3
2023,"144",19,8.411,"Enil",1,"pinta",1.8,16.74,3.2,"Enil",0.502449223416965,0.5625,84.866,80.624,238.2972,3
2023,"144",20,8.48,"Mdau",1,"kolo",3,16.74,3.2,"Myotis",0.506571087216249,0.9375,84.866,80.624,238.2972,3
2023,"144",20,8.48,"Mdau",1,"kolo",3,16.74,3.2,"Myotis",0.506571087216249,0.9375,84.866,80.624,238.2972,3
2023,"144",20,8.48,"Mdau",1,"kolo",3,16.74,3.2,"Myotis",0.506571087216249,0.9375,84.866,80.624,238.2972,3
2023,"93",1,5.075,"Enil",1,"kolo",2,11.947,2,"Enil",0.424792835021344,1,41.91,56.149,82.5627,1
2023,"93",1,5.075,"Enil",1,"kolo",2,11.947,2,"Enil",0.424792835021344,1,41.91,56.149,82.5627,1
2023,"93",1,5.075,"Enil",1,"kolo",2,11.947,2,"Enil",0.424792835021344,1,41.91,56.149,82.5627,1
2023,"92",1,2.651,"Enil",1,"pinta",2,12.438,2,"Enil",0.213137160315163,1,32.409,37.144,63.84573,1
2023,"92",1,2.651,"Enil",1,"pinta",2,12.438,2,"Enil",0.213137160315163,1,32.409,37.144,63.84573,1
2023,"92",1,2.651,"Enil",1,"pinta",2,12.438,2,"Enil",0.213137160315163,1,32.409,37.144,63.84573,1
2023,"92",2,3.122,"Enil",1,"pinta",2,12.438,2,"Enil",0.251004984724232,1,32.409,37.144,63.84573,1
2023,"92",2,3.122,"Enil",1,"pinta",2,12.438,2,"Enil",0.251004984724232,1,32.409,37.144,63.84573,1
2023,"92",2,3.122,"Enil",1,"pinta",2,12.438,2,"Enil",0.251004984724232,1,32.409,37.144,63.84573,1
2023,"92",3,4.343,"Enil",1,"pinta",1.5,12.438,2,"Enil",0.349171892587233,0.75,32.409,37.144,63.84573,1
2023,"92",3,4.343,"Enil",1,"pinta",1.5,12.438,2,"Enil",0.349171892587233,0.75,32.409,37.144,63.84573,1
2023,"92",3,4.343,"Enil",1,"pinta",1.5,12.438,2,"Enil",0.349171892587233,0.75,32.409,37.144,63.84573,1
2023,"92",4,3.53,"Enil",1,"pinta",1.8,12.438,2,"Enil",0.283807686123171,0.9,32.409,37.144,63.84573,1
2023,"92",4,3.53,"Enil",1,"pinta",1.8,12.438,2,"Enil",0.283807686123171,0.9,32.409,37.144,63.84573,1
2023,"92",4,3.53,"Enil",1,"pinta",1.8,12.438,2,"Enil",0.283807686123171,0.9,32.409,37.144,63.84573,1
2023,"158",1,2.822,"Enil",1,"pinta",2,8.592,1.9,"Enil",0.328445065176909,1.05263157894737,49.989,61.873,94.9791,3
2023,"158",1,2.822,"Enil",1,"pinta",2,8.592,1.9,"Enil",0.328445065176909,1.05263157894737,49.989,61.873,94.9791,3
2023,"158",1,2.822,"Enil",1,"pinta",2,8.592,1.9,"Enil",0.328445065176909,1.05263157894737,49.989,61.873,94.9791,3
2023,"158",2,3.038,"Enil",1,"pinta",2,8.592,1.9,"Enil",0.353584729981378,1.05263157894737,49.989,61.873,94.9791,3
2023,"158",2,3.038,"Enil",1,"pinta",2,8.592,1.9,"Enil",0.353584729981378,1.05263157894737,49.989,61.873,94.9791,3
2023,"158",2,3.038,"Enil",1,"pinta",2,8.592,1.9,"Enil",0.353584729981378,1.05263157894737,49.989,61.873,94.9791,3
2023,"99/335",1,8.985,"Enil",1,"kolo",2.2,13.254,2.2,"Enil",0.677908555907651,1,38.963,41.289,89.6149,1
2023,"99/335",1,8.985,"Enil",1,"kolo",2.2,13.254,2.2,"Enil",0.677908555907651,1,38.963,41.289,89.6149,1
2023,"99/335",1,8.985,"Enil",1,"kolo",2.2,13.254,2.2,"Enil",0.677908555907651,1,38.963,41.289,89.6149,1
2023,"104",1,7.468,"Enil",1,"kolo",1.9,9.808,1.9,"Enil",0.76141924959217,1,44.584,61.481,84.7096,3
2023,"104",1,7.468,"Enil",1,"kolo",1.9,9.808,1.9,"Enil",0.76141924959217,1,44.584,61.481,84.7096,3
2023,"104",1,7.468,"Enil",1,"kolo",1.9,9.808,1.9,"Enil",0.76141924959217,1,44.584,61.481,84.7096,3
2023,"104",2,9.304,"Mmbra",1,"pinta",1.9,9.808,1.9,"Myotis",0.948613376835237,1,44.584,61.481,84.7096,3
2023,"104",2,9.304,"Mmbra",1,"pinta",1.9,9.808,1.9,"Myotis",0.948613376835237,1,44.584,61.481,84.7096,3
2023,"104",2,9.304,"Mmbra",1,"pinta",1.9,9.808,1.9,"Myotis",0.948613376835237,1,44.584,61.481,84.7096,3
2022,"104",1,5.579,"Enil",1,"pinta",1.9,9.808,1.9,"Enil",0.568821370309951,1,44.584,61.481,84.7096,3
2022,"104",1,5.579,"Enil",1,"pinta",1.9,9.808,1.9,"Enil",0.568821370309951,1,44.584,61.481,84.7096,3
2022,"104",1,5.579,"Enil",1,"pinta",1.9,9.808,1.9,"Enil",0.568821370309951,1,44.584,61.481,84.7096,3
2022,"158",1,5.86,"Enil",1,"pinta",1.5,8.592,1.9,"Enil",0.682029795158287,0.789473684210526,49.989,61.873,94.9791,3
2022,"158",1,5.86,"Enil",1,"pinta",1.5,8.592,1.9,"Enil",0.682029795158287,0.789473684210526,49.989,61.873,94.9791,3
2022,"158",1,5.86,"Enil",1,"pinta",1.5,8.592,1.9,"Enil",0.682029795158287,0.789473684210526,49.989,61.873,94.9791,3
2022,"158",2,3.018,"Enil",1,"pinta",1,8.592,1.9,"Enil",0.351256983240223,0.526315789473684,49.989,61.873,94.9791,3
2022,"158",2,3.018,"Enil",1,"pinta",1,8.592,1.9,"Enil",0.351256983240223,0.526315789473684,49.989,61.873,94.9791,3
2022,"158",2,3.018,"Enil",1,"pinta",1,8.592,1.9,"Enil",0.351256983240223,0.526315789473684,49.989,61.873,94.9791,3
2022,"94",1,6.354,"Enil",1,NA,NA,11.677,1.9,"Enil",0.544146612999914,NA,42.669,54.276,81.0711,1
2022,"94",1,6.354,"Enil",1,NA,NA,11.677,1.9,"Enil",0.544146612999914,NA,42.669,54.276,81.0711,1
2022,"94",1,6.354,"Enil",1,NA,NA,11.677,1.9,"Enil",0.544146612999914,NA,42.669,54.276,81.0711,1
2022,"102",1,5.148,"Enil",1,"pinta",2,11.891,2,"Enil",0.432932469935245,1,42.91,54.67,85.82,1
2022,"102",1,5.148,"Enil",1,"pinta",2,11.891,2,"Enil",0.432932469935245,1,42.91,54.67,85.82,1
2022,"102",1,5.148,"Enil",1,"pinta",2,11.891,2,"Enil",0.432932469935245,1,42.91,54.67,85.82,1
2022,"93",1,5.122,"Enil",1,NA,NA,11.947,2,"Enil",0.428726877040261,NA,41.91,56.149,82.5627,1
2022,"93",1,5.122,"Enil",1,NA,NA,11.947,2,"Enil",0.428726877040261,NA,41.91,56.149,82.5627,1
2022,"93",1,5.122,"Enil",1,NA,NA,11.947,2,"Enil",0.428726877040261,NA,41.91,56.149,82.5627,1
2022,"93",2,6.704,"Enil",1,NA,NA,11.947,2,"Enil",0.56114505733657,NA,41.91,56.149,82.5627,1
2022,"93",2,6.704,"Enil",1,NA,NA,11.947,2,"Enil",0.56114505733657,NA,41.91,56.149,82.5627,1
2022,"93",2,6.704,"Enil",1,NA,NA,11.947,2,"Enil",0.56114505733657,NA,41.91,56.149,82.5627,1
2022,"106",1,6.867,"Enil",1,"kolo",1.9,11.693,1.9,"Enil",0.587274437697768,1,42.563,54.138,80.8697,1
2022,"106",1,6.867,"Enil",1,"kolo",1.9,11.693,1.9,"Enil",0.587274437697768,1,42.563,54.138,80.8697,1
2022,"106",1,6.867,"Enil",1,"kolo",1.9,11.693,1.9,"Enil",0.587274437697768,1,42.563,54.138,80.8697,1
2022,"92",1,3.25,"Enil",1,"pinta",2,12.438,2,"Enil",0.26129602830037,1,32.409,37.144,63.84573,1
2022,"92",1,3.25,"Enil",1,"pinta",2,12.438,2,"Enil",0.26129602830037,1,32.409,37.144,63.84573,1
2022,"92",1,3.25,"Enil",1,"pinta",2,12.438,2,"Enil",0.26129602830037,1,32.409,37.144,63.84573,1
2022,"92",2,2.962,"Enil",1,"pinta",2,12.438,2,"Enil",0.23814118025406,1,32.409,37.144,63.84573,1
2022,"92",2,2.962,"Enil",1,"pinta",2,12.438,2,"Enil",0.23814118025406,1,32.409,37.144,63.84573,1
2022,"92",2,2.962,"Enil",1,"pinta",2,12.438,2,"Enil",0.23814118025406,1,32.409,37.144,63.84573,1
2022,"144",1,4.314,"Enil",1,"pinta",2,16.74,2,"Enil",0.257706093189964,1,84.866,80.624,238.2972,3
2022,"144",1,4.314,"Enil",1,"pinta",2,16.74,2,"Enil",0.257706093189964,1,84.866,80.624,238.2972,3
2022,"144",1,4.314,"Enil",1,"pinta",2,16.74,2,"Enil",0.257706093189964,1,84.866,80.624,238.2972,3
2022,"144",2,8.682,"Mmbra",1,"pinta",3.2,16.74,3.2,"Myotis",0.518637992831541,1,84.866,80.624,238.2972,3
2022,"144",2,8.682,"Mmbra",1,"pinta",3.2,16.74,3.2,"Myotis",0.518637992831541,1,84.866,80.624,238.2972,3
2022,"144",2,8.682,"Mmbra",1,"pinta",3.2,16.74,3.2,"Myotis",0.518637992831541,1,84.866,80.624,238.2972,3
2022,"144",3,13.918,"Mmbra",1,"pinta",3.2,16.74,3.2,"Myotis",0.83142174432497,1,84.866,80.624,238.2972,3
2022,"144",3,13.918,"Mmbra",1,"pinta",3.2,16.74,3.2,"Myotis",0.83142174432497,1,84.866,80.624,238.2972,3
2022,"144",3,13.918,"Mmbra",1,"pinta",3.2,16.74,3.2,"Myotis",0.83142174432497,1,84.866,80.624,238.2972,3
2022,"144",4,13.967,"Mmbra",1,"pinta",3.2,16.74,3.2,"Myotis",0.834348864994026,1,84.866,80.624,238.2972,3
2022,"144",4,13.967,"Mmbra",1,"pinta",3.2,16.74,3.2,"Myotis",0.834348864994026,1,84.866,80.624,238.2972,3
2022,"144",4,13.967,"Mmbra",1,"pinta",3.2,16.74,3.2,"Myotis",0.834348864994026,1,84.866,80.624,238.2972,3
2022,"144",4,13.967,"Mmbra",1,"pinta",3.2,16.74,3.2,"Myotis",0.834348864994026,1,84.866,80.624,238.2972,3
2022,"144",4,13.967,"Mmbra",1,"pinta",3.2,16.74,3.2,"Myotis",0.834348864994026,1,84.866,80.624,238.2972,3
2022,"144",4,13.967,"Mmbra",1,"pinta",3.2,16.74,3.2,"Myotis",0.834348864994026,1,84.866,80.624,238.2972,3
2022,"144",5,13.941,"Mmbra",1,"pinta",3.2,16.74,3.2,"Myotis",0.832795698924731,1,84.866,80.624,238.2972,3
2022,"144",5,13.941,"Mmbra",1,"pinta",3.2,16.74,3.2,"Myotis",0.832795698924731,1,84.866,80.624,238.2972,3
2022,"144",5,13.941,"Mmbra",1,"pinta",3.2,16.74,3.2,"Myotis",0.832795698924731,1,84.866,80.624,238.2972,3
2022,"144",6,13.21,"Mmbra",1,"kolo",3.2,16.74,3.2,"Myotis",0.789127837514934,1,84.866,80.624,238.2972,3
2022,"144",6,13.21,"Mmbra",1,"kolo",3.2,16.74,3.2,"Myotis",0.789127837514934,1,84.866,80.624,238.2972,3
2022,"144",6,13.21,"Mmbra",1,"kolo",3.2,16.74,3.2,"Myotis",0.789127837514934,1,84.866,80.624,238.2972,3
2022,"144",6,13.21,"Mmbra",1,"kolo",3.2,16.74,3.2,"Myotis",0.789127837514934,1,84.866,80.624,238.2972,3
2022,"144",6,13.21,"Mmbra",1,"kolo",3.2,16.74,3.2,"Myotis",0.789127837514934,1,84.866,80.624,238.2972,3
2022,"144",6,13.21,"Mmbra",1,"kolo",3.2,16.74,3.2,"Myotis",0.789127837514934,1,84.866,80.624,238.2972,3
2022,"144",7,13.448,"Mmbra",1,"kolo",3.2,16.74,3.2,"Myotis",0.803345280764636,1,84.866,80.624,238.2972,3
2022,"144",7,13.448,"Mmbra",1,"kolo",3.2,16.74,3.2,"Myotis",0.803345280764636,1,84.866,80.624,238.2972,3
2022,"144",7,13.448,"Mmbra",1,"kolo",3.2,16.74,3.2,"Myotis",0.803345280764636,1,84.866,80.624,238.2972,3
2022,"144",7,13.448,"Mmbra",1,"kolo",3.2,16.74,3.2,"Myotis",0.803345280764636,1,84.866,80.624,238.2972,3
2022,"144",7,13.448,"Mmbra",1,"kolo",3.2,16.74,3.2,"Myotis",0.803345280764636,1,84.866,80.624,238.2972,3
2022,"144",7,13.448,"Mmbra",1,"kolo",3.2,16.74,3.2,"Myotis",0.803345280764636,1,84.866,80.624,238.2972,3
2022,"144",8,13.82,"Mmbra",1,"pinta",3.2,16.74,3.2,"Myotis",0.825567502986858,1,84.866,80.624,238.2972,3
2022,"144",8,13.82,"Mmbra",1,"pinta",3.2,16.74,3.2,"Myotis",0.825567502986858,1,84.866,80.624,238.2972,3
2022,"144",8,13.82,"Mmbra",1,"pinta",3.2,16.74,3.2,"Myotis",0.825567502986858,1,84.866,80.624,238.2972,3
2022,"144",8,13.82,"Mmbra",1,"pinta",3.2,16.74,3.2,"Myotis",0.825567502986858,1,84.866,80.624,238.2972,3
2022,"144",8,13.82,"Mmbra",1,"pinta",3.2,16.74,3.2,"Myotis",0.825567502986858,1,84.866,80.624,238.2972,3
2022,"144",8,13.82,"Mmbra",1,"pinta",3.2,16.74,3.2,"Myotis",0.825567502986858,1,84.866,80.624,238.2972,3
2022,"144",8,13.82,"Mmbra",1,"pinta",3.2,16.74,3.2,"Myotis",0.825567502986858,1,84.866,80.624,238.2972,3
2022,"144",8,13.82,"Mmbra",1,"pinta",3.2,16.74,3.2,"Myotis",0.825567502986858,1,84.866,80.624,238.2972,3
2022,"144",8,13.82,"Mmbra",1,"pinta",3.2,16.74,3.2,"Myotis",0.825567502986858,1,84.866,80.624,238.2972,3
2022,"144",9,14.085,"Mmbra",1,"pinta",3.2,16.74,3.2,"Myotis",0.841397849462366,1,84.866,80.624,238.2972,3
2022,"144",9,14.085,"Mmbra",1,"pinta",3.2,16.74,3.2,"Myotis",0.841397849462366,1,84.866,80.624,238.2972,3
2022,"144",9,14.085,"Mmbra",1,"pinta",3.2,16.74,3.2,"Myotis",0.841397849462366,1,84.866,80.624,238.2972,3
2022,"144",9,14.085,"Mmbra",1,"pinta",3.2,16.74,3.2,"Myotis",0.841397849462366,1,84.866,80.624,238.2972,3
2022,"144",9,14.085,"Mmbra",1,"pinta",3.2,16.74,3.2,"Myotis",0.841397849462366,1,84.866,80.624,238.2972,3
2022,"144",9,14.085,"Mmbra",1,"pinta",3.2,16.74,3.2,"Myotis",0.841397849462366,1,84.866,80.624,238.2972,3
2022,"144",10,14.867,"Mmbra",1,"pinta",3.2,16.74,3.2,"Myotis",0.888112305854242,1,84.866,80.624,238.2972,3
2022,"144",10,14.867,"Mmbra",1,"pinta",3.2,16.74,3.2,"Myotis",0.888112305854242,1,84.866,80.624,238.2972,3
2022,"144",10,14.867,"Mmbra",1,"pinta",3.2,16.74,3.2,"Myotis",0.888112305854242,1,84.866,80.624,238.2972,3
2022,"144",10,14.867,"Mmbra",1,"pinta",3.2,16.74,3.2,"Myotis",0.888112305854242,1,84.866,80.624,238.2972,3
2022,"144",10,14.867,"Mmbra",1,"pinta",3.2,16.74,3.2,"Myotis",0.888112305854242,1,84.866,80.624,238.2972,3
2022,"144",10,14.867,"Mmbra",1,"pinta",3.2,16.74,3.2,"Myotis",0.888112305854242,1,84.866,80.624,238.2972,3
2022,"144",11,14.366,"Mdau",1,"pinta",3.2,16.74,3.2,"Myotis",0.858183990442055,1,84.866,80.624,238.2972,3
2022,"144",11,14.366,"Mdau",1,"pinta",3.2,16.74,3.2,"Myotis",0.858183990442055,1,84.866,80.624,238.2972,3
2022,"144",11,14.366,"Mdau",1,"pinta",3.2,16.74,3.2,"Myotis",0.858183990442055,1,84.866,80.624,238.2972,3
2022,"144",12,16.472,"Mmbra",1,"pinta",3.2,16.74,3.2,"Myotis",0.983990442054958,1,84.866,80.624,238.2972,3
2022,"144",12,16.472,"Mmbra",1,"pinta",3.2,16.74,3.2,"Myotis",0.983990442054958,1,84.866,80.624,238.2972,3
2022,"144",12,16.472,"Mmbra",1,"pinta",3.2,16.74,3.2,"Myotis",0.983990442054958,1,84.866,80.624,238.2972,3
2022,"144",12,16.472,"Mmbra",1,"pinta",3.2,16.74,3.2,"Myotis",0.983990442054958,1,84.866,80.624,238.2972,3
2022,"144",12,16.472,"Mmbra",1,"pinta",3.2,16.74,3.2,"Myotis",0.983990442054958,1,84.866,80.624,238.2972,3
2022,"144",12,16.472,"Mmbra",1,"pinta",3.2,16.74,3.2,"Myotis",0.983990442054958,1,84.866,80.624,238.2972,3
2022,"144",13,14.055,"Mdau",1,"pinta",3.2,16.74,3.2,"Myotis",0.839605734767025,1,84.866,80.624,238.2972,3
2022,"144",13,14.055,"Mdau",1,"pinta",3.2,16.74,3.2,"Myotis",0.839605734767025,1,84.866,80.624,238.2972,3
2022,"144",13,14.055,"Mdau",1,"pinta",3.2,16.74,3.2,"Myotis",0.839605734767025,1,84.866,80.624,238.2972,3
2022,"144",13,14.055,"Mdau",1,"pinta",3.2,16.74,3.2,"Myotis",0.839605734767025,1,84.866,80.624,238.2972,3
2022,"144",13,14.055,"Mdau",1,"pinta",3.2,16.74,3.2,"Myotis",0.839605734767025,1,84.866,80.624,238.2972,3
2022,"144",13,14.055,"Mdau",1,"pinta",3.2,16.74,3.2,"Myotis",0.839605734767025,1,84.866,80.624,238.2972,3
2022,"144",14,10.161,"Myotis",1,"pinta",3.2,16.74,3.2,"Myotis",0.606989247311828,1,84.866,80.624,238.2972,3
2022,"144",14,10.161,"Myotis",1,"pinta",3.2,16.74,3.2,"Myotis",0.606989247311828,1,84.866,80.624,238.2972,3
2022,"144",14,10.161,"Myotis",1,"pinta",3.2,16.74,3.2,"Myotis",0.606989247311828,1,84.866,80.624,238.2972,3
2022,"144",14,10.161,"Myotis",1,"pinta",3.2,16.74,3.2,"Myotis",0.606989247311828,1,84.866,80.624,238.2972,3
2022,"144",14,10.161,"Myotis",1,"pinta",3.2,16.74,3.2,"Myotis",0.606989247311828,1,84.866,80.624,238.2972,3
2022,"144",14,10.161,"Myotis",1,"pinta",3.2,16.74,3.2,"Myotis",0.606989247311828,1,84.866,80.624,238.2972,3
2022,"144",15,8.762,"Enil",1,"pinta",0.8,16.74,3.2,"Enil",0.523416965352449,0.25,84.866,80.624,238.2972,3
2022,"144",15,8.762,"Enil",1,"pinta",0.8,16.74,3.2,"Enil",0.523416965352449,0.25,84.866,80.624,238.2972,3
2022,"144",15,8.762,"Enil",1,"pinta",0.8,16.74,3.2,"Enil",0.523416965352449,0.25,84.866,80.624,238.2972,3
2022,"144",16,8.549,"Enil",1,"pinta",0.5,16.74,3.2,"Enil",0.510692951015532,0.15625,84.866,80.624,238.2972,3
2022,"144",16,8.549,"Enil",1,"pinta",0.5,16.74,3.2,"Enil",0.510692951015532,0.15625,84.866,80.624,238.2972,3
2022,"144",16,8.549,"Enil",1,"pinta",0.5,16.74,3.2,"Enil",0.510692951015532,0.15625,84.866,80.624,238.2972,3
2022,"144",17,7.137,"Mdau",1,"pinta",2.5,16.74,2.5,"Myotis",0.426344086021505,1,84.866,80.624,238.2972,3
2022,"144",17,7.137,"Mdau",1,"pinta",2.5,16.74,2.5,"Myotis",0.426344086021505,1,84.866,80.624,238.2972,3
2022,"144",17,7.137,"Mdau",1,"pinta",2.5,16.74,2.5,"Myotis",0.426344086021505,1,84.866,80.624,238.2972,3
2022,"144",18,5.139,"Paur",1,"kolo",2.5,16.74,2.5,"Paur",0.306989247311828,1,84.866,80.624,238.2972,3
2022,"144",18,5.139,"Paur",1,"kolo",2.5,16.74,2.5,"Paur",0.306989247311828,1,84.866,80.624,238.2972,3
2022,"144",18,5.139,"Paur",1,"kolo",2.5,16.74,2.5,"Paur",0.306989247311828,1,84.866,80.624,238.2972,3
2022,"420",1,10.479,"Enil",1,"pinta",1.8,12.467,2,"Enil",0.840539023020775,0.9,40.883,55.481,81.766,1
2022,"420",1,10.479,"Enil",1,"pinta",1.8,12.467,2,"Enil",0.840539023020775,0.9,40.883,55.481,81.766,1
2022,"420",1,10.479,"Enil",1,"pinta",1.8,12.467,2,"Enil",0.840539023020775,0.9,40.883,55.481,81.766,1
2022,"420",2,6.489,"Enil",1,"pinta",1.8,12.467,2,"Enil",0.52049410443571,0.9,40.883,55.481,81.766,1
2022,"420",2,6.489,"Enil",1,"pinta",1.8,12.467,2,"Enil",0.52049410443571,0.9,40.883,55.481,81.766,1
2022,"420",2,6.489,"Enil",1,"pinta",1.8,12.467,2,"Enil",0.52049410443571,0.9,40.883,55.481,81.766,1
2022,"420",3,6.255,"Enil",1,"pinta",1.8,12.467,2,"Enil",0.501724552819443,0.9,40.883,55.481,81.766,1
2022,"420",3,6.255,"Enil",1,"pinta",1.8,12.467,2,"Enil",0.501724552819443,0.9,40.883,55.481,81.766,1
2022,"420",3,6.255,"Enil",1,"pinta",1.8,12.467,2,"Enil",0.501724552819443,0.9,40.883,55.481,81.766,1
2022,"420",4,5.307,"Enil",1,"pinta",1.8,12.467,2,"Enil",0.425683805245849,0.9,40.883,55.481,81.766,1
2022,"420",4,5.307,"Enil",1,"pinta",1.8,12.467,2,"Enil",0.425683805245849,0.9,40.883,55.481,81.766,1
2022,"420",4,5.307,"Enil",1,"pinta",1.8,12.467,2,"Enil",0.425683805245849,0.9,40.883,55.481,81.766,1
2022,"420",5,3.254,"Enil",1,"pinta",1.8,12.467,2,"Enil",0.261009063928772,0.9,40.883,55.481,81.766,1
2022,"420",5,3.254,"Enil",1,"pinta",1.8,12.467,2,"Enil",0.261009063928772,0.9,40.883,55.481,81.766,1
2022,"420",5,3.254,"Enil",1,"pinta",1.8,12.467,2,"Enil",0.261009063928772,0.9,40.883,55.481,81.766,1
2023,"2",1,5.243,"Enil",1,"pinta",2,16.608,2.3,"Enil",0.315691233140655,0.869565217391304,116.3,92.954,311.4932,2
2023,"2",1,5.243,"Enil",1,"pinta",2,16.608,2.3,"Enil",0.315691233140655,0.869565217391304,116.3,92.954,311.4932,2
2023,"2",1,5.243,"Enil",1,"pinta",2,16.608,2.3,"Enil",0.315691233140655,0.869565217391304,116.3,92.954,311.4932,2
2023,"2",1,5.243,"Enil",1,"pinta",2,16.608,2.3,"Enil",0.315691233140655,0.869565217391304,116.3,92.954,311.4932,2
2023,"2",1,5.243,"Enil",1,"pinta",2,16.608,2.3,"Enil",0.315691233140655,0.869565217391304,116.3,92.954,311.4932,2
2023,"2",1,5.243,"Enil",1,"pinta",2,16.608,2.3,"Enil",0.315691233140655,0.869565217391304,116.3,92.954,311.4932,2
2023,"2",2,11.012,"Mmbra",1,"kolo",2.5,16.608,3,"Myotis",0.663053949903661,0.833333333333333,116.3,92.954,311.4932,2
2023,"2",2,11.012,"Mmbra",1,"kolo",2.5,16.608,3,"Myotis",0.663053949903661,0.833333333333333,116.3,92.954,311.4932,2
2023,"2",2,11.012,"Mmbra",1,"kolo",2.5,16.608,3,"Myotis",0.663053949903661,0.833333333333333,116.3,92.954,311.4932,2
2023,"2",3,10.842,"Enil",1,"pinta",1.5,16.608,3,"Enil",0.652817919075145,0.5,116.3,92.954,311.4932,2
2023,"2",3,10.842,"Enil",1,"pinta",1.5,16.608,3,"Enil",0.652817919075145,0.5,116.3,92.954,311.4932,2
2023,"2",3,10.842,"Enil",1,"pinta",1.5,16.608,3,"Enil",0.652817919075145,0.5,116.3,92.954,311.4932,2
2023,"11",1,0.279,"Mmbra",1,"kolo",2.5,21.93,2.5,"Myotis",0.0127222982216142,1,94.067,95.21,231.8301,2
2023,"11",1,0.279,"Mmbra",1,"kolo",2.5,21.93,2.5,"Myotis",0.0127222982216142,1,94.067,95.21,231.8301,2
2023,"11",1,0.279,"Mmbra",1,"kolo",2.5,21.93,2.5,"Myotis",0.0127222982216142,1,94.067,95.21,231.8301,2
2023,"11",2,1.645,"Mmbra",1,"kolo",2.5,21.93,2.5,"Myotis",0.0750113999088007,1,94.067,95.21,231.8301,2
2023,"11",2,1.645,"Mmbra",1,"kolo",2.5,21.93,2.5,"Myotis",0.0750113999088007,1,94.067,95.21,231.8301,2
2023,"11",2,1.645,"Mmbra",1,"kolo",2.5,21.93,2.5,"Myotis",0.0750113999088007,1,94.067,95.21,231.8301,2
2023,"11",3,9.092,"Mdau",1,"kolo",1.7,21.93,2.1,"Myotis",0.414591883264934,0.809523809523809,94.067,95.21,231.8301,2
2023,"11",3,9.092,"Mdau",1,"kolo",1.7,21.93,2.1,"Myotis",0.414591883264934,0.809523809523809,94.067,95.21,231.8301,2
2023,"11",3,9.092,"Mdau",1,"kolo",1.7,21.93,2.1,"Myotis",0.414591883264934,0.809523809523809,94.067,95.21,231.8301,2
2023,"11",4,3.982,"Mdau",1,"kolo",3,21.93,6,"Myotis",0.181577747378021,0.5,94.067,95.21,231.8301,2
2023,"11",4,3.982,"Mdau",1,"kolo",3,21.93,6,"Myotis",0.181577747378021,0.5,94.067,95.21,231.8301,2
2023,"11",4,3.982,"Mdau",1,"kolo",3,21.93,6,"Myotis",0.181577747378021,0.5,94.067,95.21,231.8301,2
2023,"11",5,3.599,"Enil",1,"pinta",6,21.93,6,"Enil",0.164113087095303,1,94.067,95.21,231.8301,2
2023,"11",5,3.599,"Enil",1,"pinta",6,21.93,6,"Enil",0.164113087095303,1,94.067,95.21,231.8301,2
2023,"11",5,3.599,"Enil",1,"pinta",6,21.93,6,"Enil",0.164113087095303,1,94.067,95.21,231.8301,2
2023,"11",5,3.599,"Enil",1,"pinta",6,21.93,6,"Enil",0.164113087095303,1,94.067,95.21,231.8301,2
2023,"11",5,3.599,"Enil",1,"pinta",6,21.93,6,"Enil",0.164113087095303,1,94.067,95.21,231.8301,2
2023,"11",5,3.599,"Enil",1,"pinta",6,21.93,6,"Enil",0.164113087095303,1,94.067,95.21,231.8301,2
2023,"11",6,14.217,"Chi sp",1,"kolo",2.5,21.93,2.6,"Chi sp",0.648290013679891,0.961538461538461,94.067,95.21,231.8301,2
2023,"11",6,14.217,"Chi sp",1,"kolo",2.5,21.93,2.6,"Chi sp",0.648290013679891,0.961538461538461,94.067,95.21,231.8301,2
2023,"11",6,14.217,"Chi sp",1,"kolo",2.5,21.93,2.6,"Chi sp",0.648290013679891,0.961538461538461,94.067,95.21,231.8301,2
2023,"11",7,17.189,"Mmbra",1,"kolo",3.1,21.93,3.1,"Myotis",0.783812129502964,1,94.067,95.21,231.8301,2
2023,"11",7,17.189,"Mmbra",1,"kolo",3.1,21.93,3.1,"Myotis",0.783812129502964,1,94.067,95.21,231.8301,2
2023,"11",7,17.189,"Mmbra",1,"kolo",3.1,21.93,3.1,"Myotis",0.783812129502964,1,94.067,95.21,231.8301,2
2023,"11",7,17.189,"Mmbra",1,"kolo",3.1,21.93,3.1,"Myotis",0.783812129502964,1,94.067,95.21,231.8301,2
2023,"11",7,17.189,"Mmbra",1,"kolo",3.1,21.93,3.1,"Myotis",0.783812129502964,1,94.067,95.21,231.8301,2
2023,"11",7,17.189,"Mmbra",1,"kolo",3.1,21.93,3.1,"Myotis",0.783812129502964,1,94.067,95.21,231.8301,2
2023,"11",7,17.189,"Mmbra",1,"kolo",3.1,21.93,3.1,"Myotis",0.783812129502964,1,94.067,95.21,231.8301,2
2023,"11",7,17.189,"Mmbra",1,"kolo",3.1,21.93,3.1,"Myotis",0.783812129502964,1,94.067,95.21,231.8301,2
2023,"11",7,17.189,"Mmbra",1,"kolo",3.1,21.93,3.1,"Myotis",0.783812129502964,1,94.067,95.21,231.8301,2
2023,"11",7,17.189,"Mmbra",1,"kolo",3.1,21.93,3.1,"Myotis",0.783812129502964,1,94.067,95.21,231.8301,2
2023,"11",7,17.189,"Mmbra",1,"kolo",3.1,21.93,3.1,"Myotis",0.783812129502964,1,94.067,95.21,231.8301,2
2023,"11",7,17.189,"Mmbra",1,"kolo",3.1,21.93,3.1,"Myotis",0.783812129502964,1,94.067,95.21,231.8301,2
2023,"11",7,17.189,"Mmbra",1,"kolo",3.1,21.93,3.1,"Myotis",0.783812129502964,1,94.067,95.21,231.8301,2
2023,"11",7,17.189,"Mmbra",1,"kolo",3.1,21.93,3.1,"Myotis",0.783812129502964,1,94.067,95.21,231.8301,2
2023,"11",7,17.189,"Mmbra",1,"kolo",3.1,21.93,3.1,"Myotis",0.783812129502964,1,94.067,95.21,231.8301,2
2023,"11",7,17.189,"Mmbra",1,"kolo",3.1,21.93,3.1,"Myotis",0.783812129502964,1,94.067,95.21,231.8301,2
2023,"11",7,17.189,"Mmbra",1,"kolo",3.1,21.93,3.1,"Myotis",0.783812129502964,1,94.067,95.21,231.8301,2
2023,"11",7,17.189,"Mmbra",1,"kolo",3.1,21.93,3.1,"Myotis",0.783812129502964,1,94.067,95.21,231.8301,2
2023,"11",7,17.189,"Mmbra",1,"kolo",3.1,21.93,3.1,"Myotis",0.783812129502964,1,94.067,95.21,231.8301,2
2023,"11",7,17.189,"Mmbra",1,"kolo",3.1,21.93,3.1,"Myotis",0.783812129502964,1,94.067,95.21,231.8301,2
2023,"11",7,17.189,"Mmbra",1,"kolo",3.1,21.93,3.1,"Myotis",0.783812129502964,1,94.067,95.21,231.8301,2
2023,"11",7,17.189,"Mmbra",1,"kolo",3.1,21.93,3.1,"Myotis",0.783812129502964,1,94.067,95.21,231.8301,2
2023,"11",7,17.189,"Mmbra",1,"kolo",3.1,21.93,3.1,"Myotis",0.783812129502964,1,94.067,95.21,231.8301,2
2023,"11",7,17.189,"Mmbra",1,"kolo",3.1,21.93,3.1,"Myotis",0.783812129502964,1,94.067,95.21,231.8301,2
2023,"11",7,17.189,"Mmbra",1,"kolo",3.1,21.93,3.1,"Myotis",0.783812129502964,1,94.067,95.21,231.8301,2
2023,"11",7,17.189,"Mmbra",1,"kolo",3.1,21.93,3.1,"Myotis",0.783812129502964,1,94.067,95.21,231.8301,2
2023,"11",7,17.189,"Mmbra",1,"kolo",3.1,21.93,3.1,"Myotis",0.783812129502964,1,94.067,95.21,231.8301,2
2023,"11",7,17.189,"Mmbra",1,"kolo",3.1,21.93,3.1,"Myotis",0.783812129502964,1,94.067,95.21,231.8301,2
2023,"11",7,17.189,"Mmbra",1,"kolo",3.1,21.93,3.1,"Myotis",0.783812129502964,1,94.067,95.21,231.8301,2
2023,"11",7,17.189,"Mmbra",1,"kolo",3.1,21.93,3.1,"Myotis",0.783812129502964,1,94.067,95.21,231.8301,2
2023,"11",7,17.189,"Mmbra",1,"kolo",3.1,21.93,3.1,"Myotis",0.783812129502964,1,94.067,95.21,231.8301,2
2023,"11",7,17.189,"Mmbra",1,"kolo",3.1,21.93,3.1,"Myotis",0.783812129502964,1,94.067,95.21,231.8301,2
2023,"11",7,17.189,"Mmbra",1,"kolo",3.1,21.93,3.1,"Myotis",0.783812129502964,1,94.067,95.21,231.8301,2
2023,"11",7,17.189,"Mmbra",1,"kolo",3.1,21.93,3.1,"Myotis",0.783812129502964,1,94.067,95.21,231.8301,2
2023,"11",7,17.189,"Mmbra",1,"kolo",3.1,21.93,3.1,"Myotis",0.783812129502964,1,94.067,95.21,231.8301,2
2023,"11",7,17.189,"Mmbra",1,"kolo",3.1,21.93,3.1,"Myotis",0.783812129502964,1,94.067,95.21,231.8301,2
2023,"11",7,17.189,"Mmbra",1,"kolo",3.1,21.93,3.1,"Myotis",0.783812129502964,1,94.067,95.21,231.8301,2
2023,"11",7,17.189,"Mmbra",1,"kolo",3.1,21.93,3.1,"Myotis",0.783812129502964,1,94.067,95.21,231.8301,2
2023,"11",7,17.189,"Mmbra",1,"kolo",3.1,21.93,3.1,"Myotis",0.783812129502964,1,94.067,95.21,231.8301,2
2023,"11",7,17.189,"Mmbra",1,"kolo",3.1,21.93,3.1,"Myotis",0.783812129502964,1,94.067,95.21,231.8301,2
2023,"11",7,17.189,"Mmbra",1,"kolo",3.1,21.93,3.1,"Myotis",0.783812129502964,1,94.067,95.21,231.8301,2
2023,"11",7,17.189,"Mmbra",1,"kolo",3.1,21.93,3.1,"Myotis",0.783812129502964,1,94.067,95.21,231.8301,2
2023,"11",8,18.265,"Mdau",1,"kolo",3.1,21.93,3.1,"Myotis",0.832877336981304,1,94.067,95.21,231.8301,2
2023,"11",8,18.265,"Mdau",1,"kolo",3.1,21.93,3.1,"Myotis",0.832877336981304,1,94.067,95.21,231.8301,2
2023,"11",8,18.265,"Mdau",1,"kolo",3.1,21.93,3.1,"Myotis",0.832877336981304,1,94.067,95.21,231.8301,2
2023,"11",9,18.218,"Mmbra",1,"pinta",3.1,21.93,3.1,"Myotis",0.830734154126767,1,94.067,95.21,231.8301,2
2023,"11",9,18.218,"Mmbra",1,"pinta",3.1,21.93,3.1,"Myotis",0.830734154126767,1,94.067,95.21,231.8301,2
2023,"11",9,18.218,"Mmbra",1,"pinta",3.1,21.93,3.1,"Myotis",0.830734154126767,1,94.067,95.21,231.8301,2
2023,"11",10,21.034,"Mdau",1,"kolo",3.1,21.93,3.1,"Myotis",0.959142726858185,1,94.067,95.21,231.8301,2
2023,"11",10,21.034,"Mdau",1,"kolo",3.1,21.93,3.1,"Myotis",0.959142726858185,1,94.067,95.21,231.8301,2
2023,"11",10,21.034,"Mdau",1,"kolo",3.1,21.93,3.1,"Myotis",0.959142726858185,1,94.067,95.21,231.8301,2
2023,"11",10,21.034,"Mdau",1,"kolo",3.1,21.93,3.1,"Myotis",0.959142726858185,1,94.067,95.21,231.8301,2
2023,"11",10,21.034,"Mdau",1,"kolo",3.1,21.93,3.1,"Myotis",0.959142726858185,1,94.067,95.21,231.8301,2
2023,"11",10,21.034,"Mdau",1,"kolo",3.1,21.93,3.1,"Myotis",0.959142726858185,1,94.067,95.21,231.8301,2
2023,"11",10,21.034,"Mdau",1,"kolo",3.1,21.93,3.1,"Myotis",0.959142726858185,1,94.067,95.21,231.8301,2
2023,"11",10,21.034,"Mdau",1,"kolo",3.1,21.93,3.1,"Myotis",0.959142726858185,1,94.067,95.21,231.8301,2
2023,"11",10,21.034,"Mdau",1,"kolo",3.1,21.93,3.1,"Myotis",0.959142726858185,1,94.067,95.21,231.8301,2
2023,"1-180",1,22.504,"Mmbra",1,"kolo",3.1,24.446,3.1,"Myotis",0.920559600752679,1,299.448,221.422,821.5596,4
2023,"1-180",1,22.504,"Mmbra",1,"kolo",3.1,24.446,3.1,"Myotis",0.920559600752679,1,299.448,221.422,821.5596,4
2023,"1-180",1,22.504,"Mmbra",1,"kolo",3.1,24.446,3.1,"Myotis",0.920559600752679,1,299.448,221.422,821.5596,4
2023,"1-180",1,22.504,"Mmbra",1,"kolo",3.1,24.446,3.1,"Myotis",0.920559600752679,1,299.448,221.422,821.5596,4
2023,"1-180",1,22.504,"Mmbra",1,"kolo",3.1,24.446,3.1,"Myotis",0.920559600752679,1,299.448,221.422,821.5596,4
2023,"1-180",1,22.504,"Mmbra",1,"kolo",3.1,24.446,3.1,"Myotis",0.920559600752679,1,299.448,221.422,821.5596,4
2023,"1-180",2,15.672,"Mmbra",1,"kolo",2,24.446,3.1,"Myotis",0.641086476315144,0.645161290322581,299.448,221.422,821.5596,4
2023,"1-180",2,15.672,"Mmbra",1,"kolo",2,24.446,3.1,"Myotis",0.641086476315144,0.645161290322581,299.448,221.422,821.5596,4
2023,"1-180",2,15.672,"Mmbra",1,"kolo",2,24.446,3.1,"Myotis",0.641086476315144,0.645161290322581,299.448,221.422,821.5596,4
2023,"1-180",3,13.94,"Mmbra",1,"kolo",0.5,24.446,2,"Myotis",0.570236439499305,0.25,299.448,221.422,821.5596,4
2023,"1-180",3,13.94,"Mmbra",1,"kolo",0.5,24.446,2,"Myotis",0.570236439499305,0.25,299.448,221.422,821.5596,4
2023,"1-180",3,13.94,"Mmbra",1,"kolo",0.5,24.446,2,"Myotis",0.570236439499305,0.25,299.448,221.422,821.5596,4
2023,"1-180",3,13.94,"Mmbra",1,"kolo",0.5,24.446,2,"Myotis",0.570236439499305,0.25,299.448,221.422,821.5596,4
2023,"1-180",3,13.94,"Mmbra",1,"kolo",0.5,24.446,2,"Myotis",0.570236439499305,0.25,299.448,221.422,821.5596,4
2023,"1-180",3,13.94,"Mmbra",1,"kolo",0.5,24.446,2,"Myotis",0.570236439499305,0.25,299.448,221.422,821.5596,4
2023,"1-180",4,11.279,"Enil",1,"pinta",3,24.446,3,"Enil",0.461384275546102,1,299.448,221.422,821.5596,4
2023,"1-180",4,11.279,"Enil",1,"pinta",3,24.446,3,"Enil",0.461384275546102,1,299.448,221.422,821.5596,4
2023,"1-180",4,11.279,"Enil",1,"pinta",3,24.446,3,"Enil",0.461384275546102,1,299.448,221.422,821.5596,4
2023,"1-180",5,14.938,"Paur",1,"kolo",1.5,24.446,3.1,"Paur",0.611061114292727,0.483870967741935,299.448,221.422,821.5596,4
2023,"1-180",5,14.938,"Paur",1,"kolo",1.5,24.446,3.1,"Paur",0.611061114292727,0.483870967741935,299.448,221.422,821.5596,4
2023,"1-180",5,14.938,"Paur",1,"kolo",1.5,24.446,3.1,"Paur",0.611061114292727,0.483870967741935,299.448,221.422,821.5596,4
2023,"1-180",6,15.755,"Mmbra",1,"kolo",3,24.446,3.1,"Myotis",0.644481714799967,0.967741935483871,299.448,221.422,821.5596,4
2023,"1-180",6,15.755,"Mmbra",1,"kolo",3,24.446,3.1,"Myotis",0.644481714799967,0.967741935483871,299.448,221.422,821.5596,4
2023,"1-180",6,15.755,"Mmbra",1,"kolo",3,24.446,3.1,"Myotis",0.644481714799967,0.967741935483871,299.448,221.422,821.5596,4
2023,"7",1,12.892,"Paur",1,"kolo",1.3,25.985,2.3,"Paur",0.496132384067731,0.565217391304348,176.048,184.846,441.139,4
2023,"7",1,12.892,"Paur",1,"kolo",1.3,25.985,2.3,"Paur",0.496132384067731,0.565217391304348,176.048,184.846,441.139,4
2023,"7",1,12.892,"Paur",1,"kolo",1.3,25.985,2.3,"Paur",0.496132384067731,0.565217391304348,176.048,184.846,441.139,4
2023,"7",2,15.732,"Enil",1,"pinta",2,25.985,2.3,"Enil",0.605426207427362,0.869565217391304,176.048,184.846,441.139,4
2023,"7",2,15.732,"Enil",1,"pinta",2,25.985,2.3,"Enil",0.605426207427362,0.869565217391304,176.048,184.846,441.139,4
2023,"7",2,15.732,"Enil",1,"pinta",2,25.985,2.3,"Enil",0.605426207427362,0.869565217391304,176.048,184.846,441.139,4
2023,"7",3,18.208,"Mmbra",1,"kolo",1.3,25.985,2.3,"Myotis",0.700711949201462,0.565217391304348,176.048,184.846,441.139,4
2023,"7",3,18.208,"Mmbra",1,"kolo",1.3,25.985,2.3,"Myotis",0.700711949201462,0.565217391304348,176.048,184.846,441.139,4
2023,"7",3,18.208,"Mmbra",1,"kolo",1.3,25.985,2.3,"Myotis",0.700711949201462,0.565217391304348,176.048,184.846,441.139,4
2023,"7",4,18.591,"Enil",1,"pinta",1.3,25.985,2.3,"Enil",0.715451221858765,0.565217391304348,176.048,184.846,441.139,4
2023,"7",4,18.591,"Enil",1,"pinta",1.3,25.985,2.3,"Enil",0.715451221858765,0.565217391304348,176.048,184.846,441.139,4
2023,"7",4,18.591,"Enil",1,"pinta",1.3,25.985,2.3,"Enil",0.715451221858765,0.565217391304348,176.048,184.846,441.139,4
2023,"7",5,17.261,"Myotis",1,"kolo",1.3,25.985,2.3,"Myotis",0.664267846834712,0.565217391304348,176.048,184.846,441.139,4
2023,"7",5,17.261,"Myotis",1,"kolo",1.3,25.985,2.3,"Myotis",0.664267846834712,0.565217391304348,176.048,184.846,441.139,4
2023,"7",5,17.261,"Myotis",1,"kolo",1.3,25.985,2.3,"Myotis",0.664267846834712,0.565217391304348,176.048,184.846,441.139,4
2023,"7",6,17.523,"Mmbra",1,"kolo",1.3,25.985,2.3,"Myotis",0.674350586877044,0.565217391304348,176.048,184.846,441.139,4
2023,"7",6,17.523,"Mmbra",1,"kolo",1.3,25.985,2.3,"Myotis",0.674350586877044,0.565217391304348,176.048,184.846,441.139,4
2023,"7",6,17.523,"Mmbra",1,"kolo",1.3,25.985,2.3,"Myotis",0.674350586877044,0.565217391304348,176.048,184.846,441.139,4
2023,"7",6,17.523,"Mmbra",1,"kolo",1.3,25.985,2.3,"Myotis",0.674350586877044,0.565217391304348,176.048,184.846,441.139,4
2023,"7",6,17.523,"Mmbra",1,"kolo",1.3,25.985,2.3,"Myotis",0.674350586877044,0.565217391304348,176.048,184.846,441.139,4
2023,"7",6,17.523,"Mmbra",1,"kolo",1.3,25.985,2.3,"Myotis",0.674350586877044,0.565217391304348,176.048,184.846,441.139,4
2023,"7",7,16.198,"Mmbra",1,"kolo",1.3,25.985,2.3,"Myotis",0.62335963055609,0.565217391304348,176.048,184.846,441.139,4
2023,"7",7,16.198,"Mmbra",1,"kolo",1.3,25.985,2.3,"Myotis",0.62335963055609,0.565217391304348,176.048,184.846,441.139,4
2023,"7",7,16.198,"Mmbra",1,"kolo",1.3,25.985,2.3,"Myotis",0.62335963055609,0.565217391304348,176.048,184.846,441.139,4
2023,"7",7,16.198,"Mmbra",1,"kolo",1.3,25.985,2.3,"Myotis",0.62335963055609,0.565217391304348,176.048,184.846,441.139,4
2023,"7",7,16.198,"Mmbra",1,"kolo",1.3,25.985,2.3,"Myotis",0.62335963055609,0.565217391304348,176.048,184.846,441.139,4
2023,"7",7,16.198,"Mmbra",1,"kolo",1.3,25.985,2.3,"Myotis",0.62335963055609,0.565217391304348,176.048,184.846,441.139,4
2023,"7",7,16.198,"Mmbra",1,"kolo",1.3,25.985,2.3,"Myotis",0.62335963055609,0.565217391304348,176.048,184.846,441.139,4
2023,"7",7,16.198,"Mmbra",1,"kolo",1.3,25.985,2.3,"Myotis",0.62335963055609,0.565217391304348,176.048,184.846,441.139,4
2023,"7",7,16.198,"Mmbra",1,"kolo",1.3,25.985,2.3,"Myotis",0.62335963055609,0.565217391304348,176.048,184.846,441.139,4
2023,"7",8,15.872,"Mmbra",1,"kolo",2.3,25.985,2.3,"Myotis",0.610813931114104,1,176.048,184.846,441.139,4
2023,"7",8,15.872,"Mmbra",1,"kolo",2.3,25.985,2.3,"Myotis",0.610813931114104,1,176.048,184.846,441.139,4
2023,"7",8,15.872,"Mmbra",1,"kolo",2.3,25.985,2.3,"Myotis",0.610813931114104,1,176.048,184.846,441.139,4
2023,"7",9,13.063,"Enil",1,"pinta",1.2,25.985,2.3,"Enil",0.502713103713681,0.521739130434783,176.048,184.846,441.139,4
2023,"7",9,13.063,"Enil",1,"pinta",1.2,25.985,2.3,"Enil",0.502713103713681,0.521739130434783,176.048,184.846,441.139,4
2023,"7",9,13.063,"Enil",1,"pinta",1.2,25.985,2.3,"Enil",0.502713103713681,0.521739130434783,176.048,184.846,441.139,4
2023,"7",10,6.331,"Enil",1,"pinta",2.3,25.985,2.3,"Enil",0.243640561862613,1,176.048,184.846,441.139,4
2023,"7",10,6.331,"Enil",1,"pinta",2.3,25.985,2.3,"Enil",0.243640561862613,1,176.048,184.846,441.139,4
2023,"7",10,6.331,"Enil",1,"pinta",2.3,25.985,2.3,"Enil",0.243640561862613,1,176.048,184.846,441.139,4
2023,"7",11,2.834,"Enil",1,"pinta",2,25.985,2,"Enil",0.109062920915913,1,176.048,184.846,441.139,4
2023,"7",11,2.834,"Enil",1,"pinta",2,25.985,2,"Enil",0.109062920915913,1,176.048,184.846,441.139,4
2023,"7",11,2.834,"Enil",1,"pinta",2,25.985,2,"Enil",0.109062920915913,1,176.048,184.846,441.139,4
2023,"7",12,3.495,"Mmbra",1,"kolo",2,25.985,2,"Myotis",0.134500673465461,1,176.048,184.846,441.139,4
2023,"7",12,3.495,"Mmbra",1,"kolo",2,25.985,2,"Myotis",0.134500673465461,1,176.048,184.846,441.139,4
2023,"7",12,3.495,"Mmbra",1,"kolo",2,25.985,2,"Myotis",0.134500673465461,1,176.048,184.846,441.139,4
2023,"7",13,6.479,"Enil",1,"pinta",2.3,25.985,2.3,"Enil",0.249336155474312,1,176.048,184.846,441.139,4
2023,"7",13,6.479,"Enil",1,"pinta",2.3,25.985,2.3,"Enil",0.249336155474312,1,176.048,184.846,441.139,4
2023,"7",13,6.479,"Enil",1,"pinta",2.3,25.985,2.3,"Enil",0.249336155474312,1,176.048,184.846,441.139,4
2023,"7",14,7.267,"Paur",1,"pinta",1.5,25.985,2.3,"Paur",0.279661343082548,0.652173913043478,176.048,184.846,441.139,4
2023,"7",14,7.267,"Paur",1,"pinta",1.5,25.985,2.3,"Paur",0.279661343082548,0.652173913043478,176.048,184.846,441.139,4
2023,"7",14,7.267,"Paur",1,"pinta",1.5,25.985,2.3,"Paur",0.279661343082548,0.652173913043478,176.048,184.846,441.139,4
2023,"7",15,10.147,"Paur",1,"kolo",2,25.985,2,"Paur",0.390494516066962,1,176.048,184.846,441.139,4
2023,"7",15,10.147,"Paur",1,"kolo",2,25.985,2,"Paur",0.390494516066962,1,176.048,184.846,441.139,4
2023,"7",15,10.147,"Paur",1,"kolo",2,25.985,2,"Paur",0.390494516066962,1,176.048,184.846,441.139,4
2023,"7",16,18.532,"Mdau",1,"pinta",2,25.985,3.2,"Myotis",0.713180681162209,0.625,176.048,184.846,441.139,4
2023,"7",16,18.532,"Mdau",1,"pinta",2,25.985,3.2,"Myotis",0.713180681162209,0.625,176.048,184.846,441.139,4
2023,"7",16,18.532,"Mdau",1,"pinta",2,25.985,3.2,"Myotis",0.713180681162209,0.625,176.048,184.846,441.139,4
2023,"7",17,20.909,"Enil",1,"pinta",3.2,25.985,3.2,"Enil",0.80465653261497,1,176.048,184.846,441.139,4
2023,"7",17,20.909,"Enil",1,"pinta",3.2,25.985,3.2,"Enil",0.80465653261497,1,176.048,184.846,441.139,4
2023,"7",17,20.909,"Enil",1,"pinta",3.2,25.985,3.2,"Enil",0.80465653261497,1,176.048,184.846,441.139,4
2023,"7",18,20.16,"Mmbra",1,"kolo",3.2,25.985,3.2,"Myotis",0.775832210890899,1,176.048,184.846,441.139,4
2023,"7",18,20.16,"Mmbra",1,"kolo",3.2,25.985,3.2,"Myotis",0.775832210890899,1,176.048,184.846,441.139,4
2023,"7",18,20.16,"Mmbra",1,"kolo",3.2,25.985,3.2,"Myotis",0.775832210890899,1,176.048,184.846,441.139,4
2023,"7",18,20.16,"Mmbra",1,"kolo",3.2,25.985,3.2,"Myotis",0.775832210890899,1,176.048,184.846,441.139,4
2023,"7",18,20.16,"Mmbra",1,"kolo",3.2,25.985,3.2,"Myotis",0.775832210890899,1,176.048,184.846,441.139,4
2023,"7",18,20.16,"Mmbra",1,"kolo",3.2,25.985,3.2,"Myotis",0.775832210890899,1,176.048,184.846,441.139,4
2023,"7",18,20.16,"Mmbra",1,"kolo",3.2,25.985,3.2,"Myotis",0.775832210890899,1,176.048,184.846,441.139,4
2023,"7",18,20.16,"Mmbra",1,"kolo",3.2,25.985,3.2,"Myotis",0.775832210890899,1,176.048,184.846,441.139,4
2023,"7",18,20.16,"Mmbra",1,"kolo",3.2,25.985,3.2,"Myotis",0.775832210890899,1,176.048,184.846,441.139,4
2023,"7",18,20.16,"Mmbra",1,"kolo",3.2,25.985,3.2,"Myotis",0.775832210890899,1,176.048,184.846,441.139,4
2023,"7",18,20.16,"Mmbra",1,"kolo",3.2,25.985,3.2,"Myotis",0.775832210890899,1,176.048,184.846,441.139,4
2023,"7",18,20.16,"Mmbra",1,"kolo",3.2,25.985,3.2,"Myotis",0.775832210890899,1,176.048,184.846,441.139,4
2023,"7",18,20.16,"Mmbra",1,"kolo",3.2,25.985,3.2,"Myotis",0.775832210890899,1,176.048,184.846,441.139,4
2023,"7",18,20.16,"Mmbra",1,"kolo",3.2,25.985,3.2,"Myotis",0.775832210890899,1,176.048,184.846,441.139,4
2023,"7",18,20.16,"Mmbra",1,"kolo",3.2,25.985,3.2,"Myotis",0.775832210890899,1,176.048,184.846,441.139,4
2023,"7",19,22.592,"Chi sp",1,"pinta",3.2,25.985,3.2,"Chi sp",0.869424668077737,1,176.048,184.846,441.139,4
2023,"7",19,22.592,"Chi sp",1,"pinta",3.2,25.985,3.2,"Chi sp",0.869424668077737,1,176.048,184.846,441.139,4
2023,"7",19,22.592,"Chi sp",1,"pinta",3.2,25.985,3.2,"Chi sp",0.869424668077737,1,176.048,184.846,441.139,4
2023,"7",20,23.685,"Mdau",1,"pinta",3.2,25.985,3.2,"Myotis",0.911487396574947,1,176.048,184.846,441.139,4
2023,"7",20,23.685,"Mdau",1,"pinta",3.2,25.985,3.2,"Myotis",0.911487396574947,1,176.048,184.846,441.139,4
2023,"7",20,23.685,"Mdau",1,"pinta",3.2,25.985,3.2,"Myotis",0.911487396574947,1,176.048,184.846,441.139,4
2023,"7",20,23.685,"Mdau",1,"pinta",3.2,25.985,3.2,"Myotis",0.911487396574947,1,176.048,184.846,441.139,4
2023,"7",20,23.685,"Mdau",1,"pinta",3.2,25.985,3.2,"Myotis",0.911487396574947,1,176.048,184.846,441.139,4
2023,"7",20,23.685,"Mdau",1,"pinta",3.2,25.985,3.2,"Myotis",0.911487396574947,1,176.048,184.846,441.139,4
2023,"7",21,24.197,"Mmbra",1,"pinta",3.2,25.985,3.2,"Myotis",0.931191071772176,1,176.048,184.846,441.139,4
2023,"7",21,24.197,"Mmbra",1,"pinta",3.2,25.985,3.2,"Myotis",0.931191071772176,1,176.048,184.846,441.139,4
2023,"7",21,24.197,"Mmbra",1,"pinta",3.2,25.985,3.2,"Myotis",0.931191071772176,1,176.048,184.846,441.139,4
2023,"7",21,24.197,"Mmbra",1,"pinta",3.2,25.985,3.2,"Myotis",0.931191071772176,1,176.048,184.846,441.139,4
2023,"7",21,24.197,"Mmbra",1,"pinta",3.2,25.985,3.2,"Myotis",0.931191071772176,1,176.048,184.846,441.139,4
2023,"7",21,24.197,"Mmbra",1,"pinta",3.2,25.985,3.2,"Myotis",0.931191071772176,1,176.048,184.846,441.139,4
2023,"7",21,24.197,"Mmbra",1,"pinta",3.2,25.985,3.2,"Myotis",0.931191071772176,1,176.048,184.846,441.139,4
2023,"7",21,24.197,"Mmbra",1,"pinta",3.2,25.985,3.2,"Myotis",0.931191071772176,1,176.048,184.846,441.139,4
2023,"7",21,24.197,"Mmbra",1,"pinta",3.2,25.985,3.2,"Myotis",0.931191071772176,1,176.048,184.846,441.139,4
2023,"7",21,24.197,"Mmbra",1,"pinta",3.2,25.985,3.2,"Myotis",0.931191071772176,1,176.048,184.846,441.139,4
2023,"7",21,24.197,"Mmbra",1,"pinta",3.2,25.985,3.2,"Myotis",0.931191071772176,1,176.048,184.846,441.139,4
2023,"7",21,24.197,"Mmbra",1,"pinta",3.2,25.985,3.2,"Myotis",0.931191071772176,1,176.048,184.846,441.139,4
2023,"7",21,24.197,"Mmbra",1,"pinta",3.2,25.985,3.2,"Myotis",0.931191071772176,1,176.048,184.846,441.139,4
2023,"7",21,24.197,"Mmbra",1,"pinta",3.2,25.985,3.2,"Myotis",0.931191071772176,1,176.048,184.846,441.139,4
2023,"7",21,24.197,"Mmbra",1,"pinta",3.2,25.985,3.2,"Myotis",0.931191071772176,1,176.048,184.846,441.139,4
2023,"7",21,24.197,"Mmbra",1,"pinta",3.2,25.985,3.2,"Myotis",0.931191071772176,1,176.048,184.846,441.139,4
2023,"7",21,24.197,"Mmbra",1,"pinta",3.2,25.985,3.2,"Myotis",0.931191071772176,1,176.048,184.846,441.139,4
2023,"7",21,24.197,"Mmbra",1,"pinta",3.2,25.985,3.2,"Myotis",0.931191071772176,1,176.048,184.846,441.139,4
2023,"7",21,24.197,"Mmbra",1,"pinta",3.2,25.985,3.2,"Myotis",0.931191071772176,1,176.048,184.846,441.139,4
2023,"7",21,24.197,"Mmbra",1,"pinta",3.2,25.985,3.2,"Myotis",0.931191071772176,1,176.048,184.846,441.139,4
2023,"7",21,24.197,"Mmbra",1,"pinta",3.2,25.985,3.2,"Myotis",0.931191071772176,1,176.048,184.846,441.139,4
2023,"7",21,24.197,"Mmbra",1,"pinta",3.2,25.985,3.2,"Myotis",0.931191071772176,1,176.048,184.846,441.139,4
2023,"7",21,24.197,"Mmbra",1,"pinta",3.2,25.985,3.2,"Myotis",0.931191071772176,1,176.048,184.846,441.139,4
2023,"7",21,24.197,"Mmbra",1,"pinta",3.2,25.985,3.2,"Myotis",0.931191071772176,1,176.048,184.846,441.139,4
2023,"7",21,24.197,"Mmbra",1,"pinta",3.2,25.985,3.2,"Myotis",0.931191071772176,1,176.048,184.846,441.139,4
2023,"7",21,24.197,"Mmbra",1,"pinta",3.2,25.985,3.2,"Myotis",0.931191071772176,1,176.048,184.846,441.139,4
2023,"7",21,24.197,"Mmbra",1,"pinta",3.2,25.985,3.2,"Myotis",0.931191071772176,1,176.048,184.846,441.139,4
2023,"7",21,24.197,"Mmbra",1,"pinta",3.2,25.985,3.2,"Myotis",0.931191071772176,1,176.048,184.846,441.139,4
2023,"7",21,24.197,"Mmbra",1,"pinta",3.2,25.985,3.2,"Myotis",0.931191071772176,1,176.048,184.846,441.139,4
2023,"7",21,24.197,"Mmbra",1,"pinta",3.2,25.985,3.2,"Myotis",0.931191071772176,1,176.048,184.846,441.139,4
2023,"7",21,24.197,"Mmbra",1,"pinta",3.2,25.985,3.2,"Myotis",0.931191071772176,1,176.048,184.846,441.139,4
2023,"7",21,24.197,"Mmbra",1,"pinta",3.2,25.985,3.2,"Myotis",0.931191071772176,1,176.048,184.846,441.139,4
2023,"7",21,24.197,"Mmbra",1,"pinta",3.2,25.985,3.2,"Myotis",0.931191071772176,1,176.048,184.846,441.139,4
2023,"7",21,24.197,"Mmbra",1,"pinta",3.2,25.985,3.2,"Myotis",0.931191071772176,1,176.048,184.846,441.139,4
2023,"7",21,24.197,"Mmbra",1,"pinta",3.2,25.985,3.2,"Myotis",0.931191071772176,1,176.048,184.846,441.139,4
2023,"7",21,24.197,"Mmbra",1,"pinta",3.2,25.985,3.2,"Myotis",0.931191071772176,1,176.048,184.846,441.139,4
2023,"7",21,24.197,"Mmbra",1,"pinta",3.2,25.985,3.2,"Myotis",0.931191071772176,1,176.048,184.846,441.139,4
2023,"7",21,24.197,"Mmbra",1,"pinta",3.2,25.985,3.2,"Myotis",0.931191071772176,1,176.048,184.846,441.139,4
2023,"7",21,24.197,"Mmbra",1,"pinta",3.2,25.985,3.2,"Myotis",0.931191071772176,1,176.048,184.846,441.139,4
2023,"7",21,24.197,"Mmbra",1,"pinta",3.2,25.985,3.2,"Myotis",0.931191071772176,1,176.048,184.846,441.139,4
2023,"7",21,24.197,"Mmbra",1,"pinta",3.2,25.985,3.2,"Myotis",0.931191071772176,1,176.048,184.846,441.139,4
2023,"7",21,24.197,"Mmbra",1,"pinta",3.2,25.985,3.2,"Myotis",0.931191071772176,1,176.048,184.846,441.139,4
2023,"7",21,24.197,"Mmbra",1,"pinta",3.2,25.985,3.2,"Myotis",0.931191071772176,1,176.048,184.846,441.139,4
2023,"7",21,24.197,"Mmbra",1,"pinta",3.2,25.985,3.2,"Myotis",0.931191071772176,1,176.048,184.846,441.139,4
2023,"7",21,24.197,"Mmbra",1,"pinta",3.2,25.985,3.2,"Myotis",0.931191071772176,1,176.048,184.846,441.139,4
2023,"7",21,24.197,"Mmbra",1,"pinta",3.2,25.985,3.2,"Myotis",0.931191071772176,1,176.048,184.846,441.139,4
2023,"7",21,24.197,"Mmbra",1,"pinta",3.2,25.985,3.2,"Myotis",0.931191071772176,1,176.048,184.846,441.139,4
2023,"7",21,24.197,"Mmbra",1,"pinta",3.2,25.985,3.2,"Myotis",0.931191071772176,1,176.048,184.846,441.139,4
2023,"7",21,24.197,"Mmbra",1,"pinta",3.2,25.985,3.2,"Myotis",0.931191071772176,1,176.048,184.846,441.139,4
2023,"7",21,24.197,"Mmbra",1,"pinta",3.2,25.985,3.2,"Myotis",0.931191071772176,1,176.048,184.846,441.139,4
2023,"7",21,24.197,"Mmbra",1,"pinta",3.2,25.985,3.2,"Myotis",0.931191071772176,1,176.048,184.846,441.139,4
2023,"7",21,24.197,"Mmbra",1,"pinta",3.2,25.985,3.2,"Myotis",0.931191071772176,1,176.048,184.846,441.139,4
2023,"7",21,24.197,"Mmbra",1,"pinta",3.2,25.985,3.2,"Myotis",0.931191071772176,1,176.048,184.846,441.139,4
2023,"7",21,24.197,"Mmbra",1,"pinta",3.2,25.985,3.2,"Myotis",0.931191071772176,1,176.048,184.846,441.139,4
2023,"7",21,24.197,"Mmbra",1,"pinta",3.2,25.985,3.2,"Myotis",0.931191071772176,1,176.048,184.846,441.139,4
2023,"7",21,24.197,"Mmbra",1,"pinta",3.2,25.985,3.2,"Myotis",0.931191071772176,1,176.048,184.846,441.139,4
2023,"7",21,24.197,"Mmbra",1,"pinta",3.2,25.985,3.2,"Myotis",0.931191071772176,1,176.048,184.846,441.139,4
2023,"7",22,25.502,"Mdau",1,"pinta",3.2,25.985,3.2,"Myotis",0.981412353280739,1,176.048,184.846,441.139,4
2023,"7",22,25.502,"Mdau",1,"pinta",3.2,25.985,3.2,"Myotis",0.981412353280739,1,176.048,184.846,441.139,4
2023,"7",22,25.502,"Mdau",1,"pinta",3.2,25.985,3.2,"Myotis",0.981412353280739,1,176.048,184.846,441.139,4
2023,"7",23,25.421,"Mmbra",1,"pinta",3.2,25.985,3.2,"Myotis",0.978295170290552,1,176.048,184.846,441.139,4
2023,"7",23,25.421,"Mmbra",1,"pinta",3.2,25.985,3.2,"Myotis",0.978295170290552,1,176.048,184.846,441.139,4
2023,"7",23,25.421,"Mmbra",1,"pinta",3.2,25.985,3.2,"Myotis",0.978295170290552,1,176.048,184.846,441.139,4
2023,"7",24,15.75,"Mmbra",1,"kolo",2,25.985,2.3,"Myotis",0.606118914758515,0.869565217391304,176.048,184.846,441.139,4
2023,"7",24,15.75,"Mmbra",1,"kolo",2,25.985,2.3,"Myotis",0.606118914758515,0.869565217391304,176.048,184.846,441.139,4
2023,"7",24,15.75,"Mmbra",1,"kolo",2,25.985,2.3,"Myotis",0.606118914758515,0.869565217391304,176.048,184.846,441.139,4
2023,"7",25,8.713,"Paur",1,"kolo",5,25.985,5,"Paur",0.335308832018472,1,176.048,184.846,441.139,4
2023,"7",25,8.713,"Paur",1,"kolo",5,25.985,5,"Paur",0.335308832018472,1,176.048,184.846,441.139,4
2023,"7",25,8.713,"Paur",1,"kolo",5,25.985,5,"Paur",0.335308832018472,1,176.048,184.846,441.139,4
2023,"7",26,8.988,"Mmbra",1,"kolo",5,25.985,5,"Myotis",0.345891860688859,1,176.048,184.846,441.139,4
2023,"7",26,8.988,"Mmbra",1,"kolo",5,25.985,5,"Myotis",0.345891860688859,1,176.048,184.846,441.139,4
2023,"7",26,8.988,"Mmbra",1,"kolo",5,25.985,5,"Myotis",0.345891860688859,1,176.048,184.846,441.139,4
2023,"7",26,8.988,"Mmbra",1,"kolo",5,25.985,5,"Myotis",0.345891860688859,1,176.048,184.846,441.139,4
2023,"7",26,8.988,"Mmbra",1,"kolo",5,25.985,5,"Myotis",0.345891860688859,1,176.048,184.846,441.139,4
2023,"7",26,8.988,"Mmbra",1,"kolo",5,25.985,5,"Myotis",0.345891860688859,1,176.048,184.846,441.139,4
2023,"7",27,8.668,"Mmbra",1,"kolo",5,25.985,5,"Myotis",0.333577063690591,1,176.048,184.846,441.139,4
2023,"7",27,8.668,"Mmbra",1,"kolo",5,25.985,5,"Myotis",0.333577063690591,1,176.048,184.846,441.139,4
2023,"7",27,8.668,"Mmbra",1,"kolo",5,25.985,5,"Myotis",0.333577063690591,1,176.048,184.846,441.139,4
2023,"7",28,8.995,"Mmbra",1,"kolo",5,25.985,5,"Myotis",0.346161246873196,1,176.048,184.846,441.139,4
2023,"7",28,8.995,"Mmbra",1,"kolo",5,25.985,5,"Myotis",0.346161246873196,1,176.048,184.846,441.139,4
2023,"7",28,8.995,"Mmbra",1,"kolo",5,25.985,5,"Myotis",0.346161246873196,1,176.048,184.846,441.139,4
2023,"7",28,8.995,"Mmbra",1,"kolo",5,25.985,5,"Myotis",0.346161246873196,1,176.048,184.846,441.139,4
2023,"7",28,8.995,"Mmbra",1,"kolo",5,25.985,5,"Myotis",0.346161246873196,1,176.048,184.846,441.139,4
2023,"7",28,8.995,"Mmbra",1,"kolo",5,25.985,5,"Myotis",0.346161246873196,1,176.048,184.846,441.139,4
2023,"7",29,8.585,"Mmbra",1,"kolo",5,25.985,5,"Myotis",0.330382913219165,1,176.048,184.846,441.139,4
2023,"7",29,8.585,"Mmbra",1,"kolo",5,25.985,5,"Myotis",0.330382913219165,1,176.048,184.846,441.139,4
2023,"7",29,8.585,"Mmbra",1,"kolo",5,25.985,5,"Myotis",0.330382913219165,1,176.048,184.846,441.139,4
2023,"7",30,9.057,"Mmbra",1,"kolo",5,25.985,5,"Myotis",0.348547238791611,1,176.048,184.846,441.139,4
2023,"7",30,9.057,"Mmbra",1,"kolo",5,25.985,5,"Myotis",0.348547238791611,1,176.048,184.846,441.139,4
2023,"7",30,9.057,"Mmbra",1,"kolo",5,25.985,5,"Myotis",0.348547238791611,1,176.048,184.846,441.139,4
2023,"7",30,9.057,"Mmbra",1,"kolo",5,25.985,5,"Myotis",0.348547238791611,1,176.048,184.846,441.139,4
2023,"7",30,9.057,"Mmbra",1,"kolo",5,25.985,5,"Myotis",0.348547238791611,1,176.048,184.846,441.139,4
2023,"7",30,9.057,"Mmbra",1,"kolo",5,25.985,5,"Myotis",0.348547238791611,1,176.048,184.846,441.139,4
2022,"2",1,14.82,"Mmbra",1,"kolo",3,16.608,3,"Myotis",0.892341040462428,1,116.3,92.954,311.4932,2
2022,"2",1,14.82,"Mmbra",1,"kolo",3,16.608,3,"Myotis",0.892341040462428,1,116.3,92.954,311.4932,2
2022,"2",1,14.82,"Mmbra",1,"kolo",3,16.608,3,"Myotis",0.892341040462428,1,116.3,92.954,311.4932,2
2022,"2",2,5.435,"Paur",1,"kolo",2,16.608,2.3,"Paur",0.327251926782274,0.869565217391304,116.3,92.954,311.4932,2
2022,"2",2,5.435,"Paur",1,"kolo",2,16.608,2.3,"Paur",0.327251926782274,0.869565217391304,116.3,92.954,311.4932,2
2022,"2",2,5.435,"Paur",1,"kolo",2,16.608,2.3,"Paur",0.327251926782274,0.869565217391304,116.3,92.954,311.4932,2
2022,"2",3,9.928,"Enil",1,"pinta",2,16.608,3,"Enil",0.597784200385357,0.666666666666667,116.3,92.954,311.4932,2
2022,"2",3,9.928,"Enil",1,"pinta",2,16.608,3,"Enil",0.597784200385357,0.666666666666667,116.3,92.954,311.4932,2
2022,"2",3,9.928,"Enil",1,"pinta",2,16.608,3,"Enil",0.597784200385357,0.666666666666667,116.3,92.954,311.4932,2
2022,"11",1,14.714,"Mmbra",1,"kolo",3.1,21.93,3.1,"Myotis",0.670953032375741,1,94.067,95.21,231.8301,2
2022,"11",1,14.714,"Mmbra",1,"kolo",3.1,21.93,3.1,"Myotis",0.670953032375741,1,94.067,95.21,231.8301,2
2022,"11",1,14.714,"Mmbra",1,"kolo",3.1,21.93,3.1,"Myotis",0.670953032375741,1,94.067,95.21,231.8301,2
2022,"11",1,14.714,"Mmbra",1,"kolo",3.1,21.93,3.1,"Myotis",0.670953032375741,1,94.067,95.21,231.8301,2
2022,"11",1,14.714,"Mmbra",1,"kolo",3.1,21.93,3.1,"Myotis",0.670953032375741,1,94.067,95.21,231.8301,2
2022,"11",1,14.714,"Mmbra",1,"kolo",3.1,21.93,3.1,"Myotis",0.670953032375741,1,94.067,95.21,231.8301,2
2022,"11",1,14.714,"Mmbra",1,"kolo",3.1,21.93,3.1,"Myotis",0.670953032375741,1,94.067,95.21,231.8301,2
2022,"11",1,14.714,"Mmbra",1,"kolo",3.1,21.93,3.1,"Myotis",0.670953032375741,1,94.067,95.21,231.8301,2
2022,"11",1,14.714,"Mmbra",1,"kolo",3.1,21.93,3.1,"Myotis",0.670953032375741,1,94.067,95.21,231.8301,2
2022,"11",2,21.034,"Mmbra",1,"kolo",3.1,21.93,3.1,"Myotis",0.959142726858185,1,94.067,95.21,231.8301,2
2022,"11",2,21.034,"Mmbra",1,"kolo",3.1,21.93,3.1,"Myotis",0.959142726858185,1,94.067,95.21,231.8301,2
2022,"11",2,21.034,"Mmbra",1,"kolo",3.1,21.93,3.1,"Myotis",0.959142726858185,1,94.067,95.21,231.8301,2
2022,"11",2,21.034,"Mmbra",1,"kolo",3.1,21.93,3.1,"Myotis",0.959142726858185,1,94.067,95.21,231.8301,2
2022,"11",2,21.034,"Mmbra",1,"kolo",3.1,21.93,3.1,"Myotis",0.959142726858185,1,94.067,95.21,231.8301,2
2022,"11",2,21.034,"Mmbra",1,"kolo",3.1,21.93,3.1,"Myotis",0.959142726858185,1,94.067,95.21,231.8301,2
2022,"11",3,20.736,"Mmbra",1,"kolo",2,21.93,3.1,"Myotis",0.945554035567715,0.645161290322581,94.067,95.21,231.8301,2
2022,"11",3,20.736,"Mmbra",1,"kolo",2,21.93,3.1,"Myotis",0.945554035567715,0.645161290322581,94.067,95.21,231.8301,2
2022,"11",3,20.736,"Mmbra",1,"kolo",2,21.93,3.1,"Myotis",0.945554035567715,0.645161290322581,94.067,95.21,231.8301,2
2022,"11",4,14.811,"Mmbra",1,"kolo",3.1,21.93,3.1,"Myotis",0.675376196990424,1,94.067,95.21,231.8301,2
2022,"11",4,14.811,"Mmbra",1,"kolo",3.1,21.93,3.1,"Myotis",0.675376196990424,1,94.067,95.21,231.8301,2
2022,"11",4,14.811,"Mmbra",1,"kolo",3.1,21.93,3.1,"Myotis",0.675376196990424,1,94.067,95.21,231.8301,2
2022,"11",4,14.811,"Mmbra",1,"kolo",3.1,21.93,3.1,"Myotis",0.675376196990424,1,94.067,95.21,231.8301,2
2022,"11",4,14.811,"Mmbra",1,"kolo",3.1,21.93,3.1,"Myotis",0.675376196990424,1,94.067,95.21,231.8301,2
2022,"11",4,14.811,"Mmbra",1,"kolo",3.1,21.93,3.1,"Myotis",0.675376196990424,1,94.067,95.21,231.8301,2
2022,"11",4,14.811,"Mmbra",1,"kolo",3.1,21.93,3.1,"Myotis",0.675376196990424,1,94.067,95.21,231.8301,2
2022,"11",4,14.811,"Mmbra",1,"kolo",3.1,21.93,3.1,"Myotis",0.675376196990424,1,94.067,95.21,231.8301,2
2022,"11",4,14.811,"Mmbra",1,"kolo",3.1,21.93,3.1,"Myotis",0.675376196990424,1,94.067,95.21,231.8301,2
2022,"11",4,14.811,"Mmbra",1,"kolo",3.1,21.93,3.1,"Myotis",0.675376196990424,1,94.067,95.21,231.8301,2
2022,"11",4,14.811,"Mmbra",1,"kolo",3.1,21.93,3.1,"Myotis",0.675376196990424,1,94.067,95.21,231.8301,2
2022,"11",4,14.811,"Mmbra",1,"kolo",3.1,21.93,3.1,"Myotis",0.675376196990424,1,94.067,95.21,231.8301,2
2022,"11",4,14.811,"Mmbra",1,"kolo",3.1,21.93,3.1,"Myotis",0.675376196990424,1,94.067,95.21,231.8301,2
2022,"11",4,14.811,"Mmbra",1,"kolo",3.1,21.93,3.1,"Myotis",0.675376196990424,1,94.067,95.21,231.8301,2
2022,"11",4,14.811,"Mmbra",1,"kolo",3.1,21.93,3.1,"Myotis",0.675376196990424,1,94.067,95.21,231.8301,2
2022,"11",4,14.811,"Mmbra",1,"kolo",3.1,21.93,3.1,"Myotis",0.675376196990424,1,94.067,95.21,231.8301,2
2022,"11",4,14.811,"Mmbra",1,"kolo",3.1,21.93,3.1,"Myotis",0.675376196990424,1,94.067,95.21,231.8301,2
2022,"11",4,14.811,"Mmbra",1,"kolo",3.1,21.93,3.1,"Myotis",0.675376196990424,1,94.067,95.21,231.8301,2
2022,"11",4,14.811,"Mmbra",1,"kolo",3.1,21.93,3.1,"Myotis",0.675376196990424,1,94.067,95.21,231.8301,2
2022,"11",4,14.811,"Mmbra",1,"kolo",3.1,21.93,3.1,"Myotis",0.675376196990424,1,94.067,95.21,231.8301,2
2022,"11",4,14.811,"Mmbra",1,"kolo",3.1,21.93,3.1,"Myotis",0.675376196990424,1,94.067,95.21,231.8301,2
2022,"11",4,14.811,"Mmbra",1,"kolo",3.1,21.93,3.1,"Myotis",0.675376196990424,1,94.067,95.21,231.8301,2
2022,"11",4,14.811,"Mmbra",1,"kolo",3.1,21.93,3.1,"Myotis",0.675376196990424,1,94.067,95.21,231.8301,2
2022,"11",4,14.811,"Mmbra",1,"kolo",3.1,21.93,3.1,"Myotis",0.675376196990424,1,94.067,95.21,231.8301,2
2022,"11",4,14.811,"Mmbra",1,"kolo",3.1,21.93,3.1,"Myotis",0.675376196990424,1,94.067,95.21,231.8301,2
2022,"11",4,14.811,"Mmbra",1,"kolo",3.1,21.93,3.1,"Myotis",0.675376196990424,1,94.067,95.21,231.8301,2
2022,"11",4,14.811,"Mmbra",1,"kolo",3.1,21.93,3.1,"Myotis",0.675376196990424,1,94.067,95.21,231.8301,2
2022,"11",4,14.811,"Mmbra",1,"kolo",3.1,21.93,3.1,"Myotis",0.675376196990424,1,94.067,95.21,231.8301,2
2022,"11",4,14.811,"Mmbra",1,"kolo",3.1,21.93,3.1,"Myotis",0.675376196990424,1,94.067,95.21,231.8301,2
2022,"11",4,14.811,"Mmbra",1,"kolo",3.1,21.93,3.1,"Myotis",0.675376196990424,1,94.067,95.21,231.8301,2
2022,"11",4,14.811,"Mmbra",1,"kolo",3.1,21.93,3.1,"Myotis",0.675376196990424,1,94.067,95.21,231.8301,2
2022,"11",4,14.811,"Mmbra",1,"kolo",3.1,21.93,3.1,"Myotis",0.675376196990424,1,94.067,95.21,231.8301,2
2022,"11",4,14.811,"Mmbra",1,"kolo",3.1,21.93,3.1,"Myotis",0.675376196990424,1,94.067,95.21,231.8301,2
2022,"11",4,14.811,"Mmbra",1,"kolo",3.1,21.93,3.1,"Myotis",0.675376196990424,1,94.067,95.21,231.8301,2
2022,"11",4,14.811,"Mmbra",1,"kolo",3.1,21.93,3.1,"Myotis",0.675376196990424,1,94.067,95.21,231.8301,2
2022,"11",4,14.811,"Mmbra",1,"kolo",3.1,21.93,3.1,"Myotis",0.675376196990424,1,94.067,95.21,231.8301,2
2022,"11",4,14.811,"Mmbra",1,"kolo",3.1,21.93,3.1,"Myotis",0.675376196990424,1,94.067,95.21,231.8301,2
2022,"11",4,14.811,"Mmbra",1,"kolo",3.1,21.93,3.1,"Myotis",0.675376196990424,1,94.067,95.21,231.8301,2
2022,"11",4,14.811,"Mmbra",1,"kolo",3.1,21.93,3.1,"Myotis",0.675376196990424,1,94.067,95.21,231.8301,2
2022,"11",4,14.811,"Mmbra",1,"kolo",3.1,21.93,3.1,"Myotis",0.675376196990424,1,94.067,95.21,231.8301,2
2022,"11",4,14.811,"Mmbra",1,"kolo",3.1,21.93,3.1,"Myotis",0.675376196990424,1,94.067,95.21,231.8301,2
2022,"11",4,14.811,"Mmbra",1,"kolo",3.1,21.93,3.1,"Myotis",0.675376196990424,1,94.067,95.21,231.8301,2
2022,"11",4,14.811,"Mmbra",1,"kolo",3.1,21.93,3.1,"Myotis",0.675376196990424,1,94.067,95.21,231.8301,2
2022,"11",4,14.811,"Mmbra",1,"kolo",3.1,21.93,3.1,"Myotis",0.675376196990424,1,94.067,95.21,231.8301,2
2022,"11",4,14.811,"Mmbra",1,"kolo",3.1,21.93,3.1,"Myotis",0.675376196990424,1,94.067,95.21,231.8301,2
2022,"11",4,14.811,"Mmbra",1,"kolo",3.1,21.93,3.1,"Myotis",0.675376196990424,1,94.067,95.21,231.8301,2
2022,"11",4,14.811,"Mmbra",1,"kolo",3.1,21.93,3.1,"Myotis",0.675376196990424,1,94.067,95.21,231.8301,2
2022,"11",4,14.811,"Mmbra",1,"kolo",3.1,21.93,3.1,"Myotis",0.675376196990424,1,94.067,95.21,231.8301,2
2022,"11",5,13.332,"Mmbra",1,"kolo",2,21.93,2.6,"Myotis",0.607934336525308,0.769230769230769,94.067,95.21,231.8301,2
2022,"11",5,13.332,"Mmbra",1,"kolo",2,21.93,2.6,"Myotis",0.607934336525308,0.769230769230769,94.067,95.21,231.8301,2
2022,"11",5,13.332,"Mmbra",1,"kolo",2,21.93,2.6,"Myotis",0.607934336525308,0.769230769230769,94.067,95.21,231.8301,2
2022,"11",6,2.149,"Mmbra",1,"kolo",1,21.93,2,"Myotis",0.0979936160510716,0.5,94.067,95.21,231.8301,2
2022,"11",6,2.149,"Mmbra",1,"kolo",1,21.93,2,"Myotis",0.0979936160510716,0.5,94.067,95.21,231.8301,2
2022,"11",6,2.149,"Mmbra",1,"kolo",1,21.93,2,"Myotis",0.0979936160510716,0.5,94.067,95.21,231.8301,2
2022,"11",7,2.191,"Mmbra",1,"kolo",2,21.93,2,"Myotis",0.0999088007295942,1,94.067,95.21,231.8301,2
2022,"11",7,2.191,"Mmbra",1,"kolo",2,21.93,2,"Myotis",0.0999088007295942,1,94.067,95.21,231.8301,2
2022,"11",7,2.191,"Mmbra",1,"kolo",2,21.93,2,"Myotis",0.0999088007295942,1,94.067,95.21,231.8301,2
2022,"11",8,3.712,"Mmbra",1,"kolo",5,21.93,6,"Myotis",0.169265845873233,0.833333333333333,94.067,95.21,231.8301,2
2022,"11",8,3.712,"Mmbra",1,"kolo",5,21.93,6,"Myotis",0.169265845873233,0.833333333333333,94.067,95.21,231.8301,2
2022,"11",8,3.712,"Mmbra",1,"kolo",5,21.93,6,"Myotis",0.169265845873233,0.833333333333333,94.067,95.21,231.8301,2
2022,"1-180",1,13.017,"Enil",1,"pinta",1.2,24.446,2,"Enil",0.532479751288554,0.6,299.448,221.422,821.5596,4
2022,"1-180",1,13.017,"Enil",1,"pinta",1.2,24.446,2,"Enil",0.532479751288554,0.6,299.448,221.422,821.5596,4
2022,"1-180",1,13.017,"Enil",1,"pinta",1.2,24.446,2,"Enil",0.532479751288554,0.6,299.448,221.422,821.5596,4
2022,"1-180",2,17.54,"Enil",1,"kolo",3.1,24.446,3.1,"Enil",0.717499795467561,1,299.448,221.422,821.5596,4
2022,"1-180",2,17.54,"Enil",1,"kolo",3.1,24.446,3.1,"Enil",0.717499795467561,1,299.448,221.422,821.5596,4
2022,"1-180",2,17.54,"Enil",1,"kolo",3.1,24.446,3.1,"Enil",0.717499795467561,1,299.448,221.422,821.5596,4
2022,"1-180",3,12.283,"Paur",1,"pinta",NA,24.446,3,"Paur",0.502454389266138,NA,299.448,221.422,821.5596,4
2022,"1-180",3,12.283,"Paur",1,"pinta",NA,24.446,3,"Paur",0.502454389266138,NA,299.448,221.422,821.5596,4
2022,"1-180",3,12.283,"Paur",1,"pinta",NA,24.446,3,"Paur",0.502454389266138,NA,299.448,221.422,821.5596,4
2022,"1-180",4,12.277,"Enil",1,"pinta",NA,24.446,3,"Enil",0.502208950339524,NA,299.448,221.422,821.5596,4
2022,"1-180",4,12.277,"Enil",1,"pinta",NA,24.446,3,"Enil",0.502208950339524,NA,299.448,221.422,821.5596,4
2022,"1-180",4,12.277,"Enil",1,"pinta",NA,24.446,3,"Enil",0.502208950339524,NA,299.448,221.422,821.5596,4
2022,"1-180",5,12.824,"Enil",1,"pinta",2,24.446,2,"Enil",0.524584799149145,1,299.448,221.422,821.5596,4
2022,"1-180",5,12.824,"Enil",1,"pinta",2,24.446,2,"Enil",0.524584799149145,1,299.448,221.422,821.5596,4
2022,"1-180",5,12.824,"Enil",1,"pinta",2,24.446,2,"Enil",0.524584799149145,1,299.448,221.422,821.5596,4
2022,"1-180",6,22.279,"Enil",1,"kolo",NA,24.446,3.1,"Enil",0.911355641004663,NA,299.448,221.422,821.5596,4
2022,"1-180",6,22.279,"Enil",1,"kolo",NA,24.446,3.1,"Enil",0.911355641004663,NA,299.448,221.422,821.5596,4
2022,"1-180",6,22.279,"Enil",1,"kolo",NA,24.446,3.1,"Enil",0.911355641004663,NA,299.448,221.422,821.5596,4
2022,"7",1,8.271,"Mmbra",1,"kolo",5,25.985,5,"Myotis",0.318299018664614,1,176.048,184.846,441.139,4
2022,"7",1,8.271,"Mmbra",1,"kolo",5,25.985,5,"Myotis",0.318299018664614,1,176.048,184.846,441.139,4
2022,"7",1,8.271,"Mmbra",1,"kolo",5,25.985,5,"Myotis",0.318299018664614,1,176.048,184.846,441.139,4
2022,"7",1,8.271,"Mmbra",1,"kolo",5,25.985,5,"Myotis",0.318299018664614,1,176.048,184.846,441.139,4
2022,"7",1,8.271,"Mmbra",1,"kolo",5,25.985,5,"Myotis",0.318299018664614,1,176.048,184.846,441.139,4
2022,"7",1,8.271,"Mmbra",1,"kolo",5,25.985,5,"Myotis",0.318299018664614,1,176.048,184.846,441.139,4
2022,"7",1,8.271,"Mmbra",1,"kolo",5,25.985,5,"Myotis",0.318299018664614,1,176.048,184.846,441.139,4
2022,"7",1,8.271,"Mmbra",1,"kolo",5,25.985,5,"Myotis",0.318299018664614,1,176.048,184.846,441.139,4
2022,"7",1,8.271,"Mmbra",1,"kolo",5,25.985,5,"Myotis",0.318299018664614,1,176.048,184.846,441.139,4
2022,"7",1,8.271,"Mmbra",1,"kolo",5,25.985,5,"Myotis",0.318299018664614,1,176.048,184.846,441.139,4
2022,"7",1,8.271,"Mmbra",1,"kolo",5,25.985,5,"Myotis",0.318299018664614,1,176.048,184.846,441.139,4
2022,"7",1,8.271,"Mmbra",1,"kolo",5,25.985,5,"Myotis",0.318299018664614,1,176.048,184.846,441.139,4
2022,"7",1,8.271,"Mmbra",1,"kolo",5,25.985,5,"Myotis",0.318299018664614,1,176.048,184.846,441.139,4
2022,"7",1,8.271,"Mmbra",1,"kolo",5,25.985,5,"Myotis",0.318299018664614,1,176.048,184.846,441.139,4
2022,"7",1,8.271,"Mmbra",1,"kolo",5,25.985,5,"Myotis",0.318299018664614,1,176.048,184.846,441.139,4
2022,"7",1,8.271,"Mmbra",1,"kolo",5,25.985,5,"Myotis",0.318299018664614,1,176.048,184.846,441.139,4
2022,"7",1,8.271,"Mmbra",1,"kolo",5,25.985,5,"Myotis",0.318299018664614,1,176.048,184.846,441.139,4
2022,"7",1,8.271,"Mmbra",1,"kolo",5,25.985,5,"Myotis",0.318299018664614,1,176.048,184.846,441.139,4
2022,"7",1,8.271,"Mmbra",1,"kolo",5,25.985,5,"Myotis",0.318299018664614,1,176.048,184.846,441.139,4
2022,"7",1,8.271,"Mmbra",1,"kolo",5,25.985,5,"Myotis",0.318299018664614,1,176.048,184.846,441.139,4
2022,"7",1,8.271,"Mmbra",1,"kolo",5,25.985,5,"Myotis",0.318299018664614,1,176.048,184.846,441.139,4
2022,"7",2,8.304,"Mmbra",1,"kolo",5,25.985,5,"Myotis",0.319568982105061,1,176.048,184.846,441.139,4
2022,"7",2,8.304,"Mmbra",1,"kolo",5,25.985,5,"Myotis",0.319568982105061,1,176.048,184.846,441.139,4
2022,"7",2,8.304,"Mmbra",1,"kolo",5,25.985,5,"Myotis",0.319568982105061,1,176.048,184.846,441.139,4
2022,"7",2,8.304,"Mmbra",1,"kolo",5,25.985,5,"Myotis",0.319568982105061,1,176.048,184.846,441.139,4
2022,"7",2,8.304,"Mmbra",1,"kolo",5,25.985,5,"Myotis",0.319568982105061,1,176.048,184.846,441.139,4
2022,"7",2,8.304,"Mmbra",1,"kolo",5,25.985,5,"Myotis",0.319568982105061,1,176.048,184.846,441.139,4
2022,"7",2,8.304,"Mmbra",1,"kolo",5,25.985,5,"Myotis",0.319568982105061,1,176.048,184.846,441.139,4
2022,"7",2,8.304,"Mmbra",1,"kolo",5,25.985,5,"Myotis",0.319568982105061,1,176.048,184.846,441.139,4
2022,"7",2,8.304,"Mmbra",1,"kolo",5,25.985,5,"Myotis",0.319568982105061,1,176.048,184.846,441.139,4
2022,"7",3,7.743,"Mmbra",1,"kolo",5,25.985,5,"Myotis",0.297979603617472,1,176.048,184.846,441.139,4
2022,"7",3,7.743,"Mmbra",1,"kolo",5,25.985,5,"Myotis",0.297979603617472,1,176.048,184.846,441.139,4
2022,"7",3,7.743,"Mmbra",1,"kolo",5,25.985,5,"Myotis",0.297979603617472,1,176.048,184.846,441.139,4
2022,"7",4,8.716,"Mmbra",1,"kolo",2,25.985,5,"Myotis",0.335424283240331,0.4,176.048,184.846,441.139,4
2022,"7",4,8.716,"Mmbra",1,"kolo",2,25.985,5,"Myotis",0.335424283240331,0.4,176.048,184.846,441.139,4
2022,"7",4,8.716,"Mmbra",1,"kolo",2,25.985,5,"Myotis",0.335424283240331,0.4,176.048,184.846,441.139,4
2022,"7",5,9.043,"Mmbra",1,"kolo",5,25.985,5,"Myotis",0.348008466422936,1,176.048,184.846,441.139,4
2022,"7",5,9.043,"Mmbra",1,"kolo",5,25.985,5,"Myotis",0.348008466422936,1,176.048,184.846,441.139,4
2022,"7",5,9.043,"Mmbra",1,"kolo",5,25.985,5,"Myotis",0.348008466422936,1,176.048,184.846,441.139,4
2022,"7",5,9.043,"Mmbra",1,"kolo",5,25.985,5,"Myotis",0.348008466422936,1,176.048,184.846,441.139,4
2022,"7",5,9.043,"Mmbra",1,"kolo",5,25.985,5,"Myotis",0.348008466422936,1,176.048,184.846,441.139,4
2022,"7",5,9.043,"Mmbra",1,"kolo",5,25.985,5,"Myotis",0.348008466422936,1,176.048,184.846,441.139,4
2022,"7",5,9.043,"Mmbra",1,"kolo",5,25.985,5,"Myotis",0.348008466422936,1,176.048,184.846,441.139,4
2022,"7",5,9.043,"Mmbra",1,"kolo",5,25.985,5,"Myotis",0.348008466422936,1,176.048,184.846,441.139,4
2022,"7",5,9.043,"Mmbra",1,"kolo",5,25.985,5,"Myotis",0.348008466422936,1,176.048,184.846,441.139,4
2022,"7",6,13.199,"Mmbra",1,"kolo",2.3,25.985,2.3,"Myotis",0.507946892437945,1,176.048,184.846,441.139,4
2022,"7",6,13.199,"Mmbra",1,"kolo",2.3,25.985,2.3,"Myotis",0.507946892437945,1,176.048,184.846,441.139,4
2022,"7",6,13.199,"Mmbra",1,"kolo",2.3,25.985,2.3,"Myotis",0.507946892437945,1,176.048,184.846,441.139,4
2022,"7",6,13.199,"Mmbra",1,"kolo",2.3,25.985,2.3,"Myotis",0.507946892437945,1,176.048,184.846,441.139,4
2022,"7",6,13.199,"Mmbra",1,"kolo",2.3,25.985,2.3,"Myotis",0.507946892437945,1,176.048,184.846,441.139,4
2022,"7",6,13.199,"Mmbra",1,"kolo",2.3,25.985,2.3,"Myotis",0.507946892437945,1,176.048,184.846,441.139,4
2022,"7",7,16.837,"Mmbra",1,"kolo",1.5,25.985,2.3,"Myotis",0.647950740812007,0.652173913043478,176.048,184.846,441.139,4
2022,"7",7,16.837,"Mmbra",1,"kolo",1.5,25.985,2.3,"Myotis",0.647950740812007,0.652173913043478,176.048,184.846,441.139,4
2022,"7",7,16.837,"Mmbra",1,"kolo",1.5,25.985,2.3,"Myotis",0.647950740812007,0.652173913043478,176.048,184.846,441.139,4
2022,"7",8,18.455,"Mmbra",1,"kolo",1.5,25.985,2.3,"Myotis",0.710217433134501,0.652173913043478,176.048,184.846,441.139,4
2022,"7",8,18.455,"Mmbra",1,"kolo",1.5,25.985,2.3,"Myotis",0.710217433134501,0.652173913043478,176.048,184.846,441.139,4
2022,"7",8,18.455,"Mmbra",1,"kolo",1.5,25.985,2.3,"Myotis",0.710217433134501,0.652173913043478,176.048,184.846,441.139,4
2022,"7",8,18.455,"Mmbra",1,"kolo",1.5,25.985,2.3,"Myotis",0.710217433134501,0.652173913043478,176.048,184.846,441.139,4
2022,"7",8,18.455,"Mmbra",1,"kolo",1.5,25.985,2.3,"Myotis",0.710217433134501,0.652173913043478,176.048,184.846,441.139,4
2022,"7",8,18.455,"Mmbra",1,"kolo",1.5,25.985,2.3,"Myotis",0.710217433134501,0.652173913043478,176.048,184.846,441.139,4
2022,"7",9,16.769,"Paur",1,"kolo",1,25.985,2.3,"Paur",0.645333846449875,0.434782608695652,176.048,184.846,441.139,4
2022,"7",9,16.769,"Paur",1,"kolo",1,25.985,2.3,"Paur",0.645333846449875,0.434782608695652,176.048,184.846,441.139,4
2022,"7",9,16.769,"Paur",1,"kolo",1,25.985,2.3,"Paur",0.645333846449875,0.434782608695652,176.048,184.846,441.139,4
2022,"7",10,16.447,"Mmbra",1,"kolo",1.5,25.985,2,"Myotis",0.632942081970367,0.75,176.048,184.846,441.139,4
2022,"7",10,16.447,"Mmbra",1,"kolo",1.5,25.985,2,"Myotis",0.632942081970367,0.75,176.048,184.846,441.139,4
2022,"7",10,16.447,"Mmbra",1,"kolo",1.5,25.985,2,"Myotis",0.632942081970367,0.75,176.048,184.846,441.139,4
2022,"7",11,16.788,"Mmbra",1,"kolo",2,25.985,2,"Myotis",0.646065037521647,1,176.048,184.846,441.139,4
2022,"7",11,16.788,"Mmbra",1,"kolo",2,25.985,2,"Myotis",0.646065037521647,1,176.048,184.846,441.139,4
2022,"7",11,16.788,"Mmbra",1,"kolo",2,25.985,2,"Myotis",0.646065037521647,1,176.048,184.846,441.139,4
2022,"7",12,20.106,"Mmbra",1,"kolo",2,25.985,3.2,"Myotis",0.773754088897441,0.625,176.048,184.846,441.139,4
2022,"7",12,20.106,"Mmbra",1,"kolo",2,25.985,3.2,"Myotis",0.773754088897441,0.625,176.048,184.846,441.139,4
2022,"7",12,20.106,"Mmbra",1,"kolo",2,25.985,3.2,"Myotis",0.773754088897441,0.625,176.048,184.846,441.139,4
2022,"7",12,20.106,"Mmbra",1,"kolo",2,25.985,3.2,"Myotis",0.773754088897441,0.625,176.048,184.846,441.139,4
2022,"7",12,20.106,"Mmbra",1,"kolo",2,25.985,3.2,"Myotis",0.773754088897441,0.625,176.048,184.846,441.139,4
2022,"7",12,20.106,"Mmbra",1,"kolo",2,25.985,3.2,"Myotis",0.773754088897441,0.625,176.048,184.846,441.139,4
2022,"7",13,20.663,"Mmbra",1,"kolo",2,25.985,3.2,"Myotis",0.795189532422552,0.625,176.048,184.846,441.139,4
2022,"7",13,20.663,"Mmbra",1,"kolo",2,25.985,3.2,"Myotis",0.795189532422552,0.625,176.048,184.846,441.139,4
2022,"7",13,20.663,"Mmbra",1,"kolo",2,25.985,3.2,"Myotis",0.795189532422552,0.625,176.048,184.846,441.139,4
2022,"7",13,20.663,"Mmbra",1,"kolo",2,25.985,3.2,"Myotis",0.795189532422552,0.625,176.048,184.846,441.139,4
2022,"7",13,20.663,"Mmbra",1,"kolo",2,25.985,3.2,"Myotis",0.795189532422552,0.625,176.048,184.846,441.139,4
2022,"7",13,20.663,"Mmbra",1,"kolo",2,25.985,3.2,"Myotis",0.795189532422552,0.625,176.048,184.846,441.139,4
2022,"7",14,16.134,"Mmbra",1,"kolo",2,25.985,3.2,"Myotis",0.620896671156436,0.625,176.048,184.846,441.139,4
2022,"7",14,16.134,"Mmbra",1,"kolo",2,25.985,3.2,"Myotis",0.620896671156436,0.625,176.048,184.846,441.139,4
2022,"7",14,16.134,"Mmbra",1,"kolo",2,25.985,3.2,"Myotis",0.620896671156436,0.625,176.048,184.846,441.139,4
2022,"7",14,16.134,"Mmbra",1,"kolo",2,25.985,3.2,"Myotis",0.620896671156436,0.625,176.048,184.846,441.139,4
2022,"7",14,16.134,"Mmbra",1,"kolo",2,25.985,3.2,"Myotis",0.620896671156436,0.625,176.048,184.846,441.139,4
2022,"7",14,16.134,"Mmbra",1,"kolo",2,25.985,3.2,"Myotis",0.620896671156436,0.625,176.048,184.846,441.139,4
2022,"7",14,16.134,"Mmbra",1,"kolo",2,25.985,3.2,"Myotis",0.620896671156436,0.625,176.048,184.846,441.139,4
2022,"7",14,16.134,"Mmbra",1,"kolo",2,25.985,3.2,"Myotis",0.620896671156436,0.625,176.048,184.846,441.139,4
2022,"7",14,16.134,"Mmbra",1,"kolo",2,25.985,3.2,"Myotis",0.620896671156436,0.625,176.048,184.846,441.139,4
2022,"7",14,16.134,"Mmbra",1,"kolo",2,25.985,3.2,"Myotis",0.620896671156436,0.625,176.048,184.846,441.139,4
2022,"7",14,16.134,"Mmbra",1,"kolo",2,25.985,3.2,"Myotis",0.620896671156436,0.625,176.048,184.846,441.139,4
2022,"7",14,16.134,"Mmbra",1,"kolo",2,25.985,3.2,"Myotis",0.620896671156436,0.625,176.048,184.846,441.139,4
2022,"7",15,22.127,"Mmbra",1,"pinta",3,25.985,3.2,"Myotis",0.851529728689629,0.9375,176.048,184.846,441.139,4
2022,"7",15,22.127,"Mmbra",1,"pinta",3,25.985,3.2,"Myotis",0.851529728689629,0.9375,176.048,184.846,441.139,4
2022,"7",15,22.127,"Mmbra",1,"pinta",3,25.985,3.2,"Myotis",0.851529728689629,0.9375,176.048,184.846,441.139,4
2022,"7",15,22.127,"Mmbra",1,"pinta",3,25.985,3.2,"Myotis",0.851529728689629,0.9375,176.048,184.846,441.139,4
2022,"7",15,22.127,"Mmbra",1,"pinta",3,25.985,3.2,"Myotis",0.851529728689629,0.9375,176.048,184.846,441.139,4
2022,"7",15,22.127,"Mmbra",1,"pinta",3,25.985,3.2,"Myotis",0.851529728689629,0.9375,176.048,184.846,441.139,4
2022,"7",15,22.127,"Mmbra",1,"pinta",3,25.985,3.2,"Myotis",0.851529728689629,0.9375,176.048,184.846,441.139,4
2022,"7",15,22.127,"Mmbra",1,"pinta",3,25.985,3.2,"Myotis",0.851529728689629,0.9375,176.048,184.846,441.139,4
2022,"7",15,22.127,"Mmbra",1,"pinta",3,25.985,3.2,"Myotis",0.851529728689629,0.9375,176.048,184.846,441.139,4
2022,"7",16,21.299,"Mmbra",1,"kolo",2,25.985,3.2,"Myotis",0.81966519145661,0.625,176.048,184.846,441.139,4
2022,"7",16,21.299,"Mmbra",1,"kolo",2,25.985,3.2,"Myotis",0.81966519145661,0.625,176.048,184.846,441.139,4
2022,"7",16,21.299,"Mmbra",1,"kolo",2,25.985,3.2,"Myotis",0.81966519145661,0.625,176.048,184.846,441.139,4
2022,"7",16,21.299,"Mmbra",1,"kolo",2,25.985,3.2,"Myotis",0.81966519145661,0.625,176.048,184.846,441.139,4
2022,"7",16,21.299,"Mmbra",1,"kolo",2,25.985,3.2,"Myotis",0.81966519145661,0.625,176.048,184.846,441.139,4
2022,"7",16,21.299,"Mmbra",1,"kolo",2,25.985,3.2,"Myotis",0.81966519145661,0.625,176.048,184.846,441.139,4
2022,"7",17,22.082,"Mmbra",1,"kolo",1.5,25.985,3.2,"Myotis",0.849797960361747,0.46875,176.048,184.846,441.139,4
2022,"7",17,22.082,"Mmbra",1,"kolo",1.5,25.985,3.2,"Myotis",0.849797960361747,0.46875,176.048,184.846,441.139,4
2022,"7",17,22.082,"Mmbra",1,"kolo",1.5,25.985,3.2,"Myotis",0.849797960361747,0.46875,176.048,184.846,441.139,4
2022,"7",18,25.09,"Mmbra",1,"pinta",3,25.985,3.2,"Myotis",0.965557052145469,0.9375,176.048,184.846,441.139,4
2022,"7",18,25.09,"Mmbra",1,"pinta",3,25.985,3.2,"Myotis",0.965557052145469,0.9375,176.048,184.846,441.139,4
2022,"7",18,25.09,"Mmbra",1,"pinta",3,25.985,3.2,"Myotis",0.965557052145469,0.9375,176.048,184.846,441.139,4
2022,"7",18,25.09,"Mmbra",1,"pinta",3,25.985,3.2,"Myotis",0.965557052145469,0.9375,176.048,184.846,441.139,4
2022,"7",18,25.09,"Mmbra",1,"pinta",3,25.985,3.2,"Myotis",0.965557052145469,0.9375,176.048,184.846,441.139,4
2022,"7",18,25.09,"Mmbra",1,"pinta",3,25.985,3.2,"Myotis",0.965557052145469,0.9375,176.048,184.846,441.139,4
2022,"7",18,25.09,"Mmbra",1,"pinta",3,25.985,3.2,"Myotis",0.965557052145469,0.9375,176.048,184.846,441.139,4
2022,"7",18,25.09,"Mmbra",1,"pinta",3,25.985,3.2,"Myotis",0.965557052145469,0.9375,176.048,184.846,441.139,4
2022,"7",18,25.09,"Mmbra",1,"pinta",3,25.985,3.2,"Myotis",0.965557052145469,0.9375,176.048,184.846,441.139,4
2022,"7",18,25.09,"Mmbra",1,"pinta",3,25.985,3.2,"Myotis",0.965557052145469,0.9375,176.048,184.846,441.139,4
2022,"7",18,25.09,"Mmbra",1,"pinta",3,25.985,3.2,"Myotis",0.965557052145469,0.9375,176.048,184.846,441.139,4
2022,"7",18,25.09,"Mmbra",1,"pinta",3,25.985,3.2,"Myotis",0.965557052145469,0.9375,176.048,184.846,441.139,4
2022,"7",18,25.09,"Mmbra",1,"pinta",3,25.985,3.2,"Myotis",0.965557052145469,0.9375,176.048,184.846,441.139,4
2022,"7",18,25.09,"Mmbra",1,"pinta",3,25.985,3.2,"Myotis",0.965557052145469,0.9375,176.048,184.846,441.139,4
2022,"7",18,25.09,"Mmbra",1,"pinta",3,25.985,3.2,"Myotis",0.965557052145469,0.9375,176.048,184.846,441.139,4
2022,"7",18,25.09,"Mmbra",1,"pinta",3,25.985,3.2,"Myotis",0.965557052145469,0.9375,176.048,184.846,441.139,4
2022,"7",18,25.09,"Mmbra",1,"pinta",3,25.985,3.2,"Myotis",0.965557052145469,0.9375,176.048,184.846,441.139,4
2022,"7",18,25.09,"Mmbra",1,"pinta",3,25.985,3.2,"Myotis",0.965557052145469,0.9375,176.048,184.846,441.139,4
2022,"7",18,25.09,"Mmbra",1,"pinta",3,25.985,3.2,"Myotis",0.965557052145469,0.9375,176.048,184.846,441.139,4
2022,"7",18,25.09,"Mmbra",1,"pinta",3,25.985,3.2,"Myotis",0.965557052145469,0.9375,176.048,184.846,441.139,4
2022,"7",18,25.09,"Mmbra",1,"pinta",3,25.985,3.2,"Myotis",0.965557052145469,0.9375,176.048,184.846,441.139,4
2022,"7",18,25.09,"Mmbra",1,"pinta",3,25.985,3.2,"Myotis",0.965557052145469,0.9375,176.048,184.846,441.139,4
2022,"7",18,25.09,"Mmbra",1,"pinta",3,25.985,3.2,"Myotis",0.965557052145469,0.9375,176.048,184.846,441.139,4
2022,"7",18,25.09,"Mmbra",1,"pinta",3,25.985,3.2,"Myotis",0.965557052145469,0.9375,176.048,184.846,441.139,4
2022,"7",18,25.09,"Mmbra",1,"pinta",3,25.985,3.2,"Myotis",0.965557052145469,0.9375,176.048,184.846,441.139,4
2022,"7",18,25.09,"Mmbra",1,"pinta",3,25.985,3.2,"Myotis",0.965557052145469,0.9375,176.048,184.846,441.139,4
2022,"7",18,25.09,"Mmbra",1,"pinta",3,25.985,3.2,"Myotis",0.965557052145469,0.9375,176.048,184.846,441.139,4
2022,"7",19,24.734,"Mmbra",1,"pinta",3.2,25.985,3.2,"Myotis",0.951856840484895,1,176.048,184.846,441.139,4
2022,"7",19,24.734,"Mmbra",1,"pinta",3.2,25.985,3.2,"Myotis",0.951856840484895,1,176.048,184.846,441.139,4
2022,"7",19,24.734,"Mmbra",1,"pinta",3.2,25.985,3.2,"Myotis",0.951856840484895,1,176.048,184.846,441.139,4
2022,"7",19,24.734,"Mmbra",1,"pinta",3.2,25.985,3.2,"Myotis",0.951856840484895,1,176.048,184.846,441.139,4
2022,"7",19,24.734,"Mmbra",1,"pinta",3.2,25.985,3.2,"Myotis",0.951856840484895,1,176.048,184.846,441.139,4
2022,"7",19,24.734,"Mmbra",1,"pinta",3.2,25.985,3.2,"Myotis",0.951856840484895,1,176.048,184.846,441.139,4
2022,"7",19,24.734,"Mmbra",1,"pinta",3.2,25.985,3.2,"Myotis",0.951856840484895,1,176.048,184.846,441.139,4
2022,"7",19,24.734,"Mmbra",1,"pinta",3.2,25.985,3.2,"Myotis",0.951856840484895,1,176.048,184.846,441.139,4
2022,"7",19,24.734,"Mmbra",1,"pinta",3.2,25.985,3.2,"Myotis",0.951856840484895,1,176.048,184.846,441.139,4
2022,"7",19,24.734,"Mmbra",1,"pinta",3.2,25.985,3.2,"Myotis",0.951856840484895,1,176.048,184.846,441.139,4
2022,"7",19,24.734,"Mmbra",1,"pinta",3.2,25.985,3.2,"Myotis",0.951856840484895,1,176.048,184.846,441.139,4
2022,"7",19,24.734,"Mmbra",1,"pinta",3.2,25.985,3.2,"Myotis",0.951856840484895,1,176.048,184.846,441.139,4
2022,"7",19,24.734,"Mmbra",1,"pinta",3.2,25.985,3.2,"Myotis",0.951856840484895,1,176.048,184.846,441.139,4
2022,"7",19,24.734,"Mmbra",1,"pinta",3.2,25.985,3.2,"Myotis",0.951856840484895,1,176.048,184.846,441.139,4
2022,"7",19,24.734,"Mmbra",1,"pinta",3.2,25.985,3.2,"Myotis",0.951856840484895,1,176.048,184.846,441.139,4
2022,"7",19,24.734,"Mmbra",1,"pinta",3.2,25.985,3.2,"Myotis",0.951856840484895,1,176.048,184.846,441.139,4
2022,"7",19,24.734,"Mmbra",1,"pinta",3.2,25.985,3.2,"Myotis",0.951856840484895,1,176.048,184.846,441.139,4
2022,"7",19,24.734,"Mmbra",1,"pinta",3.2,25.985,3.2,"Myotis",0.951856840484895,1,176.048,184.846,441.139,4
2022,"7",19,24.734,"Mmbra",1,"pinta",3.2,25.985,3.2,"Myotis",0.951856840484895,1,176.048,184.846,441.139,4
2022,"7",19,24.734,"Mmbra",1,"pinta",3.2,25.985,3.2,"Myotis",0.951856840484895,1,176.048,184.846,441.139,4
2022,"7",19,24.734,"Mmbra",1,"pinta",3.2,25.985,3.2,"Myotis",0.951856840484895,1,176.048,184.846,441.139,4
2022,"7",19,24.734,"Mmbra",1,"pinta",3.2,25.985,3.2,"Myotis",0.951856840484895,1,176.048,184.846,441.139,4
2022,"7",19,24.734,"Mmbra",1,"pinta",3.2,25.985,3.2,"Myotis",0.951856840484895,1,176.048,184.846,441.139,4
2022,"7",19,24.734,"Mmbra",1,"pinta",3.2,25.985,3.2,"Myotis",0.951856840484895,1,176.048,184.846,441.139,4
2022,"7",20,25.632,"Mmbra",1,"pinta",3.2,25.985,3.2,"Myotis",0.986415239561285,1,176.048,184.846,441.139,4
2022,"7",20,25.632,"Mmbra",1,"pinta",3.2,25.985,3.2,"Myotis",0.986415239561285,1,176.048,184.846,441.139,4
2022,"7",20,25.632,"Mmbra",1,"pinta",3.2,25.985,3.2,"Myotis",0.986415239561285,1,176.048,184.846,441.139,4
2022,"7",20,25.632,"Mmbra",1,"pinta",3.2,25.985,3.2,"Myotis",0.986415239561285,1,176.048,184.846,441.139,4
2022,"7",20,25.632,"Mmbra",1,"pinta",3.2,25.985,3.2,"Myotis",0.986415239561285,1,176.048,184.846,441.139,4
2022,"7",20,25.632,"Mmbra",1,"pinta",3.2,25.985,3.2,"Myotis",0.986415239561285,1,176.048,184.846,441.139,4
2022,"7",20,25.632,"Mmbra",1,"pinta",3.2,25.985,3.2,"Myotis",0.986415239561285,1,176.048,184.846,441.139,4
2022,"7",20,25.632,"Mmbra",1,"pinta",3.2,25.985,3.2,"Myotis",0.986415239561285,1,176.048,184.846,441.139,4
2022,"7",20,25.632,"Mmbra",1,"pinta",3.2,25.985,3.2,"Myotis",0.986415239561285,1,176.048,184.846,441.139,4
2022,"7",20,25.632,"Mmbra",1,"pinta",3.2,25.985,3.2,"Myotis",0.986415239561285,1,176.048,184.846,441.139,4
2022,"7",20,25.632,"Mmbra",1,"pinta",3.2,25.985,3.2,"Myotis",0.986415239561285,1,176.048,184.846,441.139,4
2022,"7",20,25.632,"Mmbra",1,"pinta",3.2,25.985,3.2,"Myotis",0.986415239561285,1,176.048,184.846,441.139,4
2022,"7",20,25.632,"Mmbra",1,"pinta",3.2,25.985,3.2,"Myotis",0.986415239561285,1,176.048,184.846,441.139,4
2022,"7",20,25.632,"Mmbra",1,"pinta",3.2,25.985,3.2,"Myotis",0.986415239561285,1,176.048,184.846,441.139,4
2022,"7",20,25.632,"Mmbra",1,"pinta",3.2,25.985,3.2,"Myotis",0.986415239561285,1,176.048,184.846,441.139,4
2022,"7",20,25.632,"Mmbra",1,"pinta",3.2,25.985,3.2,"Myotis",0.986415239561285,1,176.048,184.846,441.139,4
2022,"7",20,25.632,"Mmbra",1,"pinta",3.2,25.985,3.2,"Myotis",0.986415239561285,1,176.048,184.846,441.139,4
2022,"7",20,25.632,"Mmbra",1,"pinta",3.2,25.985,3.2,"Myotis",0.986415239561285,1,176.048,184.846,441.139,4
2022,"7",20,25.632,"Mmbra",1,"pinta",3.2,25.985,3.2,"Myotis",0.986415239561285,1,176.048,184.846,441.139,4
2022,"7",20,25.632,"Mmbra",1,"pinta",3.2,25.985,3.2,"Myotis",0.986415239561285,1,176.048,184.846,441.139,4
2022,"7",20,25.632,"Mmbra",1,"pinta",3.2,25.985,3.2,"Myotis",0.986415239561285,1,176.048,184.846,441.139,4
2022,"7",21,25.366,"Enil",1,"pinta",1,25.985,3.2,"Enil",0.976178564556475,0.3125,176.048,184.846,441.139,4
2022,"7",21,25.366,"Enil",1,"pinta",1,25.985,3.2,"Enil",0.976178564556475,0.3125,176.048,184.846,441.139,4
2022,"7",21,25.366,"Enil",1,"pinta",1,25.985,3.2,"Enil",0.976178564556475,0.3125,176.048,184.846,441.139,4
2022,"7",22,25.476,"Paur",1,"kolo",2,25.985,3.2,"Paur",0.98041177602463,0.625,176.048,184.846,441.139,4
2022,"7",22,25.476,"Paur",1,"kolo",2,25.985,3.2,"Paur",0.98041177602463,0.625,176.048,184.846,441.139,4
2022,"7",22,25.476,"Paur",1,"kolo",2,25.985,3.2,"Paur",0.98041177602463,0.625,176.048,184.846,441.139,4
2022,"7",23,25.746,"Mmbra",1,"kolo",2,25.985,3.2,"Myotis",0.990802385991918,0.625,176.048,184.846,441.139,4
2022,"7",23,25.746,"Mmbra",1,"kolo",2,25.985,3.2,"Myotis",0.990802385991918,0.625,176.048,184.846,441.139,4
2022,"7",23,25.746,"Mmbra",1,"kolo",2,25.985,3.2,"Myotis",0.990802385991918,0.625,176.048,184.846,441.139,4
2022,"7",23,25.746,"Mmbra",1,"kolo",2,25.985,3.2,"Myotis",0.990802385991918,0.625,176.048,184.846,441.139,4
2022,"7",23,25.746,"Mmbra",1,"kolo",2,25.985,3.2,"Myotis",0.990802385991918,0.625,176.048,184.846,441.139,4
2022,"7",23,25.746,"Mmbra",1,"kolo",2,25.985,3.2,"Myotis",0.990802385991918,0.625,176.048,184.846,441.139,4
2022,"7",23,25.746,"Mmbra",1,"kolo",2,25.985,3.2,"Myotis",0.990802385991918,0.625,176.048,184.846,441.139,4
2022,"7",23,25.746,"Mmbra",1,"kolo",2,25.985,3.2,"Myotis",0.990802385991918,0.625,176.048,184.846,441.139,4
2022,"7",23,25.746,"Mmbra",1,"kolo",2,25.985,3.2,"Myotis",0.990802385991918,0.625,176.048,184.846,441.139,4
2022,"7",24,25.618,"Mdau",1,"pinta",3,25.985,3.2,"Myotis",0.985876467192611,0.9375,176.048,184.846,441.139,4
2022,"7",24,25.618,"Mdau",1,"pinta",3,25.985,3.2,"Myotis",0.985876467192611,0.9375,176.048,184.846,441.139,4
2022,"7",24,25.618,"Mdau",1,"pinta",3,25.985,3.2,"Myotis",0.985876467192611,0.9375,176.048,184.846,441.139,4
2022,"7",25,15.413,"Enil",1,"kolo",1.5,25.985,2.3,"Enil",0.593149894169713,0.652173913043478,176.048,184.846,441.139,4
2022,"7",25,15.413,"Enil",1,"kolo",1.5,25.985,2.3,"Enil",0.593149894169713,0.652173913043478,176.048,184.846,441.139,4
2022,"7",25,15.413,"Enil",1,"kolo",1.5,25.985,2.3,"Enil",0.593149894169713,0.652173913043478,176.048,184.846,441.139,4
2022,"7",26,5.584,"Mmbra",1,"kolo",2,25.985,2.3,"Myotis",0.214893207619781,0.869565217391304,176.048,184.846,441.139,4
2022,"7",26,5.584,"Mmbra",1,"kolo",2,25.985,2.3,"Myotis",0.214893207619781,0.869565217391304,176.048,184.846,441.139,4
2022,"7",26,5.584,"Mmbra",1,"kolo",2,25.985,2.3,"Myotis",0.214893207619781,0.869565217391304,176.048,184.846,441.139,4
2022,"7",27,5.348,"Mmbra",1,"kolo",2,25.985,2.3,"Myotis",0.205811044833558,0.869565217391304,176.048,184.846,441.139,4
2022,"7",27,5.348,"Mmbra",1,"kolo",2,25.985,2.3,"Myotis",0.205811044833558,0.869565217391304,176.048,184.846,441.139,4
2022,"7",27,5.348,"Mmbra",1,"kolo",2,25.985,2.3,"Myotis",0.205811044833558,0.869565217391304,176.048,184.846,441.139,4
2022,"7",27,5.348,"Mmbra",1,"kolo",2,25.985,2.3,"Myotis",0.205811044833558,0.869565217391304,176.048,184.846,441.139,4
2022,"7",27,5.348,"Mmbra",1,"kolo",2,25.985,2.3,"Myotis",0.205811044833558,0.869565217391304,176.048,184.846,441.139,4
2022,"7",27,5.348,"Mmbra",1,"kolo",2,25.985,2.3,"Myotis",0.205811044833558,0.869565217391304,176.048,184.846,441.139,4
2022,"7",28,5.883,"Enil",1,"pinta",2.5,25.985,2.3,"Enil",0.226399846065038,1.08695652173913,176.048,184.846,441.139,4
2022,"7",28,5.883,"Enil",1,"pinta",2.5,25.985,2.3,"Enil",0.226399846065038,1.08695652173913,176.048,184.846,441.139,4
2022,"7",28,5.883,"Enil",1,"pinta",2.5,25.985,2.3,"Enil",0.226399846065038,1.08695652173913,176.048,184.846,441.139,4
2022,"7",29,2.472,"Enil",1,"pinta",2.3,25.985,2.3,"Enil",0.0951318068116221,1,176.048,184.846,441.139,4
2022,"7",29,2.472,"Enil",1,"pinta",2.3,25.985,2.3,"Enil",0.0951318068116221,1,176.048,184.846,441.139,4
2022,"7",29,2.472,"Enil",1,"pinta",2.3,25.985,2.3,"Enil",0.0951318068116221,1,176.048,184.846,441.139,4
2022,"7",30,3.791,"Enil",1,"pinta",1.5,25.985,2,"Enil",0.145891860688859,0.75,176.048,184.846,441.139,4
2022,"7",30,3.791,"Enil",1,"pinta",1.5,25.985,2,"Enil",0.145891860688859,0.75,176.048,184.846,441.139,4
2022,"7",30,3.791,"Enil",1,"pinta",1.5,25.985,2,"Enil",0.145891860688859,0.75,176.048,184.846,441.139,4
2023,"70",1,8.173,"Enil",1,"kolo",2.1,11.786,2.1,"Enil",0.693449855761073,1,47.005,56.461,94.01,2
2023,"70",1,8.173,"Enil",1,"kolo",2.1,11.786,2.1,"Enil",0.693449855761073,1,47.005,56.461,94.01,2
2023,"70",1,8.173,"Enil",1,"kolo",2.1,11.786,2.1,"Enil",0.693449855761073,1,47.005,56.461,94.01,2
2023,"152",1,10.609,"Enil",1,"kolo",2,12.904,2,"Enil",0.822148171109733,1,43.884,51.194,87.768,1
2023,"152",1,10.609,"Enil",1,"kolo",2,12.904,2,"Enil",0.822148171109733,1,43.884,51.194,87.768,1
2023,"152",1,10.609,"Enil",1,"kolo",2,12.904,2,"Enil",0.822148171109733,1,43.884,51.194,87.768,1
2023,"72",1,7.971,"Enil",1,"pinta",2,10.996,2,"Enil",0.724899963623136,1,42.27,52.591,81.5811,1
2023,"72",1,7.971,"Enil",1,"pinta",2,10.996,2,"Enil",0.724899963623136,1,42.27,52.591,81.5811,1
2023,"72",1,7.971,"Enil",1,"pinta",2,10.996,2,"Enil",0.724899963623136,1,42.27,52.591,81.5811,1
2023,"72",2,8.271,"Enil",1,"kolo",2,10.996,2,"Enil",0.752182611858858,1,42.27,52.591,81.5811,1
2023,"72",2,8.271,"Enil",1,"kolo",2,10.996,2,"Enil",0.752182611858858,1,42.27,52.591,81.5811,1
2023,"72",2,8.271,"Enil",1,"kolo",2,10.996,2,"Enil",0.752182611858858,1,42.27,52.591,81.5811,1
2023,"72",3,9.907,"Enil",1,"pinta",1.7,10.996,2,"Enil",0.900963986904329,0.85,42.27,52.591,81.5811,1
2023,"72",3,9.907,"Enil",1,"pinta",1.7,10.996,2,"Enil",0.900963986904329,0.85,42.27,52.591,81.5811,1
2023,"72",3,9.907,"Enil",1,"pinta",1.7,10.996,2,"Enil",0.900963986904329,0.85,42.27,52.591,81.5811,1
2023,"72",4,10.839,"Enil",1,"pinta",2,10.996,2,"Enil",0.985722080756639,1,42.27,52.591,81.5811,1
2023,"72",4,10.839,"Enil",1,"pinta",2,10.996,2,"Enil",0.985722080756639,1,42.27,52.591,81.5811,1
2023,"72",4,10.839,"Enil",1,"pinta",2,10.996,2,"Enil",0.985722080756639,1,42.27,52.591,81.5811,1
2023,"72",5,4.488,"Enil",1,"pinta",2,10.996,2,"Enil",0.408148417606402,1,42.27,52.591,81.5811,1
2023,"72",5,4.488,"Enil",1,"pinta",2,10.996,2,"Enil",0.408148417606402,1,42.27,52.591,81.5811,1
2023,"72",5,4.488,"Enil",1,"pinta",2,10.996,2,"Enil",0.408148417606402,1,42.27,52.591,81.5811,1
2023,"73",1,3.471,"Enil",1,"pinta",1.7,21.589,2,"Enil",0.160776321274723,0.85,49.906,56.184,96.81764,1
2023,"73",1,3.471,"Enil",1,"pinta",1.7,21.589,2,"Enil",0.160776321274723,0.85,49.906,56.184,96.81764,1
2023,"73",1,3.471,"Enil",1,"pinta",1.7,21.589,2,"Enil",0.160776321274723,0.85,49.906,56.184,96.81764,1
2023,"73",2,2.741,"Enil",1,"kolo",2,21.589,5,"Enil",0.126962805132243,0.4,49.906,56.184,96.81764,1
2023,"73",2,2.741,"Enil",1,"kolo",2,21.589,5,"Enil",0.126962805132243,0.4,49.906,56.184,96.81764,1
2023,"73",2,2.741,"Enil",1,"kolo",2,21.589,5,"Enil",0.126962805132243,0.4,49.906,56.184,96.81764,1
2022,"70",1,7.085,"Enil",1,"kolo",2.1,11.786,2.1,"Enil",0.601136942134736,1,47.005,56.461,94.01,2
2022,"70",1,7.085,"Enil",1,"kolo",2.1,11.786,2.1,"Enil",0.601136942134736,1,47.005,56.461,94.01,2
2022,"70",1,7.085,"Enil",1,"kolo",2.1,11.786,2.1,"Enil",0.601136942134736,1,47.005,56.461,94.01,2
2022,"73",1,12,"Enil",1,"kolo",2,21.589,2,"Enil",0.555838621520219,1,49.906,56.184,96.81764,1
2022,"73",1,12,"Enil",1,"kolo",2,21.589,2,"Enil",0.555838621520219,1,49.906,56.184,96.81764,1
2022,"73",1,12,"Enil",1,"kolo",2,21.589,2,"Enil",0.555838621520219,1,49.906,56.184,96.81764,1
2022,"155",1,5.845,"Enil",1,"kolo",1,9.069,2,"Enil",0.644503252839343,0.5,38.06,56.063,74.217,2
2022,"155",1,5.845,"Enil",1,"kolo",1,9.069,2,"Enil",0.644503252839343,0.5,38.06,56.063,74.217,2
2022,"155",1,5.845,"Enil",1,"kolo",1,9.069,2,"Enil",0.644503252839343,0.5,38.06,56.063,74.217,2
2022,"155",2,7.286,"Enil",1,"kolo",-1,9.069,2,"Enil",0.803396184805381,-0.5,38.06,56.063,74.217,2
2022,"155",2,7.286,"Enil",1,"kolo",-1,9.069,2,"Enil",0.803396184805381,-0.5,38.06,56.063,74.217,2
2022,"155",2,7.286,"Enil",1,"kolo",-1,9.069,2,"Enil",0.803396184805381,-0.5,38.06,56.063,74.217,2
2023,"427",1,10.364,"Enil",1,"pinta",1.9,11.328,1.9,"Enil",0.914901129943503,1,41.504,54.707,83.008,1
2023,"427",1,10.364,"Enil",1,"pinta",1.9,11.328,1.9,"Enil",0.914901129943503,1,41.504,54.707,83.008,1
2023,"427",1,10.364,"Enil",1,"pinta",1.9,11.328,1.9,"Enil",0.914901129943503,1,41.504,54.707,83.008,1
2023,"252",1,3.017,"Enil",1,"kolo",1.5,6.392,2,"Enil",0.471996245306633,0.75,23.559,31.012,47.118,1
2023,"252",1,3.017,"Enil",1,"kolo",1.5,6.392,2,"Enil",0.471996245306633,0.75,23.559,31.012,47.118,1
2023,"252",1,3.017,"Enil",1,"kolo",1.5,6.392,2,"Enil",0.471996245306633,0.75,23.559,31.012,47.118,1
2023,"252",2,5.332,"Enil",1,"pinta",1.5,6.392,2,"Enil",0.834167709637046,0.75,23.559,31.012,47.118,1
2023,"252",2,5.332,"Enil",1,"pinta",1.5,6.392,2,"Enil",0.834167709637046,0.75,23.559,31.012,47.118,1
2023,"252",2,5.332,"Enil",1,"pinta",1.5,6.392,2,"Enil",0.834167709637046,0.75,23.559,31.012,47.118,1
2023,"252",3,1.861,"Enil",1,"between pinta and kolo",1.5,6.392,2,"Enil",0.291145181476846,0.75,23.559,31.012,47.118,1
2023,"252",3,1.861,"Enil",1,"between pinta and kolo",1.5,6.392,2,"Enil",0.291145181476846,0.75,23.559,31.012,47.118,1
2023,"252",3,1.861,"Enil",1,"between pinta and kolo",1.5,6.392,2,"Enil",0.291145181476846,0.75,23.559,31.012,47.118,1
2023,"272",1,10.181,"Enil",1,"pinta",2,11.066,2,"Enil",0.92002530272908,1,42.23,51.212,84.46,1
2023,"272",1,10.181,"Enil",1,"pinta",2,11.066,2,"Enil",0.92002530272908,1,42.23,51.212,84.46,1
2023,"272",1,10.181,"Enil",1,"pinta",2,11.066,2,"Enil",0.92002530272908,1,42.23,51.212,84.46,1
2023,"241",1,1.855,"Enil",1,"pinta",2.5,6.987,5,"Enil",0.265493058537283,0.5,28.698,38.497,57.396,2
2023,"241",1,1.855,"Enil",1,"pinta",2.5,6.987,5,"Enil",0.265493058537283,0.5,28.698,38.497,57.396,2
2023,"241",1,1.855,"Enil",1,"pinta",2.5,6.987,5,"Enil",0.265493058537283,0.5,28.698,38.497,57.396,2
2023,"241",2,6.17,"Enil",1,"pinta",2,6.987,2,"Enil",0.883068555889509,1,28.698,38.497,57.396,2
2023,"241",2,6.17,"Enil",1,"pinta",2,6.987,2,"Enil",0.883068555889509,1,28.698,38.497,57.396,2
2023,"241",2,6.17,"Enil",1,"pinta",2,6.987,2,"Enil",0.883068555889509,1,28.698,38.497,57.396,2
2023,"241",3,4.692,"Enil",1,"pinta",1,6.987,2,"Enil",0.671532846715329,0.5,28.698,38.497,57.396,2
2023,"241",3,4.692,"Enil",1,"pinta",1,6.987,2,"Enil",0.671532846715329,0.5,28.698,38.497,57.396,2
2023,"241",3,4.692,"Enil",1,"pinta",1,6.987,2,"Enil",0.671532846715329,0.5,28.698,38.497,57.396,2
2022,"427",1,3.477,"Enil",1,"pinta",1.9,11.328,1.9,"Enil",0.306938559322034,1,41.504,54.707,83.008,1
2022,"427",1,3.477,"Enil",1,"pinta",1.9,11.328,1.9,"Enil",0.306938559322034,1,41.504,54.707,83.008,1
2022,"427",1,3.477,"Enil",1,"pinta",1.9,11.328,1.9,"Enil",0.306938559322034,1,41.504,54.707,83.008,1
2022,"427",2,7.535,"Enil",1,"pinta",1.9,11.328,1.9,"Enil",0.665165960451977,1,41.504,54.707,83.008,1
2022,"427",2,7.535,"Enil",1,"pinta",1.9,11.328,1.9,"Enil",0.665165960451977,1,41.504,54.707,83.008,1
2022,"427",2,7.535,"Enil",1,"pinta",1.9,11.328,1.9,"Enil",0.665165960451977,1,41.504,54.707,83.008,1
2022,"427",3,10.389,"Enil",1,"pinta",1.9,11.328,1.9,"Enil",0.917108050847458,1,41.504,54.707,83.008,1
2022,"427",3,10.389,"Enil",1,"pinta",1.9,11.328,1.9,"Enil",0.917108050847458,1,41.504,54.707,83.008,1
2022,"427",3,10.389,"Enil",1,"pinta",1.9,11.328,1.9,"Enil",0.917108050847458,1,41.504,54.707,83.008,1
2022,"252",1,5.032,"Enil",1,"kolo",2,6.392,2,"Enil",0.787234042553191,1,23.559,31.012,47.118,1
2022,"252",1,5.032,"Enil",1,"kolo",2,6.392,2,"Enil",0.787234042553191,1,23.559,31.012,47.118,1
2022,"252",1,5.032,"Enil",1,"kolo",2,6.392,2,"Enil",0.787234042553191,1,23.559,31.012,47.118,1
2022,"252",2,5.598,"Enil",1,"kolo",2,6.392,2,"Enil",0.875782227784731,1,23.559,31.012,47.118,1
2022,"252",2,5.598,"Enil",1,"kolo",2,6.392,2,"Enil",0.875782227784731,1,23.559,31.012,47.118,1
2022,"252",2,5.598,"Enil",1,"kolo",2,6.392,2,"Enil",0.875782227784731,1,23.559,31.012,47.118,1
2022,"241",1,3.793,"Enil",1,"pinta",2,6.987,2,"Enil",0.542865321311006,1,28.698,38.497,57.396,2
2022,"241",1,3.793,"Enil",1,"pinta",2,6.987,2,"Enil",0.542865321311006,1,28.698,38.497,57.396,2
2022,"241",1,3.793,"Enil",1,"pinta",2,6.987,2,"Enil",0.542865321311006,1,28.698,38.497,57.396,2
2022,"241",2,4.315,"Enil",1,"pinta",2,6.987,2,"Enil",0.617575497352226,1,28.698,38.497,57.396,2
2022,"241",2,4.315,"Enil",1,"pinta",2,6.987,2,"Enil",0.617575497352226,1,28.698,38.497,57.396,2
2022,"241",2,4.315,"Enil",1,"pinta",2,6.987,2,"Enil",0.617575497352226,1,28.698,38.497,57.396,2
2022,"241",3,5.488,"Enil",1,"pinta",2,6.987,2,"Enil",0.785458709031058,1,28.698,38.497,57.396,2
2022,"241",3,5.488,"Enil",1,"pinta",2,6.987,2,"Enil",0.785458709031058,1,28.698,38.497,57.396,2
2022,"241",3,5.488,"Enil",1,"pinta",2,6.987,2,"Enil",0.785458709031058,1,28.698,38.497,57.396,2
2022,"241",4,6.218,"Enil",1,"pinta",2,6.987,2,"Enil",0.889938457134679,1,28.698,38.497,57.396,2
2022,"241",4,6.218,"Enil",1,"pinta",2,6.987,2,"Enil",0.889938457134679,1,28.698,38.497,57.396,2
2022,"241",4,6.218,"Enil",1,"pinta",2,6.987,2,"Enil",0.889938457134679,1,28.698,38.497,57.396,2
2023,"77",1,1.156,"Enil",1,"pinta",1.9,12.372,1.9,"Enil",0.0934367927578403,1,27.001,35.016,51.84192,1
2023,"77",1,1.156,"Enil",1,"pinta",1.9,12.372,1.9,"Enil",0.0934367927578403,1,27.001,35.016,51.84192,1
2023,"77",1,1.156,"Enil",1,"pinta",1.9,12.372,1.9,"Enil",0.0934367927578403,1,27.001,35.016,51.84192,1
2023,"77",1,1.156,"Enil",1,"pinta",1.9,12.372,1.9,"Enil",0.0934367927578403,1,27.001,35.016,51.84192,1
2023,"77",1,1.156,"Enil",1,"pinta",1.9,12.372,1.9,"Enil",0.0934367927578403,1,27.001,35.016,51.84192,1
2023,"77",1,1.156,"Enil",1,"pinta",1.9,12.372,1.9,"Enil",0.0934367927578403,1,27.001,35.016,51.84192,1
2023,"77",2,8.838,"Enil",1,"pinta",1.9,12.372,1.9,"Enil",0.714354995150339,1,27.001,35.016,51.84192,1
2023,"77",2,8.838,"Enil",1,"pinta",1.9,12.372,1.9,"Enil",0.714354995150339,1,27.001,35.016,51.84192,1
2023,"77",2,8.838,"Enil",1,"pinta",1.9,12.372,1.9,"Enil",0.714354995150339,1,27.001,35.016,51.84192,1
2023,"77",3,9.876,"Enil",1,"pinta",1.9,12.372,1.9,"Enil",0.798254122211445,1,27.001,35.016,51.84192,1
2023,"77",3,9.876,"Enil",1,"pinta",1.9,12.372,1.9,"Enil",0.798254122211445,1,27.001,35.016,51.84192,1
2023,"77",3,9.876,"Enil",1,"pinta",1.9,12.372,1.9,"Enil",0.798254122211445,1,27.001,35.016,51.84192,1
2023,"79",1,7.856,"Enil",1,"pinta",1.7,9.119,1.9,"Enil",0.861497971268779,0.894736842105263,36.865,55.823,68.93755,2
2023,"79",1,7.856,"Enil",1,"pinta",1.7,9.119,1.9,"Enil",0.861497971268779,0.894736842105263,36.865,55.823,68.93755,2
2023,"79",1,7.856,"Enil",1,"pinta",1.7,9.119,1.9,"Enil",0.861497971268779,0.894736842105263,36.865,55.823,68.93755,2
2023,"79",2,8.059,"Enil",1,"kolo",1.9,9.119,1.9,"Enil",0.883759184121066,1,36.865,55.823,68.93755,2
2023,"79",2,8.059,"Enil",1,"kolo",1.9,9.119,1.9,"Enil",0.883759184121066,1,36.865,55.823,68.93755,2
2023,"79",2,8.059,"Enil",1,"kolo",1.9,9.119,1.9,"Enil",0.883759184121066,1,36.865,55.823,68.93755,2
